filename,target_label,target_class_id,verified_label,verified_class_id,label_status,participant_id,session_id,utc_time,width,height,format,labels_sha256
"hangul_0000_20260928T104702860Z_237502ff.jpg","가",0,,,pending_review,"P001","S01","2026-09-28T10:47:02.8601362Z",64,64,jpeg,5c7b367099e48f200c3c060a0b938d70bc070ec50e93ec4f670a178007281fc5
"hangul_0001_20260928T104710673Z_cd73a1b4.jpg","각",1,,,pending_review,"P001","S01","2026-09-28T10:47:10.6733679Z",64,64,jpeg,5c7b367099e48f200c3c060a0b938d70bc070ec50e93ec4f670a178007281fc5
"hangul_0000_20260928T124506562Z_924b3686.jpg","가",0,,,pending_review,"P002","S01","2026-09-28T12:45:06.5628175Z",64,64,jpeg,5c7b367099e48f200c3c060a0b938d70bc070ec50e93ec4f670a178007281fc5
"hangul_0000_20260928T124526205Z_054b81d6.jpg","가",0,,,pending_review,"P002","S01","2026-09-28T12:45:26.2052606Z",64,64,jpeg,5c7b367099e48f200c3c060a0b938d70bc070ec50e93ec4f670a178007281fc5
"hangul_0001_20260928T124530534Z_ab8fd2f2.jpg","각",1,,,pending_review,"P002","S01","2026-09-28T12:45:30.5342351Z",64,64,jpeg,5c7b367099e48f200c3c060a0b938d70bc070ec50e93ec4f670a178007281fc5
"hangul_0001_20260928T124533666Z_faa833e8.jpg","각",1,,,pending_review,"P002","S01","2026-09-28T12:45:33.6661815Z",64,64,jpeg,5c7b367099e48f200c3c060a0b938d70bc070ec50e93ec4f670a178007281fc5
"hangul_0002_20260928T124548736Z_41a66819.jpg","간",2,,,pending_review,"P002","S01","2026-09-28T12:45:48.7360557Z",64,64,jpeg,5c7b367099e48f200c3c060a0b938d70bc070ec50e93ec4f670a178007281fc5
"hangul_0003_20260928T124553460Z_885b8293.jpg","갇",3,,,pending_review,"P002","S01","2026-09-28T12:45:53.4604645Z",64,64,jpeg,5c7b367099e48f200c3c060a0b938d70bc070ec50e93ec4f670a178007281fc5
"hangul_0004_20260928T124559678Z_5b110be6.jpg","갈",4,,,pending_review,"P002","S01","2026-09-28T12:45:59.6783593Z",64,64,jpeg,5c7b367099e48f200c3c060a0b938d70bc070ec50e93ec4f670a178007281fc5
"hangul_0005_20260928T124604536Z_19275587.jpg","갉",5,,,pending_review,"P002","S01","2026-09-28T12:46:04.5360003Z",64,64,jpeg,5c7b367099e48f200c3c060a0b938d70bc070ec50e93ec4f670a178007281fc5
"hangul_0006_20260928T124740862Z_5d3be83f.jpg","갊",6,,,pending_review,"P002","S01","2026-09-28T12:47:40.8629143Z",64,64,jpeg,5c7b367099e48f200c3c060a0b938d70bc070ec50e93ec4f670a178007281fc5
"hangul_0007_20260928T124745292Z_f35b575d.jpg","감",7,,,pending_review,"P002","S01","2026-09-28T12:47:45.2924794Z",64,64,jpeg,5c7b367099e48f200c3c060a0b938d70bc070ec50e93ec4f670a178007281fc5
"hangul_0008_20260928T124749895Z_9c71e75b.jpg","갑",8,,,pending_review,"P002","S01","2026-09-28T12:47:49.8950985Z",64,64,jpeg,5c7b367099e48f200c3c060a0b938d70bc070ec50e93ec4f670a178007281fc5
"hangul_0009_20260928T124756867Z_38a374a1.jpg","값",9,,,pending_review,"P002","S01","2026-09-28T12:47:56.8679056Z",64,64,jpeg,5c7b367099e48f200c3c060a0b938d70bc070ec50e93ec4f670a178007281fc5
"hangul_0010_20260928T124801106Z_8000a964.jpg","갓",10,,,pending_review,"P002","S01","2026-09-28T12:48:01.1068681Z",64,64,jpeg,5c7b367099e48f200c3c060a0b938d70bc070ec50e93ec4f670a178007281fc5
"hangul_0011_20260928T125456567Z_a73a51c0.jpg","갔",11,,,pending_review,"P002","S01","2026-09-28T12:54:56.5670159Z",64,64,jpeg,5c7b367099e48f200c3c060a0b938d70bc070ec50e93ec4f670a178007281fc5
"hangul_0012_20260928T125501369Z_a5e33035.jpg","강",12,,,pending_review,"P002","S01","2026-09-28T12:55:01.3695532Z",64,64,jpeg,5c7b367099e48f200c3c060a0b938d70bc070ec50e93ec4f670a178007281fc5
"hangul_0013_20260928T125508121Z_f6e8c0dd.jpg","갖",13,,,pending_review,"P002","S01","2026-09-28T12:55:08.1211935Z",64,64,jpeg,5c7b367099e48f200c3c060a0b938d70bc070ec50e93ec4f670a178007281fc5
"hangul_0014_20260928T125513459Z_bdb746be.jpg","갗",14,,,pending_review,"P002","S01","2026-09-28T12:55:13.4596182Z",64,64,jpeg,5c7b367099e48f200c3c060a0b938d70bc070ec50e93ec4f670a178007281fc5
"hangul_0015_20260928T125519492Z_e3c2f05e.jpg","같",15,,,pending_review,"P002","S01","2026-09-28T12:55:19.4920454Z",64,64,jpeg,5c7b367099e48f200c3c060a0b938d70bc070ec50e93ec4f670a178007281fc5
"hangul_0016_20260928T125524492Z_5d9bd8b4.jpg","갚",16,,,pending_review,"P002","S01","2026-09-28T12:55:24.4928739Z",64,64,jpeg,5c7b367099e48f200c3c060a0b938d70bc070ec50e93ec4f670a178007281fc5
"hangul_0017_20260928T125529706Z_6b300235.jpg","갛",17,,,pending_review,"P002","S01","2026-09-28T12:55:29.7068921Z",64,64,jpeg,5c7b367099e48f200c3c060a0b938d70bc070ec50e93ec4f670a178007281fc5
"hangul_0018_20260928T125533631Z_aafcaa81.jpg","개",18,,,pending_review,"P002","S01","2026-09-28T12:55:33.6318730Z",64,64,jpeg,5c7b367099e48f200c3c060a0b938d70bc070ec50e93ec4f670a178007281fc5
"hangul_0019_20260928T125537795Z_de102ca4.jpg","객",19,,,pending_review,"P002","S01","2026-09-28T12:55:37.7953766Z",64,64,jpeg,5c7b367099e48f200c3c060a0b938d70bc070ec50e93ec4f670a178007281fc5
"hangul_0020_20260928T125541958Z_cd6c2f2e.jpg","갠",20,,,pending_review,"P002","S01","2026-09-28T12:55:41.9582656Z",64,64,jpeg,5c7b367099e48f200c3c060a0b938d70bc070ec50e93ec4f670a178007281fc5
"hangul_0021_20260928T125546792Z_25f4c504.jpg","갤",21,,,pending_review,"P002","S01","2026-09-28T12:55:46.7925896Z",64,64,jpeg,5c7b367099e48f200c3c060a0b938d70bc070ec50e93ec4f670a178007281fc5
"hangul_0022_20260928T125552097Z_32bcd57e.jpg","갬",22,,,pending_review,"P002","S01","2026-09-28T12:55:52.0971412Z",64,64,jpeg,5c7b367099e48f200c3c060a0b938d70bc070ec50e93ec4f670a178007281fc5
"hangul_0023_20260928T125557288Z_2a42c651.jpg","갭",23,,,pending_review,"P002","S01","2026-09-28T12:55:57.2880628Z",64,64,jpeg,5c7b367099e48f200c3c060a0b938d70bc070ec50e93ec4f670a178007281fc5
"hangul_0024_20260928T125601694Z_38d6af98.jpg","갯",24,,,pending_review,"P002","S01","2026-09-28T12:56:01.6949613Z",64,64,jpeg,5c7b367099e48f200c3c060a0b938d70bc070ec50e93ec4f670a178007281fc5
"hangul_0025_20260928T125606835Z_bd61ea6b.jpg","갰",25,,,pending_review,"P002","S01","2026-09-28T12:56:06.8352921Z",64,64,jpeg,5c7b367099e48f200c3c060a0b938d70bc070ec50e93ec4f670a178007281fc5
"hangul_0026_20260928T125611466Z_6e011f62.jpg","갱",26,,,pending_review,"P002","S01","2026-09-28T12:56:11.4667502Z",64,64,jpeg,5c7b367099e48f200c3c060a0b938d70bc070ec50e93ec4f670a178007281fc5
"hangul_0027_20260928T125614996Z_20dc6e7d.jpg","갸",27,,,pending_review,"P002","S01","2026-09-28T12:56:14.9967890Z",64,64,jpeg,5c7b367099e48f200c3c060a0b938d70bc070ec50e93ec4f670a178007281fc5
"hangul_0028_20260928T125618923Z_58d95214.jpg","갹",28,,,pending_review,"P002","S01","2026-09-28T12:56:18.9237122Z",64,64,jpeg,5c7b367099e48f200c3c060a0b938d70bc070ec50e93ec4f670a178007281fc5
"hangul_0029_20260928T125622637Z_a102e1fe.jpg","갼",29,,,pending_review,"P002","S01","2026-09-28T12:56:22.6375295Z",64,64,jpeg,5c7b367099e48f200c3c060a0b938d70bc070ec50e93ec4f670a178007281fc5
"hangul_0030_20260928T125626850Z_a8a868c2.jpg","걀",30,,,pending_review,"P002","S01","2026-09-28T12:56:26.8506095Z",64,64,jpeg,5c7b367099e48f200c3c060a0b938d70bc070ec50e93ec4f670a178007281fc5
"hangul_0031_20260928T125631248Z_3222d4bd.jpg","걋",31,,,pending_review,"P002","S01","2026-09-28T12:56:31.2483547Z",64,64,jpeg,5c7b367099e48f200c3c060a0b938d70bc070ec50e93ec4f670a178007281fc5
"hangul_0032_20260928T125635190Z_b03b4732.jpg","걍",32,,,pending_review,"P002","S01","2026-09-28T12:56:35.1904512Z",64,64,jpeg,5c7b367099e48f200c3c060a0b938d70bc070ec50e93ec4f670a178007281fc5
"hangul_0033_20260928T125639264Z_9938eb08.jpg","걔",33,,,pending_review,"P002","S01","2026-09-28T12:56:39.2648526Z",64,64,jpeg,5c7b367099e48f200c3c060a0b938d70bc070ec50e93ec4f670a178007281fc5
"hangul_0034_20260928T125644592Z_3c96e47c.jpg","걘",34,,,pending_review,"P002","S01","2026-09-28T12:56:44.5928996Z",64,64,jpeg,5c7b367099e48f200c3c060a0b938d70bc070ec50e93ec4f670a178007281fc5
"hangul_0035_20260928T125649490Z_a89fe12e.jpg","걜",35,,,pending_review,"P002","S01","2026-09-28T12:56:49.4900371Z",64,64,jpeg,5c7b367099e48f200c3c060a0b938d70bc070ec50e93ec4f670a178007281fc5
"hangul_0036_20260928T125652645Z_0dec98c0.jpg","거",36,,,pending_review,"P002","S01","2026-09-28T12:56:52.6450463Z",64,64,jpeg,5c7b367099e48f200c3c060a0b938d70bc070ec50e93ec4f670a178007281fc5
"hangul_0036_20260928T125656583Z_813e9935.jpg","거",36,,,pending_review,"P002","S01","2026-09-28T12:56:56.5836746Z",64,64,jpeg,5c7b367099e48f200c3c060a0b938d70bc070ec50e93ec4f670a178007281fc5
"hangul_0037_20260928T125700486Z_505b2cea.jpg","걱",37,,,pending_review,"P002","S01","2026-09-28T12:57:00.4862978Z",64,64,jpeg,5c7b367099e48f200c3c060a0b938d70bc070ec50e93ec4f670a178007281fc5
"hangul_0038_20260928T125704056Z_50c0a038.jpg","건",38,,,pending_review,"P002","S01","2026-09-28T12:57:04.0563687Z",64,64,jpeg,5c7b367099e48f200c3c060a0b938d70bc070ec50e93ec4f670a178007281fc5
"hangul_0039_20260928T125707776Z_dd2b3c47.jpg","걷",39,,,pending_review,"P002","S01","2026-09-28T12:57:07.7766175Z",64,64,jpeg,5c7b367099e48f200c3c060a0b938d70bc070ec50e93ec4f670a178007281fc5
"hangul_0040_20260928T125711404Z_0b427fe4.jpg","걸",40,,,pending_review,"P002","S01","2026-09-28T12:57:11.4044245Z",64,64,jpeg,5c7b367099e48f200c3c060a0b938d70bc070ec50e93ec4f670a178007281fc5
"hangul_0041_20260928T125716832Z_cd92e70a.jpg","걺",41,,,pending_review,"P002","S01","2026-09-28T12:57:16.8322693Z",64,64,jpeg,5c7b367099e48f200c3c060a0b938d70bc070ec50e93ec4f670a178007281fc5
"hangul_0042_20260928T125720594Z_0618fe1c.jpg","검",42,,,pending_review,"P002","S01","2026-09-28T12:57:20.5946541Z",64,64,jpeg,5c7b367099e48f200c3c060a0b938d70bc070ec50e93ec4f670a178007281fc5
"hangul_0043_20260928T125724774Z_0f15626c.jpg","겁",43,,,pending_review,"P002","S01","2026-09-28T12:57:24.7746576Z",64,64,jpeg,5c7b367099e48f200c3c060a0b938d70bc070ec50e93ec4f670a178007281fc5
"hangul_0044_20260928T125728678Z_d805f257.jpg","것",44,,,pending_review,"P002","S01","2026-09-28T12:57:28.6780112Z",64,64,jpeg,5c7b367099e48f200c3c060a0b938d70bc070ec50e93ec4f670a178007281fc5
"hangul_0045_20260928T125732897Z_b6423b6f.jpg","겄",45,,,pending_review,"P002","S01","2026-09-28T12:57:32.8973446Z",64,64,jpeg,5c7b367099e48f200c3c060a0b938d70bc070ec50e93ec4f670a178007281fc5
"hangul_0046_20260928T125736601Z_2f62dcdb.jpg","겅",46,,,pending_review,"P002","S01","2026-09-28T12:57:36.6015220Z",64,64,jpeg,5c7b367099e48f200c3c060a0b938d70bc070ec50e93ec4f670a178007281fc5
"hangul_0047_20260928T125740989Z_98914907.jpg","겆",47,,,pending_review,"P002","S01","2026-09-28T12:57:40.9896747Z",64,64,jpeg,5c7b367099e48f200c3c060a0b938d70bc070ec50e93ec4f670a178007281fc5
"hangul_0048_20260928T125745088Z_d9be3e45.jpg","겉",48,,,pending_review,"P002","S01","2026-09-28T12:57:45.0883716Z",64,64,jpeg,5c7b367099e48f200c3c060a0b938d70bc070ec50e93ec4f670a178007281fc5
"hangul_0049_20260928T125749216Z_d20ac31b.jpg","겊",49,,,pending_review,"P002","S01","2026-09-28T12:57:49.2162989Z",64,64,jpeg,5c7b367099e48f200c3c060a0b938d70bc070ec50e93ec4f670a178007281fc5
"hangul_0054_20260928T173553161Z_f47491d5.jpg","겜",54,,,pending_review,"P002","S01","2026-09-28T17:35:53.1610353Z",64,64,jpeg,5c7b367099e48f200c3c060a0b938d70bc070ec50e93ec4f670a178007281fc5
"hangul_0053_20260928T180133372Z_a7834c81.jpg","겔",53,,,pending_review,"P002","S01","2026-09-28T18:01:33.3723468Z",64,64,jpeg,5c7b367099e48f200c3c060a0b938d70bc070ec50e93ec4f670a178007281fc5
"hangul_0054_20260928T180138848Z_fd38dae3.jpg","겜",54,,,pending_review,"P002","S01","2026-09-28T18:01:38.8489426Z",64,64,jpeg,5c7b367099e48f200c3c060a0b938d70bc070ec50e93ec4f670a178007281fc5
"hangul_0055_20260928T180144260Z_86583b11.jpg","겝",55,,,pending_review,"P002","S01","2026-09-28T18:01:44.2600637Z",64,64,jpeg,5c7b367099e48f200c3c060a0b938d70bc070ec50e93ec4f670a178007281fc5
"hangul_0056_20260928T180148866Z_7a2df5b4.jpg","겟",56,,,pending_review,"P002","S01","2026-09-28T18:01:48.8662995Z",64,64,jpeg,5c7b367099e48f200c3c060a0b938d70bc070ec50e93ec4f670a178007281fc5
"hangul_0056_20260928T180308028Z_177e22da.jpg","겟",56,,,pending_review,"P002","S01","2026-09-28T18:03:08.0284656Z",64,64,jpeg,5c7b367099e48f200c3c060a0b938d70bc070ec50e93ec4f670a178007281fc5
"hangul_0057_20260928T180317398Z_2585ca73.jpg","겠",57,,,pending_review,"P002","S01","2026-09-28T18:03:17.3986725Z",64,64,jpeg,5c7b367099e48f200c3c060a0b938d70bc070ec50e93ec4f670a178007281fc5
"hangul_0058_20260928T180321984Z_695df196.jpg","겡",58,,,pending_review,"P002","S01","2026-09-28T18:03:21.9843812Z",64,64,jpeg,5c7b367099e48f200c3c060a0b938d70bc070ec50e93ec4f670a178007281fc5
"hangul_0059_20260928T180325747Z_1a270943.jpg","겨",59,,,pending_review,"P002","S01","2026-09-28T18:03:25.7471528Z",64,64,jpeg,5c7b367099e48f200c3c060a0b938d70bc070ec50e93ec4f670a178007281fc5
"hangul_0060_20260928T180329666Z_f8801065.jpg","격",60,,,pending_review,"P002","S01","2026-09-28T18:03:29.6668781Z",64,64,jpeg,5c7b367099e48f200c3c060a0b938d70bc070ec50e93ec4f670a178007281fc5
"hangul_0061_20260928T180334091Z_ecb2fa0a.jpg","겪",61,,,pending_review,"P002","S01","2026-09-28T18:03:34.0910749Z",64,64,jpeg,5c7b367099e48f200c3c060a0b938d70bc070ec50e93ec4f670a178007281fc5
"hangul_0062_20260928T180337729Z_254b2594.jpg","견",62,,,pending_review,"P002","S01","2026-09-28T18:03:37.7297101Z",64,64,jpeg,5c7b367099e48f200c3c060a0b938d70bc070ec50e93ec4f670a178007281fc5
"hangul_0063_20260928T180342244Z_4753c92a.jpg","겯",63,,,pending_review,"P002","S01","2026-09-28T18:03:42.2440932Z",64,64,jpeg,5c7b367099e48f200c3c060a0b938d70bc070ec50e93ec4f670a178007281fc5
"hangul_0063_20260928T180537753Z_7e058cb2.jpg","겯",63,,,pending_review,"P002","S01","2026-09-28T18:05:37.7532904Z",64,64,jpeg,5c7b367099e48f200c3c060a0b938d70bc070ec50e93ec4f670a178007281fc5
"hangul_0064_20260928T180542615Z_bc6ab398.jpg","결",64,,,pending_review,"P002","S01","2026-09-28T18:05:42.6155970Z",64,64,jpeg,5c7b367099e48f200c3c060a0b938d70bc070ec50e93ec4f670a178007281fc5
"hangul_0065_20260928T180606163Z_00ceb0c6.jpg","겸",65,,,pending_review,"P002","S01","2026-09-28T18:06:06.1639656Z",64,64,jpeg,5c7b367099e48f200c3c060a0b938d70bc070ec50e93ec4f670a178007281fc5
"hangul_0066_20260928T180611031Z_979e57df.jpg","겹",66,,,pending_review,"P002","S01","2026-09-28T18:06:11.0314199Z",64,64,jpeg,5c7b367099e48f200c3c060a0b938d70bc070ec50e93ec4f670a178007281fc5
"hangul_0067_20260928T180615311Z_de0dba5a.jpg","겻",67,,,pending_review,"P002","S01","2026-09-28T18:06:15.3114566Z",64,64,jpeg,5c7b367099e48f200c3c060a0b938d70bc070ec50e93ec4f670a178007281fc5
"hangul_0067_20260928T180830479Z_09edc52f.jpg","겻",67,,,pending_review,"P002","S01","2026-09-28T18:08:30.4791135Z",64,64,jpeg,5c7b367099e48f200c3c060a0b938d70bc070ec50e93ec4f670a178007281fc5
"hangul_0068_20260928T180835707Z_a4108e98.jpg","겼",68,,,pending_review,"P002","S01","2026-09-28T18:08:35.7075709Z",64,64,jpeg,5c7b367099e48f200c3c060a0b938d70bc070ec50e93ec4f670a178007281fc5
"hangul_0068_20260928T181145531Z_b1c8d924.jpg","겼",68,,,pending_review,"P002","S01","2026-09-28T18:11:45.5314685Z",64,64,jpeg,5c7b367099e48f200c3c060a0b938d70bc070ec50e93ec4f670a178007281fc5
"hangul_0069_20260928T181149521Z_bf88fd6d.jpg","경",69,,,pending_review,"P002","S01","2026-09-28T18:11:49.5217974Z",64,64,jpeg,5c7b367099e48f200c3c060a0b938d70bc070ec50e93ec4f670a178007281fc5
"hangul_0070_20260928T181154121Z_4b7efe2a.jpg","곁",70,,,pending_review,"P002","S01","2026-09-28T18:11:54.1215368Z",64,64,jpeg,5c7b367099e48f200c3c060a0b938d70bc070ec50e93ec4f670a178007281fc5
"hangul_0071_20260928T181159398Z_a90d8f6c.jpg","계",71,,,pending_review,"P002","S01","2026-09-28T18:11:59.3986840Z",64,64,jpeg,5c7b367099e48f200c3c060a0b938d70bc070ec50e93ec4f670a178007281fc5
"hangul_0072_20260928T181203652Z_e993038f.jpg","곈",72,,,pending_review,"P002","S01","2026-09-28T18:12:03.6521924Z",64,64,jpeg,5c7b367099e48f200c3c060a0b938d70bc070ec50e93ec4f670a178007281fc5
"hangul_0073_20260928T181954281Z_b0a1b15e.jpg","곌",73,,,pending_review,"P002","S01","2026-09-28T18:19:54.2816727Z",64,64,jpeg,5c7b367099e48f200c3c060a0b938d70bc070ec50e93ec4f670a178007281fc5
"hangul_0074_20260928T182000616Z_fbeddf09.jpg","곕",74,,,pending_review,"P002","S01","2026-09-28T18:20:00.6167965Z",64,64,jpeg,5c7b367099e48f200c3c060a0b938d70bc070ec50e93ec4f670a178007281fc5
"hangul_0075_20260928T182005243Z_38920eaf.jpg","곗",75,,,pending_review,"P002","S01","2026-09-28T18:20:05.2433643Z",64,64,jpeg,5c7b367099e48f200c3c060a0b938d70bc070ec50e93ec4f670a178007281fc5
"hangul_0076_20260928T182008065Z_f0eb0710.jpg","고",76,,,pending_review,"P002","S01","2026-09-28T18:20:08.0650322Z",64,64,jpeg,5c7b367099e48f200c3c060a0b938d70bc070ec50e93ec4f670a178007281fc5
"hangul_0083_20260928T182014296Z_3b313f38.jpg","곯",83,,,pending_review,"P002","S01","2026-09-28T18:20:14.2968190Z",64,64,jpeg,5c7b367099e48f200c3c060a0b938d70bc070ec50e93ec4f670a178007281fc5
"hangul_0084_20260928T182018466Z_db814240.jpg","곰",84,,,pending_review,"P002","S01","2026-09-28T18:20:18.4669696Z",64,64,jpeg,5c7b367099e48f200c3c060a0b938d70bc070ec50e93ec4f670a178007281fc5
"hangul_0086_20260928T182023270Z_53af3d10.jpg","곳",86,,,pending_review,"P002","S01","2026-09-28T18:20:23.2707189Z",64,64,jpeg,5c7b367099e48f200c3c060a0b938d70bc070ec50e93ec4f670a178007281fc5
"hangul_0090_20260928T182028081Z_da3a839b.jpg","곽",90,,,pending_review,"P002","S01","2026-09-28T18:20:28.0814775Z",64,64,jpeg,5c7b367099e48f200c3c060a0b938d70bc070ec50e93ec4f670a178007281fc5
"hangul_0091_20260928T182032062Z_74bca622.jpg","관",91,,,pending_review,"P002","S01","2026-09-28T18:20:32.0628501Z",64,64,jpeg,5c7b367099e48f200c3c060a0b938d70bc070ec50e93ec4f670a178007281fc5
"hangul_0092_20260928T182036791Z_bde6ee26.jpg","괄",92,,,pending_review,"P002","S01","2026-09-28T18:20:36.7915266Z",64,64,jpeg,5c7b367099e48f200c3c060a0b938d70bc070ec50e93ec4f670a178007281fc5
"hangul_0093_20260928T182042759Z_0d7970d2.jpg","괆",93,,,pending_review,"P002","S01","2026-09-28T18:20:42.7596352Z",64,64,jpeg,5c7b367099e48f200c3c060a0b938d70bc070ec50e93ec4f670a178007281fc5
"hangul_0094_20260928T182047461Z_6e9a42a7.jpg","괌",94,,,pending_review,"P002","S01","2026-09-28T18:20:47.4615503Z",64,64,jpeg,5c7b367099e48f200c3c060a0b938d70bc070ec50e93ec4f670a178007281fc5
"hangul_0095_20260928T182052723Z_616731d7.jpg","괍",95,,,pending_review,"P002","S01","2026-09-28T18:20:52.7235764Z",64,64,jpeg,5c7b367099e48f200c3c060a0b938d70bc070ec50e93ec4f670a178007281fc5
"hangul_0096_20260928T182057361Z_6cc6b949.jpg","괏",96,,,pending_review,"P002","S01","2026-09-28T18:20:57.3617317Z",64,64,jpeg,5c7b367099e48f200c3c060a0b938d70bc070ec50e93ec4f670a178007281fc5
"hangul_0098_20260928T182124045Z_a9ec280d.jpg","괘",98,,,pending_review,"P002","S01","2026-09-28T18:21:24.0459126Z",64,64,jpeg,5c7b367099e48f200c3c060a0b938d70bc070ec50e93ec4f670a178007281fc5
"hangul_0099_20260928T182129179Z_fdf088da.jpg","괜",99,,,pending_review,"P002","S01","2026-09-28T18:21:29.1792517Z",64,64,jpeg,5c7b367099e48f200c3c060a0b938d70bc070ec50e93ec4f670a178007281fc5
"hangul_0100_20260928T182142130Z_6727f9a4.jpg","괠",100,,,pending_review,"P002","S01","2026-09-28T18:21:42.1302064Z",64,64,jpeg,5c7b367099e48f200c3c060a0b938d70bc070ec50e93ec4f670a178007281fc5
"hangul_0101_20260928T182148898Z_b32e6f56.jpg","괩",101,,,pending_review,"P002","S01","2026-09-28T18:21:48.8980364Z",64,64,jpeg,5c7b367099e48f200c3c060a0b938d70bc070ec50e93ec4f670a178007281fc5
"hangul_0102_20260928T182156311Z_a65756b5.jpg","괬",102,,,pending_review,"P002","S01","2026-09-28T18:21:56.3114723Z",64,64,jpeg,5c7b367099e48f200c3c060a0b938d70bc070ec50e93ec4f670a178007281fc5
"hangul_0103_20260928T182202100Z_8631c698.jpg","괭",103,,,pending_review,"P002","S01","2026-09-28T18:22:02.1004813Z",64,64,jpeg,5c7b367099e48f200c3c060a0b938d70bc070ec50e93ec4f670a178007281fc5
"hangul_0103_20260928T182218707Z_6f6bc2fc.jpg","괭",103,,,pending_review,"P002","S01","2026-09-28T18:22:18.7076412Z",64,64,jpeg,5c7b367099e48f200c3c060a0b938d70bc070ec50e93ec4f670a178007281fc5
"hangul_0104_20260928T182222101Z_84ab0c4a.jpg","괴",104,,,pending_review,"P002","S01","2026-09-28T18:22:22.1011819Z",64,64,jpeg,5c7b367099e48f200c3c060a0b938d70bc070ec50e93ec4f670a178007281fc5
"hangul_0107_20260928T182229183Z_ced3f992.jpg","괼",107,,,pending_review,"P002","S01","2026-09-28T18:22:29.1834624Z",64,64,jpeg,5c7b367099e48f200c3c060a0b938d70bc070ec50e93ec4f670a178007281fc5
"hangul_0108_20260928T182236281Z_a1d3bd31.jpg","굄",108,,,pending_review,"P002","S01","2026-09-28T18:22:36.2811112Z",64,64,jpeg,5c7b367099e48f200c3c060a0b938d70bc070ec50e93ec4f670a178007281fc5
"hangul_0108_20260928T182251406Z_c388f65a.jpg","굄",108,,,pending_review,"P002","S01","2026-09-28T18:22:51.4060543Z",64,64,jpeg,5c7b367099e48f200c3c060a0b938d70bc070ec50e93ec4f670a178007281fc5
"hangul_0109_20260928T182301804Z_078c9094.jpg","굅",109,,,pending_review,"P002","S01","2026-09-28T18:23:01.8040556Z",64,64,jpeg,5c7b367099e48f200c3c060a0b938d70bc070ec50e93ec4f670a178007281fc5
"hangul_0110_20260928T182307233Z_3721c89f.jpg","굇",110,,,pending_review,"P002","S01","2026-09-28T18:23:07.2336115Z",64,64,jpeg,5c7b367099e48f200c3c060a0b938d70bc070ec50e93ec4f670a178007281fc5
"hangul_0111_20260928T182312800Z_5b9d7846.jpg","굉",111,,,pending_review,"P002","S01","2026-09-28T18:23:12.8009840Z",64,64,jpeg,5c7b367099e48f200c3c060a0b938d70bc070ec50e93ec4f670a178007281fc5
"hangul_0112_20260928T182316786Z_a28c758b.jpg","교",112,,,pending_review,"P002","S01","2026-09-28T18:23:16.7867910Z",64,64,jpeg,5c7b367099e48f200c3c060a0b938d70bc070ec50e93ec4f670a178007281fc5
"hangul_0118_20260928T182321175Z_ec597385.jpg","국",118,,,pending_review,"P002","S01","2026-09-28T18:23:21.1757331Z",64,64,jpeg,5c7b367099e48f200c3c060a0b938d70bc070ec50e93ec4f670a178007281fc5
"hangul_0118_20260928T182347273Z_996d1e42.jpg","국",118,,,pending_review,"P002","S01","2026-09-28T18:23:47.2734795Z",64,64,jpeg,5c7b367099e48f200c3c060a0b938d70bc070ec50e93ec4f670a178007281fc5
"hangul_0122_20260928T182354428Z_b1abf55e.jpg","굵",122,,,pending_review,"P002","S01","2026-09-28T18:23:54.4289628Z",64,64,jpeg,5c7b367099e48f200c3c060a0b938d70bc070ec50e93ec4f670a178007281fc5
"hangul_0124_20260928T182410144Z_b60f24b4.jpg","굻",124,,,pending_review,"P002","S01","2026-09-28T18:24:10.1448567Z",64,64,jpeg,5c7b367099e48f200c3c060a0b938d70bc070ec50e93ec4f670a178007281fc5
"hangul_0126_20260928T182417247Z_0243ccb3.jpg","굽",126,,,pending_review,"P002","S01","2026-09-28T18:24:17.2479940Z",64,64,jpeg,5c7b367099e48f200c3c060a0b938d70bc070ec50e93ec4f670a178007281fc5
"hangul_0127_20260928T182423234Z_28a03c1a.jpg","굿",127,,,pending_review,"P002","S01","2026-09-28T18:24:23.2344553Z",64,64,jpeg,5c7b367099e48f200c3c060a0b938d70bc070ec50e93ec4f670a178007281fc5
"hangul_0128_20260928T182431619Z_fe52dd01.jpg","궁",128,,,pending_review,"P002","S01","2026-09-28T18:24:31.6192453Z",64,64,jpeg,5c7b367099e48f200c3c060a0b938d70bc070ec50e93ec4f670a178007281fc5
"hangul_0129_20260928T182435790Z_13f801b3.jpg","궂",129,,,pending_review,"P002","S01","2026-09-28T18:24:35.7903985Z",64,64,jpeg,5c7b367099e48f200c3c060a0b938d70bc070ec50e93ec4f670a178007281fc5
"hangul_0171_20260928T182454099Z_67b28674.jpg","까",171,,,pending_review,"P002","S01","2026-09-28T18:24:54.0994651Z",64,64,jpeg,5c7b367099e48f200c3c060a0b938d70bc070ec50e93ec4f670a178007281fc5
"hangul_0172_20260928T182458229Z_8024414d.jpg","깍",172,,,pending_review,"P002","S01","2026-09-28T18:24:58.2299144Z",64,64,jpeg,5c7b367099e48f200c3c060a0b938d70bc070ec50e93ec4f670a178007281fc5
"hangul_0173_20260928T182503102Z_fb582738.jpg","깎",173,,,pending_review,"P002","S01","2026-09-28T18:25:03.1025565Z",64,64,jpeg,5c7b367099e48f200c3c060a0b938d70bc070ec50e93ec4f670a178007281fc5
"hangul_0174_20260928T182506681Z_807e976b.jpg","깐",174,,,pending_review,"P002","S01","2026-09-28T18:25:06.6810776Z",64,64,jpeg,5c7b367099e48f200c3c060a0b938d70bc070ec50e93ec4f670a178007281fc5
"hangul_0181_20260928T182512011Z_84b9ce5d.jpg","깡",181,,,pending_review,"P002","S01","2026-09-28T18:25:12.0112715Z",64,64,jpeg,5c7b367099e48f200c3c060a0b938d70bc070ec50e93ec4f670a178007281fc5
"hangul_0182_20260928T182516312Z_06f8f707.jpg","깥",182,,,pending_review,"P002","S01","2026-09-28T18:25:16.3121637Z",64,64,jpeg,5c7b367099e48f200c3c060a0b938d70bc070ec50e93ec4f670a178007281fc5
"hangul_0183_20260928T182519866Z_b8ee11f8.jpg","깨",183,,,pending_review,"P002","S01","2026-09-28T18:25:19.8665188Z",64,64,jpeg,5c7b367099e48f200c3c060a0b938d70bc070ec50e93ec4f670a178007281fc5
"hangul_0203_20260928T182539943Z_9b38c2a0.jpg","껐",203,,,pending_review,"P002","S01","2026-09-28T18:25:39.9434557Z",64,64,jpeg,5c7b367099e48f200c3c060a0b938d70bc070ec50e93ec4f670a178007281fc5
"hangul_0204_20260928T182547315Z_bf2ddbdc.jpg","껑",204,,,pending_review,"P002","S01","2026-09-28T18:25:47.3150098Z",64,64,jpeg,5c7b367099e48f200c3c060a0b938d70bc070ec50e93ec4f670a178007281fc5
"hangul_0205_20260928T182555432Z_e523a1a9.jpg","께",205,,,pending_review,"P002","S01","2026-09-28T18:25:55.4324672Z",64,64,jpeg,5c7b367099e48f200c3c060a0b938d70bc070ec50e93ec4f670a178007281fc5
"hangul_0206_20260928T182602392Z_c0e605d1.jpg","껙",206,,,pending_review,"P002","S01","2026-09-28T18:26:02.3923393Z",64,64,jpeg,5c7b367099e48f200c3c060a0b938d70bc070ec50e93ec4f670a178007281fc5
"hangul_0207_20260928T182607333Z_794ece88.jpg","껜",207,,,pending_review,"P002","S01","2026-09-28T18:26:07.3339122Z",64,64,jpeg,5c7b367099e48f200c3c060a0b938d70bc070ec50e93ec4f670a178007281fc5
"hangul_0208_20260928T182612124Z_1c8543f1.jpg","껨",208,,,pending_review,"P002","S01","2026-09-28T18:26:12.1246394Z",64,64,jpeg,5c7b367099e48f200c3c060a0b938d70bc070ec50e93ec4f670a178007281fc5
"hangul_0223_20260928T182619329Z_fc61a09f.jpg","꼼",223,,,pending_review,"P002","S01","2026-09-28T18:26:19.3299310Z",64,64,jpeg,5c7b367099e48f200c3c060a0b938d70bc070ec50e93ec4f670a178007281fc5
"hangul_0228_20260928T182629346Z_8da28e8f.jpg","꽃",228,,,pending_review,"P002","S01","2026-09-28T18:26:29.3461017Z",64,64,jpeg,5c7b367099e48f200c3c060a0b938d70bc070ec50e93ec4f670a178007281fc5
"hangul_0229_20260928T182634026Z_b29c6180.jpg","꽈",229,,,pending_review,"P002","S01","2026-09-28T18:26:34.0260555Z",64,64,jpeg,5c7b367099e48f200c3c060a0b938d70bc070ec50e93ec4f670a178007281fc5
"hangul_0230_20260928T182656396Z_af5be2b5.jpg","꽉",230,,,pending_review,"P002","S01","2026-09-28T18:26:56.3965816Z",64,64,jpeg,5c7b367099e48f200c3c060a0b938d70bc070ec50e93ec4f670a178007281fc5
"hangul_0271_20260928T182707148Z_b95c37f1.jpg","끄",271,,,pending_review,"P002","S01","2026-09-28T18:27:07.1489677Z",64,64,jpeg,5c7b367099e48f200c3c060a0b938d70bc070ec50e93ec4f670a178007281fc5
"hangul_0272_20260928T182716026Z_34263087.jpg","끅",272,,,pending_review,"P002","S01","2026-09-28T18:27:16.0263212Z",64,64,jpeg,5c7b367099e48f200c3c060a0b938d70bc070ec50e93ec4f670a178007281fc5
"hangul_0273_20260928T182721781Z_37cc9cc7.jpg","끈",273,,,pending_review,"P002","S01","2026-09-28T18:27:21.7810886Z",64,64,jpeg,5c7b367099e48f200c3c060a0b938d70bc070ec50e93ec4f670a178007281fc5
"hangul_0275_20260928T182729484Z_c95139c0.jpg","끌",275,,,pending_review,"P002","S01","2026-09-28T18:27:29.4848972Z",64,64,jpeg,5c7b367099e48f200c3c060a0b938d70bc070ec50e93ec4f670a178007281fc5
"hangul_0282_20260928T182738040Z_04fd9509.jpg","끝",282,,,pending_review,"P002","S01","2026-09-28T18:27:38.0407901Z",64,64,jpeg,5c7b367099e48f200c3c060a0b938d70bc070ec50e93ec4f670a178007281fc5
"hangul_0283_20260928T182742209Z_bd0d037d.jpg","끼",283,,,pending_review,"P002","S01","2026-09-28T18:27:42.2097272Z",64,64,jpeg,5c7b367099e48f200c3c060a0b938d70bc070ec50e93ec4f670a178007281fc5
"hangul_0291_20260928T182750823Z_6b47b57c.jpg","나",291,,,pending_review,"P002","S01","2026-09-28T18:27:50.8239587Z",64,64,jpeg,5c7b367099e48f200c3c060a0b938d70bc070ec50e93ec4f670a178007281fc5
"hangul_0292_20260928T182757620Z_2e5e0f74.jpg","낙",292,,,pending_review,"P002","S01","2026-09-28T18:27:57.6204471Z",64,64,jpeg,5c7b367099e48f200c3c060a0b938d70bc070ec50e93ec4f670a178007281fc5
"hangul_0293_20260928T182801849Z_9fac4935.jpg","낚",293,,,pending_review,"P002","S01","2026-09-28T18:28:01.8494683Z",64,64,jpeg,5c7b367099e48f200c3c060a0b938d70bc070ec50e93ec4f670a178007281fc5
"hangul_0294_20260928T182839468Z_5ffb261f.jpg","난",294,,,pending_review,"P002","S01","2026-09-28T18:28:39.4688974Z",64,64,jpeg,5c7b367099e48f200c3c060a0b938d70bc070ec50e93ec4f670a178007281fc5
"hangul_0295_20260928T182843185Z_7704f8a9.jpg","낟",295,,,pending_review,"P002","S01","2026-09-28T18:28:43.1858854Z",64,64,jpeg,5c7b367099e48f200c3c060a0b938d70bc070ec50e93ec4f670a178007281fc5
"hangul_0296_20260928T182847497Z_272682f8.jpg","날",296,,,pending_review,"P002","S01","2026-09-28T18:28:47.4979801Z",64,64,jpeg,5c7b367099e48f200c3c060a0b938d70bc070ec50e93ec4f670a178007281fc5
"hangul_0297_20260928T182852487Z_5d21f473.jpg","낡",297,,,pending_review,"P002","S01","2026-09-28T18:28:52.4871966Z",64,64,jpeg,5c7b367099e48f200c3c060a0b938d70bc070ec50e93ec4f670a178007281fc5
"hangul_0298_20260928T182856754Z_28e377f9.jpg","낢",298,,,pending_review,"P002","S01","2026-09-28T18:28:56.7547057Z",64,64,jpeg,5c7b367099e48f200c3c060a0b938d70bc070ec50e93ec4f670a178007281fc5
"hangul_0299_20260928T182900103Z_3a84dd44.jpg","남",299,,,pending_review,"P002","S01","2026-09-28T18:29:00.1037028Z",64,64,jpeg,5c7b367099e48f200c3c060a0b938d70bc070ec50e93ec4f670a178007281fc5
"hangul_0300_20260928T182904203Z_28b9b527.jpg","납",300,,,pending_review,"P002","S01","2026-09-28T18:29:04.2038239Z",64,64,jpeg,5c7b367099e48f200c3c060a0b938d70bc070ec50e93ec4f670a178007281fc5
"hangul_0301_20260928T182907948Z_8dd6b04f.jpg","낫",301,,,pending_review,"P002","S01","2026-09-28T18:29:07.9481259Z",64,64,jpeg,5c7b367099e48f200c3c060a0b938d70bc070ec50e93ec4f670a178007281fc5
"hangul_0302_20260928T182931755Z_5149ed30.jpg","났",302,,,pending_review,"P002","S01","2026-09-28T18:29:31.7556612Z",64,64,jpeg,5c7b367099e48f200c3c060a0b938d70bc070ec50e93ec4f670a178007281fc5
"hangul_0303_20260928T182948040Z_d4bcbfed.jpg","낭",303,,,pending_review,"P002","S01","2026-09-28T18:29:48.0404826Z",64,64,jpeg,5c7b367099e48f200c3c060a0b938d70bc070ec50e93ec4f670a178007281fc5
"hangul_0304_20260928T182952186Z_40efaa42.jpg","낮",304,,,pending_review,"P002","S01","2026-09-28T18:29:52.1863559Z",64,64,jpeg,5c7b367099e48f200c3c060a0b938d70bc070ec50e93ec4f670a178007281fc5
"hangul_0305_20260928T182959953Z_e48721a6.jpg","낯",305,,,pending_review,"P002","S01","2026-09-28T18:29:59.9535381Z",64,64,jpeg,5c7b367099e48f200c3c060a0b938d70bc070ec50e93ec4f670a178007281fc5
"hangul_0306_20260928T183009735Z_71fe0cfc.jpg","낱",306,,,pending_review,"P002","S01","2026-09-28T18:30:09.7356234Z",64,64,jpeg,5c7b367099e48f200c3c060a0b938d70bc070ec50e93ec4f670a178007281fc5
"hangul_0307_20260928T183013952Z_0d8c5060.jpg","낳",307,,,pending_review,"P002","S01","2026-09-28T18:30:13.9522312Z",64,64,jpeg,5c7b367099e48f200c3c060a0b938d70bc070ec50e93ec4f670a178007281fc5
"hangul_0308_20260928T183017435Z_55991fb7.jpg","내",308,,,pending_review,"P002","S01","2026-09-28T18:30:17.4350162Z",64,64,jpeg,5c7b367099e48f200c3c060a0b938d70bc070ec50e93ec4f670a178007281fc5
"hangul_0309_20260928T183023786Z_0a77d457.jpg","낵",309,,,pending_review,"P002","S01","2026-09-28T18:30:23.7865599Z",64,64,jpeg,5c7b367099e48f200c3c060a0b938d70bc070ec50e93ec4f670a178007281fc5
"hangul_0317_20260928T183119923Z_ba32026f.jpg","냐",317,,,pending_review,"P002","S01","2026-09-28T18:31:19.9234495Z",64,64,jpeg,5c7b367099e48f200c3c060a0b938d70bc070ec50e93ec4f670a178007281fc5
"hangul_0318_20260928T183129711Z_ac49a500.jpg","냑",318,,,pending_review,"P002","S01","2026-09-28T18:31:29.7112576Z",64,64,jpeg,5c7b367099e48f200c3c060a0b938d70bc070ec50e93ec4f670a178007281fc5
"hangul_0320_20260928T183134647Z_94c0408f.jpg","냘",320,,,pending_review,"P002","S01","2026-09-28T18:31:34.6473388Z",64,64,jpeg,5c7b367099e48f200c3c060a0b938d70bc070ec50e93ec4f670a178007281fc5
"hangul_0322_20260928T183139317Z_35b7e8b8.jpg","냥",322,,,pending_review,"P002","S01","2026-09-28T18:31:39.3179312Z",64,64,jpeg,5c7b367099e48f200c3c060a0b938d70bc070ec50e93ec4f670a178007281fc5
"hangul_0323_20260928T183142132Z_671dee4f.jpg","너",323,,,pending_review,"P002","S01","2026-09-28T18:31:42.1323586Z",64,64,jpeg,5c7b367099e48f200c3c060a0b938d70bc070ec50e93ec4f670a178007281fc5
"hangul_0324_20260928T183145373Z_0f51597d.jpg","넉",324,,,pending_review,"P002","S01","2026-09-28T18:31:45.3739895Z",64,64,jpeg,5c7b367099e48f200c3c060a0b938d70bc070ec50e93ec4f670a178007281fc5
"hangul_0325_20260928T183203868Z_60635f65.jpg","넋",325,,,pending_review,"P002","S01","2026-09-28T18:32:03.8686247Z",64,64,jpeg,5c7b367099e48f200c3c060a0b938d70bc070ec50e93ec4f670a178007281fc5
"hangul_0326_20260928T183208630Z_be91b919.jpg","넌",326,,,pending_review,"P002","S01","2026-09-28T18:32:08.6304223Z",64,64,jpeg,5c7b367099e48f200c3c060a0b938d70bc070ec50e93ec4f670a178007281fc5
"hangul_0327_20260928T183212510Z_2ca7a6ae.jpg","널",327,,,pending_review,"P002","S01","2026-09-28T18:32:12.5100826Z",64,64,jpeg,5c7b367099e48f200c3c060a0b938d70bc070ec50e93ec4f670a178007281fc5
"hangul_0328_20260928T183217421Z_c8e6068c.jpg","넒",328,,,pending_review,"P002","S01","2026-09-28T18:32:17.4217714Z",64,64,jpeg,5c7b367099e48f200c3c060a0b938d70bc070ec50e93ec4f670a178007281fc5
"hangul_0329_20260928T183223626Z_4dfea2fa.jpg","넓",329,,,pending_review,"P002","S01","2026-09-28T18:32:23.6266013Z",64,64,jpeg,5c7b367099e48f200c3c060a0b938d70bc070ec50e93ec4f670a178007281fc5
"hangul_0330_20260928T183227786Z_5da5a123.jpg","넘",330,,,pending_review,"P002","S01","2026-09-28T18:32:27.7869748Z",64,64,jpeg,5c7b367099e48f200c3c060a0b938d70bc070ec50e93ec4f670a178007281fc5
"hangul_0331_20260928T183232202Z_acab6c12.jpg","넙",331,,,pending_review,"P002","S01","2026-09-28T18:32:32.2021122Z",64,64,jpeg,5c7b367099e48f200c3c060a0b938d70bc070ec50e93ec4f670a178007281fc5
"hangul_0332_20260928T183239294Z_2b670a6c.jpg","넛",332,,,pending_review,"P002","S01","2026-09-28T18:32:39.2941808Z",64,64,jpeg,5c7b367099e48f200c3c060a0b938d70bc070ec50e93ec4f670a178007281fc5
"hangul_0333_20260928T183243628Z_1e801c38.jpg","넜",333,,,pending_review,"P002","S01","2026-09-28T18:32:43.6285953Z",64,64,jpeg,5c7b367099e48f200c3c060a0b938d70bc070ec50e93ec4f670a178007281fc5
"hangul_0334_20260928T183250791Z_0bfdcfbf.jpg","넝",334,,,pending_review,"P002","S01","2026-09-28T18:32:50.7914545Z",64,64,jpeg,5c7b367099e48f200c3c060a0b938d70bc070ec50e93ec4f670a178007281fc5
"hangul_0335_20260928T183254661Z_87e2618f.jpg","넣",335,,,pending_review,"P002","S01","2026-09-28T18:32:54.6610971Z",64,64,jpeg,5c7b367099e48f200c3c060a0b938d70bc070ec50e93ec4f670a178007281fc5
"hangul_0336_20260928T183258030Z_630c992c.jpg","네",336,,,pending_review,"P002","S01","2026-09-28T18:32:58.0301674Z",64,64,jpeg,5c7b367099e48f200c3c060a0b938d70bc070ec50e93ec4f670a178007281fc5
"hangul_0337_20260928T183301745Z_df63c089.jpg","넥",337,,,pending_review,"P002","S01","2026-09-28T18:33:01.7455360Z",64,64,jpeg,5c7b367099e48f200c3c060a0b938d70bc070ec50e93ec4f670a178007281fc5
"hangul_0338_20260928T183307360Z_e7216378.jpg","넨",338,,,pending_review,"P002","S01","2026-09-28T18:33:07.3609698Z",64,64,jpeg,5c7b367099e48f200c3c060a0b938d70bc070ec50e93ec4f670a178007281fc5
"hangul_0339_20260928T183313247Z_74613c00.jpg","넬",339,,,pending_review,"P002","S01","2026-09-28T18:33:13.2479528Z",64,64,jpeg,5c7b367099e48f200c3c060a0b938d70bc070ec50e93ec4f670a178007281fc5
"hangul_0340_20260928T183321166Z_e446599b.jpg","넴",340,,,pending_review,"P002","S01","2026-09-28T18:33:21.1667173Z",64,64,jpeg,5c7b367099e48f200c3c060a0b938d70bc070ec50e93ec4f670a178007281fc5
"hangul_0341_20260928T183333059Z_ece796ef.jpg","넵",341,,,pending_review,"P002","S01","2026-09-28T18:33:33.0599938Z",64,64,jpeg,5c7b367099e48f200c3c060a0b938d70bc070ec50e93ec4f670a178007281fc5
"hangul_0342_20260928T183337493Z_c0de3209.jpg","넷",342,,,pending_review,"P002","S01","2026-09-28T18:33:37.4939583Z",64,64,jpeg,5c7b367099e48f200c3c060a0b938d70bc070ec50e93ec4f670a178007281fc5
"hangul_0343_20260928T183342706Z_6d5a7554.jpg","넸",343,,,pending_review,"P002","S01","2026-09-28T18:33:42.7062719Z",64,64,jpeg,5c7b367099e48f200c3c060a0b938d70bc070ec50e93ec4f670a178007281fc5
"hangul_0344_20260928T183346927Z_fea6fe26.jpg","넹",344,,,pending_review,"P002","S01","2026-09-28T18:33:46.9270198Z",64,64,jpeg,5c7b367099e48f200c3c060a0b938d70bc070ec50e93ec4f670a178007281fc5
"hangul_0345_20260928T183350232Z_9956ef73.jpg","녀",345,,,pending_review,"P002","S01","2026-09-28T18:33:50.2325854Z",64,64,jpeg,5c7b367099e48f200c3c060a0b938d70bc070ec50e93ec4f670a178007281fc5
"hangul_0346_20260928T183356729Z_e0f8389a.jpg","녁",346,,,pending_review,"P002","S01","2026-09-28T18:33:56.7290159Z",64,64,jpeg,5c7b367099e48f200c3c060a0b938d70bc070ec50e93ec4f670a178007281fc5
"hangul_0347_20260928T183400293Z_45f18ca5.jpg","년",347,,,pending_review,"P002","S01","2026-09-28T18:34:00.2936709Z",64,64,jpeg,5c7b367099e48f200c3c060a0b938d70bc070ec50e93ec4f670a178007281fc5
"hangul_0348_20260928T183404350Z_d05689d8.jpg","녈",348,,,pending_review,"P002","S01","2026-09-28T18:34:04.3505659Z",64,64,jpeg,5c7b367099e48f200c3c060a0b938d70bc070ec50e93ec4f670a178007281fc5
"hangul_0349_20260928T183408623Z_fc42148a.jpg","념",349,,,pending_review,"P002","S01","2026-09-28T18:34:08.6231595Z",64,64,jpeg,5c7b367099e48f200c3c060a0b938d70bc070ec50e93ec4f670a178007281fc5
"hangul_0351_20260928T183418489Z_031353ce.jpg","녔",351,,,pending_review,"P002","S01","2026-09-28T18:34:18.4898786Z",64,64,jpeg,5c7b367099e48f200c3c060a0b938d70bc070ec50e93ec4f670a178007281fc5
"hangul_0352_20260928T183422714Z_fa46093a.jpg","녕",352,,,pending_review,"P002","S01","2026-09-28T18:34:22.7149411Z",64,64,jpeg,5c7b367099e48f200c3c060a0b938d70bc070ec50e93ec4f670a178007281fc5
"hangul_0352_20260928T183438716Z_c8b4bddb.jpg","녕",352,,,pending_review,"P002","S01","2026-09-28T18:34:38.7161522Z",64,64,jpeg,5c7b367099e48f200c3c060a0b938d70bc070ec50e93ec4f670a178007281fc5
"hangul_0353_20260928T183451618Z_b136ce97.jpg","녘",353,,,pending_review,"P002","S01","2026-09-28T18:34:51.6186138Z",64,64,jpeg,5c7b367099e48f200c3c060a0b938d70bc070ec50e93ec4f670a178007281fc5
"hangul_0354_20260928T183455871Z_82df98d2.jpg","녜",354,,,pending_review,"P002","S01","2026-09-28T18:34:55.8710929Z",64,64,jpeg,5c7b367099e48f200c3c060a0b938d70bc070ec50e93ec4f670a178007281fc5
"hangul_0355_20260928T183506326Z_3e28140e.jpg","녠",355,,,pending_review,"P002","S01","2026-09-28T18:35:06.3267544Z",64,64,jpeg,5c7b367099e48f200c3c060a0b938d70bc070ec50e93ec4f670a178007281fc5
"hangul_0356_20260928T183510132Z_0b8b582f.jpg","노",356,,,pending_review,"P002","S01","2026-09-28T18:35:10.1324668Z",64,64,jpeg,5c7b367099e48f200c3c060a0b938d70bc070ec50e93ec4f670a178007281fc5
"hangul_0357_20260928T183515379Z_5759f00f.jpg","녹",357,,,pending_review,"P002","S01","2026-09-28T18:35:15.3794869Z",64,64,jpeg,5c7b367099e48f200c3c060a0b938d70bc070ec50e93ec4f670a178007281fc5
"hangul_0358_20260928T183521989Z_baa09c3b.jpg","논",358,,,pending_review,"P002","S01","2026-09-28T18:35:21.9896694Z",64,64,jpeg,5c7b367099e48f200c3c060a0b938d70bc070ec50e93ec4f670a178007281fc5
"hangul_0359_20260928T183527082Z_4bf919ff.jpg","놀",359,,,pending_review,"P002","S01","2026-09-28T18:35:27.0828246Z",64,64,jpeg,5c7b367099e48f200c3c060a0b938d70bc070ec50e93ec4f670a178007281fc5
"hangul_0360_20260928T183538697Z_ba9d1df0.jpg","놂",360,,,pending_review,"P002","S01","2026-09-28T18:35:38.6975165Z",64,64,jpeg,5c7b367099e48f200c3c060a0b938d70bc070ec50e93ec4f670a178007281fc5
"hangul_0361_20260928T183543065Z_71eb1e99.jpg","놈",361,,,pending_review,"P002","S01","2026-09-28T18:35:43.0651822Z",64,64,jpeg,5c7b367099e48f200c3c060a0b938d70bc070ec50e93ec4f670a178007281fc5
"hangul_0362_20260928T183548056Z_127a3661.jpg","놉",362,,,pending_review,"P002","S01","2026-09-28T18:35:48.0564780Z",64,64,jpeg,5c7b367099e48f200c3c060a0b938d70bc070ec50e93ec4f670a178007281fc5
"hangul_0363_20260928T183556859Z_25ecd2a5.jpg","놋",363,,,pending_review,"P002","S01","2026-09-28T18:35:56.8595507Z",64,64,jpeg,5c7b367099e48f200c3c060a0b938d70bc070ec50e93ec4f670a178007281fc5
"hangul_0364_20260928T183601764Z_bc36b7f4.jpg","농",364,,,pending_review,"P002","S01","2026-09-28T18:36:01.7640880Z",64,64,jpeg,5c7b367099e48f200c3c060a0b938d70bc070ec50e93ec4f670a178007281fc5
"hangul_0365_20260928T183606682Z_c246aa77.jpg","높",365,,,pending_review,"P002","S01","2026-09-28T18:36:06.6825777Z",64,64,jpeg,5c7b367099e48f200c3c060a0b938d70bc070ec50e93ec4f670a178007281fc5
"hangul_0366_20260928T183613775Z_0dde39af.jpg","놓",366,,,pending_review,"P002","S01","2026-09-28T18:36:13.7757950Z",64,64,jpeg,5c7b367099e48f200c3c060a0b938d70bc070ec50e93ec4f670a178007281fc5
"hangul_0367_20260928T183618474Z_7d13da11.jpg","놔",367,,,pending_review,"P002","S01","2026-09-28T18:36:18.4743084Z",64,64,jpeg,5c7b367099e48f200c3c060a0b938d70bc070ec50e93ec4f670a178007281fc5
"hangul_0368_20260928T183623432Z_9d162ecb.jpg","놘",368,,,pending_review,"P002","S01","2026-09-28T18:36:23.4321789Z",64,64,jpeg,5c7b367099e48f200c3c060a0b938d70bc070ec50e93ec4f670a178007281fc5
"hangul_0369_20260928T183638385Z_65c26345.jpg","놜",369,,,pending_review,"P002","S01","2026-09-28T18:36:38.3857008Z",64,64,jpeg,5c7b367099e48f200c3c060a0b938d70bc070ec50e93ec4f670a178007281fc5
"hangul_0369_20260928T183647850Z_44edd781.jpg","놜",369,,,pending_review,"P002","S01","2026-09-28T18:36:47.8503870Z",64,64,jpeg,5c7b367099e48f200c3c060a0b938d70bc070ec50e93ec4f670a178007281fc5
"hangul_0370_20260928T183653515Z_d8319f87.jpg","놨",370,,,pending_review,"P002","S01","2026-09-28T18:36:53.5156369Z",64,64,jpeg,5c7b367099e48f200c3c060a0b938d70bc070ec50e93ec4f670a178007281fc5
"hangul_0371_20260928T183657097Z_4b50d9f2.jpg","뇌",371,,,pending_review,"P002","S01","2026-09-28T18:36:57.0971848Z",64,64,jpeg,5c7b367099e48f200c3c060a0b938d70bc070ec50e93ec4f670a178007281fc5
"hangul_0372_20260928T183701329Z_9609340d.jpg","뇐",372,,,pending_review,"P002","S01","2026-09-28T18:37:01.3294080Z",64,64,jpeg,5c7b367099e48f200c3c060a0b938d70bc070ec50e93ec4f670a178007281fc5
"hangul_0373_20260928T183706503Z_bd1d5c80.jpg","뇔",373,,,pending_review,"P002","S01","2026-09-28T18:37:06.5036726Z",64,64,jpeg,5c7b367099e48f200c3c060a0b938d70bc070ec50e93ec4f670a178007281fc5
"hangul_0374_20260928T183712049Z_5590ee0f.jpg","뇜",374,,,pending_review,"P002","S01","2026-09-28T18:37:12.0491922Z",64,64,jpeg,5c7b367099e48f200c3c060a0b938d70bc070ec50e93ec4f670a178007281fc5
"hangul_0375_20260928T183716850Z_278843ea.jpg","뇝",375,,,pending_review,"P002","S01","2026-09-28T18:37:16.8502678Z",64,64,jpeg,5c7b367099e48f200c3c060a0b938d70bc070ec50e93ec4f670a178007281fc5
"hangul_0375_20260928T183725163Z_241f1b0e.jpg","뇝",375,,,pending_review,"P002","S01","2026-09-28T18:37:25.1634275Z",64,64,jpeg,5c7b367099e48f200c3c060a0b938d70bc070ec50e93ec4f670a178007281fc5
"hangul_0376_20260928T183730896Z_b17a36bc.jpg","뇟",376,,,pending_review,"P002","S01","2026-09-28T18:37:30.8962080Z",64,64,jpeg,5c7b367099e48f200c3c060a0b938d70bc070ec50e93ec4f670a178007281fc5
"hangul_0377_20260928T183739730Z_71ce9bdf.jpg","뇨",377,,,pending_review,"P002","S01","2026-09-28T18:37:39.7301881Z",64,64,jpeg,5c7b367099e48f200c3c060a0b938d70bc070ec50e93ec4f670a178007281fc5
"hangul_0378_20260928T183747597Z_54288175.jpg","뇩",378,,,pending_review,"P002","S01","2026-09-28T18:37:47.5978406Z",64,64,jpeg,5c7b367099e48f200c3c060a0b938d70bc070ec50e93ec4f670a178007281fc5
"hangul_0379_20260928T183802062Z_79c41771.jpg","뇬",379,,,pending_review,"P002","S01","2026-09-28T18:38:02.0622063Z",64,64,jpeg,5c7b367099e48f200c3c060a0b938d70bc070ec50e93ec4f670a178007281fc5
"hangul_0380_20260928T183807397Z_c570ca00.jpg","뇰",380,,,pending_review,"P002","S01","2026-09-28T18:38:07.3975619Z",64,64,jpeg,5c7b367099e48f200c3c060a0b938d70bc070ec50e93ec4f670a178007281fc5
"hangul_0381_20260928T183812597Z_ab851518.jpg","뇹",381,,,pending_review,"P002","S01","2026-09-28T18:38:12.5978396Z",64,64,jpeg,5c7b367099e48f200c3c060a0b938d70bc070ec50e93ec4f670a178007281fc5
"hangul_0382_20260928T183822962Z_6e0ce1fe.jpg","뇻",382,,,pending_review,"P002","S01","2026-09-28T18:38:22.9627223Z",64,64,jpeg,5c7b367099e48f200c3c060a0b938d70bc070ec50e93ec4f670a178007281fc5
"hangul_0383_20260928T183842678Z_d626d239.jpg","뇽",383,,,pending_review,"P002","S01","2026-09-28T18:38:42.6782269Z",64,64,jpeg,5c7b367099e48f200c3c060a0b938d70bc070ec50e93ec4f670a178007281fc5
"hangul_0393_20260928T184010306Z_50733de5.jpg","눠",393,,,pending_review,"P003","S01","2026-09-28T18:40:10.3066729Z",64,64,jpeg,5c7b367099e48f200c3c060a0b938d70bc070ec50e93ec4f670a178007281fc5
"hangul_0394_20260928T184016016Z_53afafc3.jpg","눴",394,,,pending_review,"P003","S01","2026-09-28T18:40:16.0169569Z",64,64,jpeg,5c7b367099e48f200c3c060a0b938d70bc070ec50e93ec4f670a178007281fc5
"hangul_0395_20260928T184020646Z_0939ee6b.jpg","눼",395,,,pending_review,"P003","S01","2026-09-28T18:40:20.6469821Z",64,64,jpeg,5c7b367099e48f200c3c060a0b938d70bc070ec50e93ec4f670a178007281fc5
"hangul_0396_20260928T184023847Z_6e5d6332.jpg","뉘",396,,,pending_review,"P003","S01","2026-09-28T18:40:23.8472125Z",64,64,jpeg,5c7b367099e48f200c3c060a0b938d70bc070ec50e93ec4f670a178007281fc5
"hangul_0397_20260928T184030967Z_850fdedd.jpg","뉜",397,,,pending_review,"P003","S01","2026-09-28T18:40:30.9677790Z",64,64,jpeg,5c7b367099e48f200c3c060a0b938d70bc070ec50e93ec4f670a178007281fc5
"hangul_0398_20260928T184037826Z_7ccf094d.jpg","뉠",398,,,pending_review,"P003","S01","2026-09-28T18:40:37.8267967Z",64,64,jpeg,5c7b367099e48f200c3c060a0b938d70bc070ec50e93ec4f670a178007281fc5
"hangul_0399_20260928T184044577Z_e9ed7d23.jpg","뉨",399,,,pending_review,"P003","S01","2026-09-28T18:40:44.5773120Z",64,64,jpeg,5c7b367099e48f200c3c060a0b938d70bc070ec50e93ec4f670a178007281fc5
"hangul_0400_20260928T184053719Z_50320041.jpg","뉩",400,,,pending_review,"P003","S01","2026-09-28T18:40:53.7191491Z",64,64,jpeg,5c7b367099e48f200c3c060a0b938d70bc070ec50e93ec4f670a178007281fc5
"hangul_0401_20260928T184059914Z_66f5e154.jpg","뉴",401,,,pending_review,"P003","S01","2026-09-28T18:40:59.9140012Z",64,64,jpeg,5c7b367099e48f200c3c060a0b938d70bc070ec50e93ec4f670a178007281fc5
"hangul_0402_20260928T184104297Z_8902544c.jpg","뉵",402,,,pending_review,"P003","S01","2026-09-28T18:41:04.2975085Z",64,64,jpeg,5c7b367099e48f200c3c060a0b938d70bc070ec50e93ec4f670a178007281fc5
"hangul_0403_20260928T184109250Z_dd9173e4.jpg","뉼",403,,,pending_review,"P003","S01","2026-09-28T18:41:09.2500269Z",64,64,jpeg,5c7b367099e48f200c3c060a0b938d70bc070ec50e93ec4f670a178007281fc5
"hangul_0404_20260928T184114013Z_ed236e58.jpg","늄",404,,,pending_review,"P003","S01","2026-09-28T18:41:14.0135875Z",64,64,jpeg,5c7b367099e48f200c3c060a0b938d70bc070ec50e93ec4f670a178007281fc5
"hangul_0404_20260928T184245951Z_626c44d8.jpg","늄",404,,,pending_review,"P003","S01","2026-09-28T18:42:45.9511748Z",64,64,jpeg,5c7b367099e48f200c3c060a0b938d70bc070ec50e93ec4f670a178007281fc5
"hangul_0406_20260928T184251387Z_2844d9a4.jpg","늉",406,,,pending_review,"P003","S01","2026-09-28T18:42:51.3873866Z",64,64,jpeg,5c7b367099e48f200c3c060a0b938d70bc070ec50e93ec4f670a178007281fc5
"hangul_0407_20260928T184254194Z_bc9b7053.jpg","느",407,,,pending_review,"P003","S01","2026-09-28T18:42:54.1949119Z",64,64,jpeg,5c7b367099e48f200c3c060a0b938d70bc070ec50e93ec4f670a178007281fc5
"hangul_0408_20260928T184257015Z_deb29550.jpg","늑",408,,,pending_review,"P003","S01","2026-09-28T18:42:57.0158454Z",64,64,jpeg,5c7b367099e48f200c3c060a0b938d70bc070ec50e93ec4f670a178007281fc5
"hangul_0409_20260928T184259902Z_ce0f7891.jpg","는",409,,,pending_review,"P003","S01","2026-09-28T18:42:59.9029502Z",64,64,jpeg,5c7b367099e48f200c3c060a0b938d70bc070ec50e93ec4f670a178007281fc5
"hangul_0410_20260928T184302969Z_96e92a89.jpg","늘",410,,,pending_review,"P003","S01","2026-09-28T18:43:02.9697062Z",64,64,jpeg,5c7b367099e48f200c3c060a0b938d70bc070ec50e93ec4f670a178007281fc5
"hangul_0411_20260928T184334189Z_233b15d0.jpg","늙",411,,,pending_review,"P003","S01","2026-09-28T18:43:34.1896542Z",64,64,jpeg,5c7b367099e48f200c3c060a0b938d70bc070ec50e93ec4f670a178007281fc5
"hangul_0412_20260928T184341315Z_fb6e3e21.jpg","늚",412,,,pending_review,"P003","S01","2026-09-28T18:43:41.3158405Z",64,64,jpeg,5c7b367099e48f200c3c060a0b938d70bc070ec50e93ec4f670a178007281fc5
"hangul_0413_20260928T184345024Z_24c7f2d0.jpg","늠",413,,,pending_review,"P003","S01","2026-09-28T18:43:45.0240857Z",64,64,jpeg,5c7b367099e48f200c3c060a0b938d70bc070ec50e93ec4f670a178007281fc5
"hangul_0414_20260928T184349098Z_c199d28a.jpg","늡",414,,,pending_review,"P003","S01","2026-09-28T18:43:49.0986562Z",64,64,jpeg,5c7b367099e48f200c3c060a0b938d70bc070ec50e93ec4f670a178007281fc5
"hangul_0415_20260928T184352884Z_3ff8aae4.jpg","늣",415,,,pending_review,"P003","S01","2026-09-28T18:43:52.8843833Z",64,64,jpeg,5c7b367099e48f200c3c060a0b938d70bc070ec50e93ec4f670a178007281fc5
"hangul_0416_20260928T184356435Z_7d7ae5f5.jpg","능",416,,,pending_review,"P003","S01","2026-09-28T18:43:56.4355879Z",64,64,jpeg,5c7b367099e48f200c3c060a0b938d70bc070ec50e93ec4f670a178007281fc5
"hangul_0417_20260928T184359930Z_4a408c64.jpg","늦",417,,,pending_review,"P003","S01","2026-09-28T18:43:59.9306408Z",64,64,jpeg,5c7b367099e48f200c3c060a0b938d70bc070ec50e93ec4f670a178007281fc5
"hangul_0418_20260928T184409102Z_4e6d3cc7.jpg","늪",418,,,pending_review,"P003","S01","2026-09-28T18:44:09.1026502Z",64,64,jpeg,5c7b367099e48f200c3c060a0b938d70bc070ec50e93ec4f670a178007281fc5
"hangul_0419_20260928T184412473Z_223d5ac6.jpg","늬",419,,,pending_review,"P003","S01","2026-09-28T18:44:12.4731505Z",64,64,jpeg,5c7b367099e48f200c3c060a0b938d70bc070ec50e93ec4f670a178007281fc5
"hangul_0420_20260928T184416299Z_b3ea5426.jpg","늰",420,,,pending_review,"P003","S01","2026-09-28T18:44:16.2994546Z",64,64,jpeg,5c7b367099e48f200c3c060a0b938d70bc070ec50e93ec4f670a178007281fc5
"hangul_0421_20260928T184420303Z_2e9748a9.jpg","늴",421,,,pending_review,"P003","S01","2026-09-28T18:44:20.3032026Z",64,64,jpeg,5c7b367099e48f200c3c060a0b938d70bc070ec50e93ec4f670a178007281fc5
"hangul_0422_20260928T184424249Z_035f0380.jpg","니",422,,,pending_review,"P003","S01","2026-09-28T18:44:24.2493437Z",64,64,jpeg,5c7b367099e48f200c3c060a0b938d70bc070ec50e93ec4f670a178007281fc5
"hangul_0423_20260928T184427510Z_d2599283.jpg","닉",423,,,pending_review,"P003","S01","2026-09-28T18:44:27.5100527Z",64,64,jpeg,5c7b367099e48f200c3c060a0b938d70bc070ec50e93ec4f670a178007281fc5
"hangul_0424_20260928T184436931Z_319f7ba8.jpg","닌",424,,,pending_review,"P003","S01","2026-09-28T18:44:36.9312748Z",64,64,jpeg,5c7b367099e48f200c3c060a0b938d70bc070ec50e93ec4f670a178007281fc5
"hangul_0425_20260928T184441135Z_f8357e08.jpg","닐",425,,,pending_review,"P003","S01","2026-09-28T18:44:41.1357678Z",64,64,jpeg,5c7b367099e48f200c3c060a0b938d70bc070ec50e93ec4f670a178007281fc5
"hangul_0426_20260928T184445758Z_c895cf4b.jpg","닒",426,,,pending_review,"P003","S01","2026-09-28T18:44:45.7586548Z",64,64,jpeg,5c7b367099e48f200c3c060a0b938d70bc070ec50e93ec4f670a178007281fc5
"hangul_0427_20260928T184451113Z_1aca2e7e.jpg","님",427,,,pending_review,"P003","S01","2026-09-28T18:44:51.1138526Z",64,64,jpeg,5c7b367099e48f200c3c060a0b938d70bc070ec50e93ec4f670a178007281fc5
"hangul_0428_20260928T184455483Z_edd30232.jpg","닙",428,,,pending_review,"P003","S01","2026-09-28T18:44:55.4834226Z",64,64,jpeg,5c7b367099e48f200c3c060a0b938d70bc070ec50e93ec4f670a178007281fc5
"hangul_0429_20260928T184501309Z_9f7f3eb9.jpg","닛",429,,,pending_review,"P003","S01","2026-09-28T18:45:01.3091348Z",64,64,jpeg,5c7b367099e48f200c3c060a0b938d70bc070ec50e93ec4f670a178007281fc5
"hangul_0430_20260928T184504703Z_9d98b7f8.jpg","닝",430,,,pending_review,"P003","S01","2026-09-28T18:45:04.7039264Z",64,64,jpeg,5c7b367099e48f200c3c060a0b938d70bc070ec50e93ec4f670a178007281fc5
"hangul_0432_20260928T184509241Z_cfb7013d.jpg","다",432,,,pending_review,"P003","S01","2026-09-28T18:45:09.2410635Z",64,64,jpeg,5c7b367099e48f200c3c060a0b938d70bc070ec50e93ec4f670a178007281fc5
"hangul_0433_20260928T184513005Z_723c2db7.jpg","닥",433,,,pending_review,"P003","S01","2026-09-28T18:45:13.0059020Z",64,64,jpeg,5c7b367099e48f200c3c060a0b938d70bc070ec50e93ec4f670a178007281fc5
"hangul_0434_20260928T184517388Z_3b0b6426.jpg","닦",434,,,pending_review,"P003","S01","2026-09-28T18:45:17.3883663Z",64,64,jpeg,5c7b367099e48f200c3c060a0b938d70bc070ec50e93ec4f670a178007281fc5
"hangul_0435_20260928T184521545Z_84354fc6.jpg","단",435,,,pending_review,"P003","S01","2026-09-28T18:45:21.5454746Z",64,64,jpeg,5c7b367099e48f200c3c060a0b938d70bc070ec50e93ec4f670a178007281fc5
"hangul_0436_20260928T184525181Z_b1ff9822.jpg","닫",436,,,pending_review,"P003","S01","2026-09-28T18:45:25.1814639Z",64,64,jpeg,5c7b367099e48f200c3c060a0b938d70bc070ec50e93ec4f670a178007281fc5
"hangul_0437_20260928T184529117Z_c3e2589d.jpg","달",437,,,pending_review,"P003","S01","2026-09-28T18:45:29.1175661Z",64,64,jpeg,5c7b367099e48f200c3c060a0b938d70bc070ec50e93ec4f670a178007281fc5
"hangul_0438_20260928T184534440Z_704f2a2c.jpg","닭",438,,,pending_review,"P003","S01","2026-09-28T18:45:34.4409361Z",64,64,jpeg,5c7b367099e48f200c3c060a0b938d70bc070ec50e93ec4f670a178007281fc5
"hangul_0439_20260928T184540177Z_9d96c953.jpg","닮",439,,,pending_review,"P003","S01","2026-09-28T18:45:40.1773766Z",64,64,jpeg,5c7b367099e48f200c3c060a0b938d70bc070ec50e93ec4f670a178007281fc5
"hangul_0440_20260928T184545587Z_b5f9c0c3.jpg","닯",440,,,pending_review,"P003","S01","2026-09-28T18:45:45.5871766Z",64,64,jpeg,5c7b367099e48f200c3c060a0b938d70bc070ec50e93ec4f670a178007281fc5
"hangul_0441_20260928T184551686Z_fafdc442.jpg","닳",441,,,pending_review,"P003","S01","2026-09-28T18:45:51.6866601Z",64,64,jpeg,5c7b367099e48f200c3c060a0b938d70bc070ec50e93ec4f670a178007281fc5
"hangul_0442_20260928T184556173Z_6d768308.jpg","담",442,,,pending_review,"P003","S01","2026-09-28T18:45:56.1731584Z",64,64,jpeg,5c7b367099e48f200c3c060a0b938d70bc070ec50e93ec4f670a178007281fc5
"hangul_0443_20260928T184601201Z_7870412a.jpg","답",443,,,pending_review,"P003","S01","2026-09-28T18:46:01.2017010Z",64,64,jpeg,5c7b367099e48f200c3c060a0b938d70bc070ec50e93ec4f670a178007281fc5
"hangul_0444_20260928T184606437Z_fae2b4fb.jpg","닷",444,,,pending_review,"P003","S01","2026-09-28T18:46:06.4370954Z",64,64,jpeg,5c7b367099e48f200c3c060a0b938d70bc070ec50e93ec4f670a178007281fc5
"hangul_0445_20260928T184610698Z_c1cca152.jpg","닸",445,,,pending_review,"P003","S01","2026-09-28T18:46:10.6984284Z",64,64,jpeg,5c7b367099e48f200c3c060a0b938d70bc070ec50e93ec4f670a178007281fc5
"hangul_0446_20260928T184614405Z_52b28db7.jpg","당",446,,,pending_review,"P003","S01","2026-09-28T18:46:14.4056201Z",64,64,jpeg,5c7b367099e48f200c3c060a0b938d70bc070ec50e93ec4f670a178007281fc5
"hangul_0447_20260928T184618204Z_1ad8fab8.jpg","닺",447,,,pending_review,"P003","S01","2026-09-28T18:46:18.2044960Z",64,64,jpeg,5c7b367099e48f200c3c060a0b938d70bc070ec50e93ec4f670a178007281fc5
"hangul_0448_20260928T184622498Z_2d136f1d.jpg","닻",448,,,pending_review,"P003","S01","2026-09-28T18:46:22.4981239Z",64,64,jpeg,5c7b367099e48f200c3c060a0b938d70bc070ec50e93ec4f670a178007281fc5
"hangul_0449_20260928T184626982Z_4593a8bb.jpg","닿",449,,,pending_review,"P003","S01","2026-09-28T18:46:26.9826955Z",64,64,jpeg,5c7b367099e48f200c3c060a0b938d70bc070ec50e93ec4f670a178007281fc5
"hangul_0450_20260928T184630216Z_198f46db.jpg","대",450,,,pending_review,"P003","S01","2026-09-28T18:46:30.2166039Z",64,64,jpeg,5c7b367099e48f200c3c060a0b938d70bc070ec50e93ec4f670a178007281fc5
"hangul_0451_20260928T184654744Z_0efe9d1a.jpg","댁",451,,,pending_review,"P003","S01","2026-09-28T18:46:54.7443403Z",64,64,jpeg,5c7b367099e48f200c3c060a0b938d70bc070ec50e93ec4f670a178007281fc5
"hangul_0452_20260928T184701479Z_96278a3c.jpg","댄",452,,,pending_review,"P003","S01","2026-09-28T18:47:01.4790864Z",64,64,jpeg,5c7b367099e48f200c3c060a0b938d70bc070ec50e93ec4f670a178007281fc5
"hangul_0453_20260928T184722023Z_4c6e5865.jpg","댈",453,,,pending_review,"P003","S01","2026-09-28T18:47:22.0235790Z",64,64,jpeg,5c7b367099e48f200c3c060a0b938d70bc070ec50e93ec4f670a178007281fc5
"hangul_0454_20260928T184727982Z_50f272dc.jpg","댐",454,,,pending_review,"P003","S01","2026-09-28T18:47:27.9823211Z",64,64,jpeg,5c7b367099e48f200c3c060a0b938d70bc070ec50e93ec4f670a178007281fc5
"hangul_0454_20260928T184747112Z_5c16c2bf.jpg","댐",454,,,pending_review,"P003","S01","2026-09-28T18:47:47.1129684Z",64,64,jpeg,5c7b367099e48f200c3c060a0b938d70bc070ec50e93ec4f670a178007281fc5
"hangul_0455_20260928T184756297Z_7bd929e1.jpg","댑",455,,,pending_review,"P003","S01","2026-09-28T18:47:56.2977555Z",64,64,jpeg,5c7b367099e48f200c3c060a0b938d70bc070ec50e93ec4f670a178007281fc5
"hangul_0456_20260928T184801519Z_421672aa.jpg","댓",456,,,pending_review,"P003","S01","2026-09-28T18:48:01.5194837Z",64,64,jpeg,5c7b367099e48f200c3c060a0b938d70bc070ec50e93ec4f670a178007281fc5
"hangul_0456_20260928T184822589Z_503cd558.jpg","댓",456,,,pending_review,"P003","S01","2026-09-28T18:48:22.5898798Z",64,64,jpeg,5c7b367099e48f200c3c060a0b938d70bc070ec50e93ec4f670a178007281fc5
"hangul_0457_20260928T184827453Z_b636c531.jpg","댔",457,,,pending_review,"P003","S01","2026-09-28T18:48:27.4534518Z",64,64,jpeg,5c7b367099e48f200c3c060a0b938d70bc070ec50e93ec4f670a178007281fc5
"hangul_0458_20260928T184832167Z_84398f05.jpg","댕",458,,,pending_review,"P003","S01","2026-09-28T18:48:32.1671865Z",64,64,jpeg,5c7b367099e48f200c3c060a0b938d70bc070ec50e93ec4f670a178007281fc5
"hangul_0459_20260928T184843599Z_44e0fd94.jpg","댜",459,,,pending_review,"P003","S01","2026-09-28T18:48:43.5993947Z",64,64,jpeg,5c7b367099e48f200c3c060a0b938d70bc070ec50e93ec4f670a178007281fc5
"hangul_0460_20260928T184847231Z_b90f2d6d.jpg","더",460,,,pending_review,"P003","S01","2026-09-28T18:48:47.2313022Z",64,64,jpeg,5c7b367099e48f200c3c060a0b938d70bc070ec50e93ec4f670a178007281fc5
"hangul_0461_20260928T184852964Z_7d4d21b5.jpg","덕",461,,,pending_review,"P003","S01","2026-09-28T18:48:52.9648473Z",64,64,jpeg,5c7b367099e48f200c3c060a0b938d70bc070ec50e93ec4f670a178007281fc5
"hangul_0462_20260928T184857620Z_073d7c76.jpg","덖",462,,,pending_review,"P003","S01","2026-09-28T18:48:57.6203882Z",64,64,jpeg,5c7b367099e48f200c3c060a0b938d70bc070ec50e93ec4f670a178007281fc5
"hangul_0463_20260928T184901291Z_ab9f2c17.jpg","던",463,,,pending_review,"P003","S01","2026-09-28T18:49:01.2914973Z",64,64,jpeg,5c7b367099e48f200c3c060a0b938d70bc070ec50e93ec4f670a178007281fc5
"hangul_0464_20260928T184911536Z_ce8a54e0.jpg","덛",464,,,pending_review,"P003","S01","2026-09-28T18:49:11.5364791Z",64,64,jpeg,5c7b367099e48f200c3c060a0b938d70bc070ec50e93ec4f670a178007281fc5
"hangul_0465_20260928T184916619Z_8caa70c7.jpg","덜",465,,,pending_review,"P003","S01","2026-09-28T18:49:16.6194350Z",64,64,jpeg,5c7b367099e48f200c3c060a0b938d70bc070ec50e93ec4f670a178007281fc5
"hangul_0466_20260928T185049217Z_8f119dd3.jpg","덞",466,,,pending_review,"P003","S01","2026-09-28T18:50:49.2176236Z",64,64,jpeg,5c7b367099e48f200c3c060a0b938d70bc070ec50e93ec4f670a178007281fc5
"hangul_0467_20260928T185055878Z_22c518bf.jpg","덟",467,,,pending_review,"P003","S01","2026-09-28T18:50:55.8787354Z",64,64,jpeg,5c7b367099e48f200c3c060a0b938d70bc070ec50e93ec4f670a178007281fc5
"hangul_0468_20260928T185100774Z_dc3fab3e.jpg","덤",468,,,pending_review,"P003","S01","2026-09-28T18:51:00.7742617Z",64,64,jpeg,5c7b367099e48f200c3c060a0b938d70bc070ec50e93ec4f670a178007281fc5
"hangul_0469_20260928T185105404Z_b2065681.jpg","덥",469,,,pending_review,"P003","S01","2026-09-28T18:51:05.4042234Z",64,64,jpeg,5c7b367099e48f200c3c060a0b938d70bc070ec50e93ec4f670a178007281fc5
"hangul_0470_20260928T185109022Z_d3b88fe1.jpg","덧",470,,,pending_review,"P003","S01","2026-09-28T18:51:09.0220601Z",64,64,jpeg,5c7b367099e48f200c3c060a0b938d70bc070ec50e93ec4f670a178007281fc5
"hangul_0471_20260928T185112562Z_b855fb05.jpg","덩",471,,,pending_review,"P003","S01","2026-09-28T18:51:12.5624376Z",64,64,jpeg,5c7b367099e48f200c3c060a0b938d70bc070ec50e93ec4f670a178007281fc5
"hangul_0472_20260928T185116496Z_62ec1933.jpg","덫",472,,,pending_review,"P003","S01","2026-09-28T18:51:16.4967732Z",64,64,jpeg,5c7b367099e48f200c3c060a0b938d70bc070ec50e93ec4f670a178007281fc5
"hangul_0473_20260928T185126885Z_09baef18.jpg","덮",473,,,pending_review,"P003","S01","2026-09-28T18:51:26.8855634Z",64,64,jpeg,5c7b367099e48f200c3c060a0b938d70bc070ec50e93ec4f670a178007281fc5
"hangul_0474_20260928T185134366Z_c7f7b4e5.jpg","데",474,,,pending_review,"P003","S01","2026-09-28T18:51:34.3663838Z",64,64,jpeg,5c7b367099e48f200c3c060a0b938d70bc070ec50e93ec4f670a178007281fc5
"hangul_0475_20260928T185139130Z_2d805bdc.jpg","덱",475,,,pending_review,"P003","S01","2026-09-28T18:51:39.1301769Z",64,64,jpeg,5c7b367099e48f200c3c060a0b938d70bc070ec50e93ec4f670a178007281fc5
"hangul_0476_20260928T185143859Z_4a2acc80.jpg","덴",476,,,pending_review,"P003","S01","2026-09-28T18:51:43.8598010Z",64,64,jpeg,5c7b367099e48f200c3c060a0b938d70bc070ec50e93ec4f670a178007281fc5
"hangul_0477_20260928T185149323Z_0188b6c7.jpg","델",477,,,pending_review,"P003","S01","2026-09-28T18:51:49.3232310Z",64,64,jpeg,5c7b367099e48f200c3c060a0b938d70bc070ec50e93ec4f670a178007281fc5
"hangul_0478_20260928T185153929Z_77d1593a.jpg","뎀",478,,,pending_review,"P003","S01","2026-09-28T18:51:53.9292511Z",64,64,jpeg,5c7b367099e48f200c3c060a0b938d70bc070ec50e93ec4f670a178007281fc5
"hangul_0479_20260928T185204983Z_d4bdbc24.jpg","뎁",479,,,pending_review,"P003","S01","2026-09-28T18:52:04.9836943Z",64,64,jpeg,5c7b367099e48f200c3c060a0b938d70bc070ec50e93ec4f670a178007281fc5
"hangul_0480_20260928T185209350Z_77d215f3.jpg","뎃",480,,,pending_review,"P003","S01","2026-09-28T18:52:09.3506504Z",64,64,jpeg,5c7b367099e48f200c3c060a0b938d70bc070ec50e93ec4f670a178007281fc5
"hangul_0480_20260928T185230271Z_b5cc5080.jpg","뎃",480,,,pending_review,"P003","S01","2026-09-28T18:52:30.2718948Z",64,64,jpeg,5c7b367099e48f200c3c060a0b938d70bc070ec50e93ec4f670a178007281fc5
"hangul_0481_20260928T185239023Z_1896393f.jpg","뎄",481,,,pending_review,"P003","S01","2026-09-28T18:52:39.0237132Z",64,64,jpeg,5c7b367099e48f200c3c060a0b938d70bc070ec50e93ec4f670a178007281fc5
"hangul_0482_20260928T185243202Z_e680707f.jpg","뎅",482,,,pending_review,"P003","S01","2026-09-28T18:52:43.2027779Z",64,64,jpeg,5c7b367099e48f200c3c060a0b938d70bc070ec50e93ec4f670a178007281fc5
"hangul_0483_20260928T185246689Z_037e2c0a.jpg","뎌",483,,,pending_review,"P003","S01","2026-09-28T18:52:46.6897751Z",64,64,jpeg,5c7b367099e48f200c3c060a0b938d70bc070ec50e93ec4f670a178007281fc5
"hangul_0484_20260928T185251462Z_924cce1a.jpg","뎐",484,,,pending_review,"P003","S01","2026-09-28T18:52:51.4622885Z",64,64,jpeg,5c7b367099e48f200c3c060a0b938d70bc070ec50e93ec4f670a178007281fc5
"hangul_0485_20260928T185256895Z_e1b9496e.jpg","뎔",485,,,pending_review,"P003","S01","2026-09-28T18:52:56.8959755Z",64,64,jpeg,5c7b367099e48f200c3c060a0b938d70bc070ec50e93ec4f670a178007281fc5
"hangul_0486_20260928T185302019Z_b192e155.jpg","뎠",486,,,pending_review,"P003","S01","2026-09-28T18:53:02.0197623Z",64,64,jpeg,5c7b367099e48f200c3c060a0b938d70bc070ec50e93ec4f670a178007281fc5
"hangul_0492_20260928T185306454Z_664b7400.jpg","돈",492,,,pending_review,"P003","S01","2026-09-28T18:53:06.4548777Z",64,64,jpeg,5c7b367099e48f200c3c060a0b938d70bc070ec50e93ec4f670a178007281fc5
"hangul_0493_20260928T185313232Z_b0dc2626.jpg","돋",493,,,pending_review,"P003","S01","2026-09-28T18:53:13.2325835Z",64,64,jpeg,5c7b367099e48f200c3c060a0b938d70bc070ec50e93ec4f670a178007281fc5
"hangul_0493_20260928T185317946Z_be64e843.jpg","돋",493,,,pending_review,"P003","S01","2026-09-28T18:53:17.9468696Z",64,64,jpeg,5c7b367099e48f200c3c060a0b938d70bc070ec50e93ec4f670a178007281fc5
"hangul_0494_20260928T185322310Z_11a7b93f.jpg","돌",494,,,pending_review,"P003","S01","2026-09-28T18:53:22.3104331Z",64,64,jpeg,5c7b367099e48f200c3c060a0b938d70bc070ec50e93ec4f670a178007281fc5
"hangul_0495_20260928T185327772Z_868fd403.jpg","돎",495,,,pending_review,"P003","S01","2026-09-28T18:53:27.7723845Z",64,64,jpeg,5c7b367099e48f200c3c060a0b938d70bc070ec50e93ec4f670a178007281fc5
"hangul_0496_20260928T185332488Z_7c6aa2e3.jpg","돐",496,,,pending_review,"P003","S01","2026-09-28T18:53:32.4881696Z",64,64,jpeg,5c7b367099e48f200c3c060a0b938d70bc070ec50e93ec4f670a178007281fc5
"hangul_0497_20260928T185336455Z_ddae20c9.jpg","돔",497,,,pending_review,"P003","S01","2026-09-28T18:53:36.4551090Z",64,64,jpeg,5c7b367099e48f200c3c060a0b938d70bc070ec50e93ec4f670a178007281fc5
"hangul_0498_20260928T185341285Z_d6504d76.jpg","돕",498,,,pending_review,"P003","S01","2026-09-28T18:53:41.2858570Z",64,64,jpeg,5c7b367099e48f200c3c060a0b938d70bc070ec50e93ec4f670a178007281fc5
"hangul_0499_20260928T185348190Z_682ec128.jpg","돗",499,,,pending_review,"P003","S01","2026-09-28T18:53:48.1904136Z",64,64,jpeg,5c7b367099e48f200c3c060a0b938d70bc070ec50e93ec4f670a178007281fc5
"hangul_0500_20260928T185352209Z_943ec26e.jpg","동",500,,,pending_review,"P003","S01","2026-09-28T18:53:52.2097675Z",64,64,jpeg,5c7b367099e48f200c3c060a0b938d70bc070ec50e93ec4f670a178007281fc5
"hangul_0501_20260928T185401436Z_9fdc4d85.jpg","돛",501,,,pending_review,"P003","S01","2026-09-28T18:54:01.4365253Z",64,64,jpeg,5c7b367099e48f200c3c060a0b938d70bc070ec50e93ec4f670a178007281fc5
"hangul_0502_20260928T185405448Z_fd01c086.jpg","돝",502,,,pending_review,"P003","S01","2026-09-28T18:54:05.4481258Z",64,64,jpeg,5c7b367099e48f200c3c060a0b938d70bc070ec50e93ec4f670a178007281fc5
"hangul_0503_20260928T185409159Z_9b3da7fe.jpg","돠",503,,,pending_review,"P003","S01","2026-09-28T18:54:09.1598767Z",64,64,jpeg,5c7b367099e48f200c3c060a0b938d70bc070ec50e93ec4f670a178007281fc5
"hangul_0503_20260928T185414598Z_5a60cded.jpg","돠",503,,,pending_review,"P003","S01","2026-09-28T18:54:14.5982662Z",64,64,jpeg,5c7b367099e48f200c3c060a0b938d70bc070ec50e93ec4f670a178007281fc5
"hangul_0504_20260928T185419185Z_fe550776.jpg","돤",504,,,pending_review,"P003","S01","2026-09-28T18:54:19.1850231Z",64,64,jpeg,5c7b367099e48f200c3c060a0b938d70bc070ec50e93ec4f670a178007281fc5
"hangul_0505_20260928T185427098Z_465c34b6.jpg","돨",505,,,pending_review,"P003","S01","2026-09-28T18:54:27.0983989Z",64,64,jpeg,5c7b367099e48f200c3c060a0b938d70bc070ec50e93ec4f670a178007281fc5
"hangul_0506_20260928T185431268Z_9481ce7f.jpg","돼",506,,,pending_review,"P003","S01","2026-09-28T18:54:31.2681677Z",64,64,jpeg,5c7b367099e48f200c3c060a0b938d70bc070ec50e93ec4f670a178007281fc5
"hangul_0507_20260928T185437422Z_4c4e06bb.jpg","됐",507,,,pending_review,"P003","S01","2026-09-28T18:54:37.4225297Z",64,64,jpeg,5c7b367099e48f200c3c060a0b938d70bc070ec50e93ec4f670a178007281fc5
"hangul_0508_20260928T185441080Z_5eb9395c.jpg","되",508,,,pending_review,"P003","S01","2026-09-28T18:54:41.0807262Z",64,64,jpeg,5c7b367099e48f200c3c060a0b938d70bc070ec50e93ec4f670a178007281fc5
"hangul_0509_20260928T185445123Z_fe3962f6.jpg","된",509,,,pending_review,"P003","S01","2026-09-28T18:54:45.1234903Z",64,64,jpeg,5c7b367099e48f200c3c060a0b938d70bc070ec50e93ec4f670a178007281fc5
"hangul_0509_20260928T185501901Z_8f4a1e54.jpg","된",509,,,pending_review,"P003","S01","2026-09-28T18:55:01.9016412Z",64,64,jpeg,5c7b367099e48f200c3c060a0b938d70bc070ec50e93ec4f670a178007281fc5
"hangul_0510_20260928T185507334Z_09b78e56.jpg","될",510,,,pending_review,"P003","S01","2026-09-28T18:55:07.3344028Z",64,64,jpeg,5c7b367099e48f200c3c060a0b938d70bc070ec50e93ec4f670a178007281fc5
"hangul_0511_20260928T185514153Z_be07ac05.jpg","됨",511,,,pending_review,"P003","S01","2026-09-28T18:55:14.1536845Z",64,64,jpeg,5c7b367099e48f200c3c060a0b938d70bc070ec50e93ec4f670a178007281fc5
"hangul_0511_20260928T185520598Z_9710967c.jpg","됨",511,,,pending_review,"P003","S01","2026-09-28T18:55:20.5981376Z",64,64,jpeg,5c7b367099e48f200c3c060a0b938d70bc070ec50e93ec4f670a178007281fc5
"hangul_0511_20260928T185613856Z_56f20157.jpg","됨",511,,,pending_review,"P003","S01","2026-09-28T18:56:13.8563468Z",64,64,jpeg,5c7b367099e48f200c3c060a0b938d70bc070ec50e93ec4f670a178007281fc5
"hangul_0512_20260928T185618907Z_f7c038aa.jpg","됩",512,,,pending_review,"P003","S01","2026-09-28T18:56:18.9075757Z",64,64,jpeg,5c7b367099e48f200c3c060a0b938d70bc070ec50e93ec4f670a178007281fc5
"hangul_0513_20260928T185622939Z_0132afd6.jpg","됫",513,,,pending_review,"P003","S01","2026-09-28T18:56:22.9394427Z",64,64,jpeg,5c7b367099e48f200c3c060a0b938d70bc070ec50e93ec4f670a178007281fc5
"hangul_0514_20260928T185633639Z_a9312626.jpg","됴",514,,,pending_review,"P003","S01","2026-09-28T18:56:33.6394067Z",64,64,jpeg,5c7b367099e48f200c3c060a0b938d70bc070ec50e93ec4f670a178007281fc5
"hangul_0515_20260928T185636679Z_1114165d.jpg","두",515,,,pending_review,"P003","S01","2026-09-28T18:56:36.6799015Z",64,64,jpeg,5c7b367099e48f200c3c060a0b938d70bc070ec50e93ec4f670a178007281fc5
"hangul_0515_20260928T185640446Z_ef3d2fa0.jpg","두",515,,,pending_review,"P003","S01","2026-09-28T18:56:40.4463669Z",64,64,jpeg,5c7b367099e48f200c3c060a0b938d70bc070ec50e93ec4f670a178007281fc5
"hangul_0516_20260928T185644110Z_2a59f268.jpg","둑",516,,,pending_review,"P003","S01","2026-09-28T18:56:44.1107154Z",64,64,jpeg,5c7b367099e48f200c3c060a0b938d70bc070ec50e93ec4f670a178007281fc5
"hangul_0517_20260928T185650578Z_79ddd6fa.jpg","둔",517,,,pending_review,"P003","S01","2026-09-28T18:56:50.5785819Z",64,64,jpeg,5c7b367099e48f200c3c060a0b938d70bc070ec50e93ec4f670a178007281fc5
"hangul_0518_20260928T185654706Z_7a105cb1.jpg","둘",518,,,pending_review,"P003","S01","2026-09-28T18:56:54.7069934Z",64,64,jpeg,5c7b367099e48f200c3c060a0b938d70bc070ec50e93ec4f670a178007281fc5
"hangul_0519_20260928T185658724Z_b85dc9a0.jpg","둠",519,,,pending_review,"P003","S01","2026-09-28T18:56:58.7246964Z",64,64,jpeg,5c7b367099e48f200c3c060a0b938d70bc070ec50e93ec4f670a178007281fc5
"hangul_0520_20260928T185703767Z_4e1c4b1e.jpg","둡",520,,,pending_review,"P003","S01","2026-09-28T18:57:03.7679060Z",64,64,jpeg,5c7b367099e48f200c3c060a0b938d70bc070ec50e93ec4f670a178007281fc5
"hangul_0521_20260928T185707585Z_a5840ceb.jpg","둣",521,,,pending_review,"P003","S01","2026-09-28T18:57:07.5858825Z",64,64,jpeg,5c7b367099e48f200c3c060a0b938d70bc070ec50e93ec4f670a178007281fc5
"hangul_0522_20260928T185711416Z_5cec8896.jpg","둥",522,,,pending_review,"P003","S01","2026-09-28T18:57:11.4167154Z",64,64,jpeg,5c7b367099e48f200c3c060a0b938d70bc070ec50e93ec4f670a178007281fc5
"hangul_0522_20260928T185716704Z_3c2f9cf3.jpg","둥",522,,,pending_review,"P003","S01","2026-09-28T18:57:16.7041552Z",64,64,jpeg,5c7b367099e48f200c3c060a0b938d70bc070ec50e93ec4f670a178007281fc5
"hangul_0523_20260928T185723623Z_1ba02914.jpg","둬",523,,,pending_review,"P003","S01","2026-09-28T18:57:23.6232601Z",64,64,jpeg,5c7b367099e48f200c3c060a0b938d70bc070ec50e93ec4f670a178007281fc5
"hangul_0524_20260928T185729332Z_88f81319.jpg","뒀",524,,,pending_review,"P003","S01","2026-09-28T18:57:29.3326337Z",64,64,jpeg,5c7b367099e48f200c3c060a0b938d70bc070ec50e93ec4f670a178007281fc5
"hangul_0525_20260928T185734199Z_cfcf8d17.jpg","뒈",525,,,pending_review,"P003","S01","2026-09-28T18:57:34.1995795Z",64,64,jpeg,5c7b367099e48f200c3c060a0b938d70bc070ec50e93ec4f670a178007281fc5
"hangul_0526_20260928T185739718Z_d4a1d672.jpg","뒝",526,,,pending_review,"P003","S01","2026-09-28T18:57:39.7182810Z",64,64,jpeg,5c7b367099e48f200c3c060a0b938d70bc070ec50e93ec4f670a178007281fc5
"hangul_0527_20260928T185743959Z_8e8cf8d2.jpg","뒤",527,,,pending_review,"P003","S01","2026-09-28T18:57:43.9590959Z",64,64,jpeg,5c7b367099e48f200c3c060a0b938d70bc070ec50e93ec4f670a178007281fc5
"hangul_0528_20260928T185748288Z_291f83ea.jpg","뒨",528,,,pending_review,"P003","S01","2026-09-28T18:57:48.2881442Z",64,64,jpeg,5c7b367099e48f200c3c060a0b938d70bc070ec50e93ec4f670a178007281fc5
"hangul_0529_20260928T185753285Z_d5f3a4c9.jpg","뒬",529,,,pending_review,"P003","S01","2026-09-28T18:57:53.2851954Z",64,64,jpeg,5c7b367099e48f200c3c060a0b938d70bc070ec50e93ec4f670a178007281fc5
"hangul_0530_20260928T185758364Z_d88ed54b.jpg","뒵",530,,,pending_review,"P003","S01","2026-09-28T18:57:58.3648544Z",64,64,jpeg,5c7b367099e48f200c3c060a0b938d70bc070ec50e93ec4f670a178007281fc5
"hangul_0531_20260928T185803429Z_950c74a0.jpg","뒷",531,,,pending_review,"P003","S01","2026-09-28T18:58:03.4291805Z",64,64,jpeg,5c7b367099e48f200c3c060a0b938d70bc070ec50e93ec4f670a178007281fc5
"hangul_0532_20260928T185807974Z_a12513e1.jpg","뒹",532,,,pending_review,"P003","S01","2026-09-28T18:58:07.9748223Z",64,64,jpeg,5c7b367099e48f200c3c060a0b938d70bc070ec50e93ec4f670a178007281fc5
"hangul_0533_20260928T185811643Z_82959e09.jpg","듀",533,,,pending_review,"P003","S01","2026-09-28T18:58:11.6433501Z",64,64,jpeg,5c7b367099e48f200c3c060a0b938d70bc070ec50e93ec4f670a178007281fc5
"hangul_0534_20260928T185815496Z_ff1f03cb.jpg","듄",534,,,pending_review,"P003","S01","2026-09-28T18:58:15.4962930Z",64,64,jpeg,5c7b367099e48f200c3c060a0b938d70bc070ec50e93ec4f670a178007281fc5
"hangul_0535_20260928T185820271Z_e64b0013.jpg","듈",535,,,pending_review,"P003","S01","2026-09-28T18:58:20.2718069Z",64,64,jpeg,5c7b367099e48f200c3c060a0b938d70bc070ec50e93ec4f670a178007281fc5
"hangul_0536_20260928T185824869Z_d1e57e1a.jpg","듐",536,,,pending_review,"P003","S01","2026-09-28T18:58:24.8695890Z",64,64,jpeg,5c7b367099e48f200c3c060a0b938d70bc070ec50e93ec4f670a178007281fc5
"hangul_0537_20260928T185829280Z_75be70a9.jpg","듕",537,,,pending_review,"P003","S01","2026-09-28T18:58:29.2800920Z",64,64,jpeg,5c7b367099e48f200c3c060a0b938d70bc070ec50e93ec4f670a178007281fc5
"hangul_0538_20260928T185835717Z_09b120dc.jpg","드",538,,,pending_review,"P003","S01","2026-09-28T18:58:35.7175863Z",64,64,jpeg,5c7b367099e48f200c3c060a0b938d70bc070ec50e93ec4f670a178007281fc5
"hangul_0539_20260928T185838812Z_28313d79.jpg","득",539,,,pending_review,"P003","S01","2026-09-28T18:58:38.8124929Z",64,64,jpeg,5c7b367099e48f200c3c060a0b938d70bc070ec50e93ec4f670a178007281fc5
"hangul_0540_20260928T185841897Z_e02c4f21.jpg","든",540,,,pending_review,"P003","S01","2026-09-28T18:58:41.8975752Z",64,64,jpeg,5c7b367099e48f200c3c060a0b938d70bc070ec50e93ec4f670a178007281fc5
"hangul_0541_20260928T185845006Z_bdf57091.jpg","듣",541,,,pending_review,"P003","S01","2026-09-28T18:58:45.0061111Z",64,64,jpeg,5c7b367099e48f200c3c060a0b938d70bc070ec50e93ec4f670a178007281fc5
"hangul_0542_20260928T185905244Z_86158342.jpg","들",542,,,pending_review,"P003","S01","2026-09-28T18:59:05.2441932Z",64,64,jpeg,5c7b367099e48f200c3c060a0b938d70bc070ec50e93ec4f670a178007281fc5
"hangul_0543_20260928T185911356Z_daa61e1c.jpg","듦",543,,,pending_review,"P003","S01","2026-09-28T18:59:11.3564041Z",64,64,jpeg,5c7b367099e48f200c3c060a0b938d70bc070ec50e93ec4f670a178007281fc5
"hangul_0544_20260928T185914566Z_a1a3d961.jpg","듬",544,,,pending_review,"P003","S01","2026-09-28T18:59:14.5666992Z",64,64,jpeg,5c7b367099e48f200c3c060a0b938d70bc070ec50e93ec4f670a178007281fc5
"hangul_0545_20260928T185917856Z_4d2edb83.jpg","듭",545,,,pending_review,"P003","S01","2026-09-28T18:59:17.8569471Z",64,64,jpeg,5c7b367099e48f200c3c060a0b938d70bc070ec50e93ec4f670a178007281fc5
"hangul_0545_20260928T185925094Z_d9915710.jpg","듭",545,,,pending_review,"P003","S01","2026-09-28T18:59:25.0945940Z",64,64,jpeg,5c7b367099e48f200c3c060a0b938d70bc070ec50e93ec4f670a178007281fc5
"hangul_0546_20260928T185928683Z_a849ec6f.jpg","듯",546,,,pending_review,"P003","S01","2026-09-28T18:59:28.6831661Z",64,64,jpeg,5c7b367099e48f200c3c060a0b938d70bc070ec50e93ec4f670a178007281fc5
"hangul_0547_20260928T185932021Z_5a188131.jpg","등",547,,,pending_review,"P003","S01","2026-09-28T18:59:32.0219683Z",64,64,jpeg,5c7b367099e48f200c3c060a0b938d70bc070ec50e93ec4f670a178007281fc5
"hangul_0548_20260928T185935244Z_92780a8d.jpg","듸",548,,,pending_review,"P003","S01","2026-09-28T18:59:35.2445367Z",64,64,jpeg,5c7b367099e48f200c3c060a0b938d70bc070ec50e93ec4f670a178007281fc5
"hangul_0549_20260928T185938477Z_92758c05.jpg","디",549,,,pending_review,"P003","S01","2026-09-28T18:59:38.4776099Z",64,64,jpeg,5c7b367099e48f200c3c060a0b938d70bc070ec50e93ec4f670a178007281fc5
"hangul_0550_20260928T185944986Z_ab45d45d.jpg","딕",550,,,pending_review,"P003","S01","2026-09-28T18:59:44.9863885Z",64,64,jpeg,5c7b367099e48f200c3c060a0b938d70bc070ec50e93ec4f670a178007281fc5
"hangul_0551_20260928T185950503Z_0afc8d5e.jpg","딘",551,,,pending_review,"P003","S01","2026-09-28T18:59:50.5035820Z",64,64,jpeg,5c7b367099e48f200c3c060a0b938d70bc070ec50e93ec4f670a178007281fc5
"hangul_0553_20260928T190001894Z_7b3cf63b.jpg","딜",553,,,pending_review,"P003","S01","2026-09-28T19:00:01.8940984Z",64,64,jpeg,5c7b367099e48f200c3c060a0b938d70bc070ec50e93ec4f670a178007281fc5
"hangul_0554_20260928T190006053Z_afc122df.jpg","딤",554,,,pending_review,"P003","S01","2026-09-28T19:00:06.0534785Z",64,64,jpeg,5c7b367099e48f200c3c060a0b938d70bc070ec50e93ec4f670a178007281fc5
"hangul_0555_20260928T190010269Z_1587bf82.jpg","딥",555,,,pending_review,"P003","S01","2026-09-28T19:00:10.2691156Z",64,64,jpeg,5c7b367099e48f200c3c060a0b938d70bc070ec50e93ec4f670a178007281fc5
"hangul_0556_20260928T190013487Z_b8e6bbb7.jpg","딧",556,,,pending_review,"P003","S01","2026-09-28T19:00:13.4875627Z",64,64,jpeg,5c7b367099e48f200c3c060a0b938d70bc070ec50e93ec4f670a178007281fc5
"hangul_0557_20260928T190017198Z_97380e2c.jpg","딨",557,,,pending_review,"P003","S01","2026-09-28T19:00:17.1982566Z",64,64,jpeg,5c7b367099e48f200c3c060a0b938d70bc070ec50e93ec4f670a178007281fc5
"hangul_0558_20260928T190020650Z_f5d43e66.jpg","딩",558,,,pending_review,"P003","S01","2026-09-28T19:00:20.6503832Z",64,64,jpeg,5c7b367099e48f200c3c060a0b938d70bc070ec50e93ec4f670a178007281fc5
"hangul_0559_20260928T190024565Z_0c5bb31e.jpg","딪",559,,,pending_review,"P003","S01","2026-09-28T19:00:24.5658225Z",64,64,jpeg,5c7b367099e48f200c3c060a0b938d70bc070ec50e93ec4f670a178007281fc5
"hangul_0560_20260928T190028024Z_6c164ed6.jpg","따",560,,,pending_review,"P003","S01","2026-09-28T19:00:28.0249431Z",64,64,jpeg,5c7b367099e48f200c3c060a0b938d70bc070ec50e93ec4f670a178007281fc5
"hangul_0561_20260928T190032842Z_b43b2603.jpg","딱",561,,,pending_review,"P003","S01","2026-09-28T19:00:32.8427631Z",64,64,jpeg,5c7b367099e48f200c3c060a0b938d70bc070ec50e93ec4f670a178007281fc5
"hangul_0562_20260928T190037385Z_2fda148e.jpg","딴",562,,,pending_review,"P003","S01","2026-09-28T19:00:37.3850783Z",64,64,jpeg,5c7b367099e48f200c3c060a0b938d70bc070ec50e93ec4f670a178007281fc5
"hangul_0563_20260928T190048287Z_aad30cad.jpg","딸",563,,,pending_review,"P003","S01","2026-09-28T19:00:48.2871203Z",64,64,jpeg,5c7b367099e48f200c3c060a0b938d70bc070ec50e93ec4f670a178007281fc5
"hangul_0564_20260928T190053421Z_f9b4b0f3.jpg","땀",564,,,pending_review,"P003","S01","2026-09-28T19:00:53.4210464Z",64,64,jpeg,5c7b367099e48f200c3c060a0b938d70bc070ec50e93ec4f670a178007281fc5
"hangul_0565_20260928T190058791Z_48944e8b.jpg","땁",565,,,pending_review,"P003","S01","2026-09-28T19:00:58.7919472Z",64,64,jpeg,5c7b367099e48f200c3c060a0b938d70bc070ec50e93ec4f670a178007281fc5
"hangul_0566_20260928T190103332Z_10cbcfb4.jpg","땃",566,,,pending_review,"P003","S01","2026-09-28T19:01:03.3326225Z",64,64,jpeg,5c7b367099e48f200c3c060a0b938d70bc070ec50e93ec4f670a178007281fc5
"hangul_0567_20260928T190111595Z_27caa89d.jpg","땄",567,,,pending_review,"P003","S01","2026-09-28T19:01:11.5952159Z",64,64,jpeg,5c7b367099e48f200c3c060a0b938d70bc070ec50e93ec4f670a178007281fc5
"hangul_0568_20260928T190115980Z_7288afa7.jpg","땅",568,,,pending_review,"P003","S01","2026-09-28T19:01:15.9809231Z",64,64,jpeg,5c7b367099e48f200c3c060a0b938d70bc070ec50e93ec4f670a178007281fc5
"hangul_0569_20260928T190120659Z_b04d74e3.jpg","땋",569,,,pending_review,"P003","S01","2026-09-28T19:01:20.6595223Z",64,64,jpeg,5c7b367099e48f200c3c060a0b938d70bc070ec50e93ec4f670a178007281fc5
"hangul_0570_20260928T190124301Z_8923a49f.jpg","때",570,,,pending_review,"P003","S01","2026-09-28T19:01:24.3012283Z",64,64,jpeg,5c7b367099e48f200c3c060a0b938d70bc070ec50e93ec4f670a178007281fc5
"hangul_0571_20260928T190128367Z_01985b55.jpg","땍",571,,,pending_review,"P003","S01","2026-09-28T19:01:28.3679090Z",64,64,jpeg,5c7b367099e48f200c3c060a0b938d70bc070ec50e93ec4f670a178007281fc5
"hangul_0572_20260928T190134080Z_c74a3e08.jpg","땐",572,,,pending_review,"P003","S01","2026-09-28T19:01:34.0804357Z",64,64,jpeg,5c7b367099e48f200c3c060a0b938d70bc070ec50e93ec4f670a178007281fc5
"hangul_0573_20260928T190138984Z_2e98cc4d.jpg","땔",573,,,pending_review,"P003","S01","2026-09-28T19:01:38.9844498Z",64,64,jpeg,5c7b367099e48f200c3c060a0b938d70bc070ec50e93ec4f670a178007281fc5
"hangul_0574_20260928T190144922Z_eb76baf2.jpg","땜",574,,,pending_review,"P003","S01","2026-09-28T19:01:44.9223028Z",64,64,jpeg,5c7b367099e48f200c3c060a0b938d70bc070ec50e93ec4f670a178007281fc5
"hangul_0575_20260928T190150141Z_63fb5143.jpg","땝",575,,,pending_review,"P003","S01","2026-09-28T19:01:50.1418121Z",64,64,jpeg,5c7b367099e48f200c3c060a0b938d70bc070ec50e93ec4f670a178007281fc5
"hangul_0575_20260928T190155526Z_220d3397.jpg","땝",575,,,pending_review,"P003","S01","2026-09-28T19:01:55.5269322Z",64,64,jpeg,5c7b367099e48f200c3c060a0b938d70bc070ec50e93ec4f670a178007281fc5
"hangul_0576_20260928T190200586Z_f4b27873.jpg","땟",576,,,pending_review,"P003","S01","2026-09-28T19:02:00.5866442Z",64,64,jpeg,5c7b367099e48f200c3c060a0b938d70bc070ec50e93ec4f670a178007281fc5
"hangul_0577_20260928T190205965Z_38039f71.jpg","땠",577,,,pending_review,"P003","S01","2026-09-28T19:02:05.9652317Z",64,64,jpeg,5c7b367099e48f200c3c060a0b938d70bc070ec50e93ec4f670a178007281fc5
"hangul_0578_20260928T190212047Z_c6df8dd5.jpg","땡",578,,,pending_review,"P003","S01","2026-09-28T19:02:12.0477708Z",64,64,jpeg,5c7b367099e48f200c3c060a0b938d70bc070ec50e93ec4f670a178007281fc5
"hangul_0579_20260928T190215744Z_971f158e.jpg","떠",579,,,pending_review,"P003","S01","2026-09-28T19:02:15.7445330Z",64,64,jpeg,5c7b367099e48f200c3c060a0b938d70bc070ec50e93ec4f670a178007281fc5
"hangul_0580_20260928T190219601Z_dcaa9ed9.jpg","떡",580,,,pending_review,"P003","S01","2026-09-28T19:02:19.6013362Z",64,64,jpeg,5c7b367099e48f200c3c060a0b938d70bc070ec50e93ec4f670a178007281fc5
"hangul_0581_20260928T190223588Z_f1e89162.jpg","떤",581,,,pending_review,"P003","S01","2026-09-28T19:02:23.5881220Z",64,64,jpeg,5c7b367099e48f200c3c060a0b938d70bc070ec50e93ec4f670a178007281fc5
"hangul_0582_20260928T190227826Z_d1270a12.jpg","떨",582,,,pending_review,"P003","S01","2026-09-28T19:02:27.8264211Z",64,64,jpeg,5c7b367099e48f200c3c060a0b938d70bc070ec50e93ec4f670a178007281fc5
"hangul_0583_20260928T190232533Z_4c047857.jpg","떪",583,,,pending_review,"P003","S01","2026-09-28T19:02:32.5333997Z",64,64,jpeg,5c7b367099e48f200c3c060a0b938d70bc070ec50e93ec4f670a178007281fc5
"hangul_0584_20260928T190238413Z_a5e9fdf7.jpg","떫",584,,,pending_review,"P003","S01","2026-09-28T19:02:38.4137322Z",64,64,jpeg,5c7b367099e48f200c3c060a0b938d70bc070ec50e93ec4f670a178007281fc5
"hangul_0585_20260928T190247444Z_e704f39f.jpg","떰",585,,,pending_review,"P003","S01","2026-09-28T19:02:47.4446568Z",64,64,jpeg,5c7b367099e48f200c3c060a0b938d70bc070ec50e93ec4f670a178007281fc5
"hangul_0585_20260928T190351745Z_ed685b9b.jpg","떰",585,,,pending_review,"P003","S01","2026-09-28T19:03:51.7456324Z",64,64,jpeg,5c7b367099e48f200c3c060a0b938d70bc070ec50e93ec4f670a178007281fc5
"hangul_0587_20260928T190358167Z_d73499f6.jpg","떳",587,,,pending_review,"P003","S01","2026-09-28T19:03:58.1673358Z",64,64,jpeg,5c7b367099e48f200c3c060a0b938d70bc070ec50e93ec4f670a178007281fc5
"hangul_0588_20260928T190403338Z_4c0d81b1.jpg","떴",588,,,pending_review,"P003","S01","2026-09-28T19:04:03.3387471Z",64,64,jpeg,5c7b367099e48f200c3c060a0b938d70bc070ec50e93ec4f670a178007281fc5
"hangul_0589_20260928T190408457Z_5ae30e9b.jpg","떵",589,,,pending_review,"P003","S01","2026-09-28T19:04:08.4573773Z",64,64,jpeg,5c7b367099e48f200c3c060a0b938d70bc070ec50e93ec4f670a178007281fc5
"hangul_0590_20260928T190413896Z_dde9c946.jpg","떻",590,,,pending_review,"P003","S01","2026-09-28T19:04:13.8967113Z",64,64,jpeg,5c7b367099e48f200c3c060a0b938d70bc070ec50e93ec4f670a178007281fc5
"hangul_0591_20260928T190418766Z_326bcead.jpg","떼",591,,,pending_review,"P003","S01","2026-09-28T19:04:18.7660337Z",64,64,jpeg,5c7b367099e48f200c3c060a0b938d70bc070ec50e93ec4f670a178007281fc5
"hangul_0592_20260928T190425851Z_0d8570d7.jpg","떽",592,,,pending_review,"P003","S01","2026-09-28T19:04:25.8515070Z",64,64,jpeg,5c7b367099e48f200c3c060a0b938d70bc070ec50e93ec4f670a178007281fc5
"hangul_0593_20260928T190439379Z_11990c12.jpg","뗀",593,,,pending_review,"P003","S01","2026-09-28T19:04:39.3796039Z",64,64,jpeg,5c7b367099e48f200c3c060a0b938d70bc070ec50e93ec4f670a178007281fc5
"hangul_0594_20260928T190449254Z_0f2bda18.jpg","뗄",594,,,pending_review,"P003","S01","2026-09-28T19:04:49.2545295Z",64,64,jpeg,5c7b367099e48f200c3c060a0b938d70bc070ec50e93ec4f670a178007281fc5
"hangul_0594_20260928T190550534Z_59578e87.jpg","뗄",594,,,pending_review,"P003","S01","2026-09-28T19:05:50.5349094Z",64,64,jpeg,5c7b367099e48f200c3c060a0b938d70bc070ec50e93ec4f670a178007281fc5
"hangul_0595_20260928T190556009Z_1dc5e2e4.jpg","뗌",595,,,pending_review,"P003","S01","2026-09-28T19:05:56.0097156Z",64,64,jpeg,5c7b367099e48f200c3c060a0b938d70bc070ec50e93ec4f670a178007281fc5
"hangul_0597_20260928T190614356Z_9d87afaf.jpg","뗏",597,,,pending_review,"P003","S01","2026-09-28T19:06:14.3565380Z",64,64,jpeg,5c7b367099e48f200c3c060a0b938d70bc070ec50e93ec4f670a178007281fc5
"hangul_0599_20260928T190621964Z_62eb2240.jpg","뗑",599,,,pending_review,"P003","S01","2026-09-28T19:06:21.9645060Z",64,64,jpeg,5c7b367099e48f200c3c060a0b938d70bc070ec50e93ec4f670a178007281fc5
"hangul_0600_20260928T190625882Z_d6424c36.jpg","뗘",600,,,pending_review,"P003","S01","2026-09-28T19:06:25.8829262Z",64,64,jpeg,5c7b367099e48f200c3c060a0b938d70bc070ec50e93ec4f670a178007281fc5
"hangul_0601_20260928T190631101Z_631086b7.jpg","뗬",601,,,pending_review,"P003","S01","2026-09-28T19:06:31.1011035Z",64,64,jpeg,5c7b367099e48f200c3c060a0b938d70bc070ec50e93ec4f670a178007281fc5
"hangul_0602_20260928T190634753Z_39953390.jpg","또",602,,,pending_review,"P003","S01","2026-09-28T19:06:34.7539672Z",64,64,jpeg,5c7b367099e48f200c3c060a0b938d70bc070ec50e93ec4f670a178007281fc5
"hangul_0603_20260928T190638625Z_b8a79c5a.jpg","똑",603,,,pending_review,"P003","S01","2026-09-28T19:06:38.6259607Z",64,64,jpeg,5c7b367099e48f200c3c060a0b938d70bc070ec50e93ec4f670a178007281fc5
"hangul_0604_20260928T190643432Z_cb7bff25.jpg","똔",604,,,pending_review,"P003","S01","2026-09-28T19:06:43.4329253Z",64,64,jpeg,5c7b367099e48f200c3c060a0b938d70bc070ec50e93ec4f670a178007281fc5
"hangul_0604_20260928T190651967Z_076f09c7.jpg","똔",604,,,pending_review,"P003","S01","2026-09-28T19:06:51.9678709Z",64,64,jpeg,5c7b367099e48f200c3c060a0b938d70bc070ec50e93ec4f670a178007281fc5
"hangul_0605_20260928T190658819Z_483c8732.jpg","똘",605,,,pending_review,"P003","S01","2026-09-28T19:06:58.8195442Z",64,64,jpeg,5c7b367099e48f200c3c060a0b938d70bc070ec50e93ec4f670a178007281fc5
"hangul_0606_20260928T190707759Z_6a667827.jpg","똥",606,,,pending_review,"P003","S01","2026-09-28T19:07:07.7598743Z",64,64,jpeg,5c7b367099e48f200c3c060a0b938d70bc070ec50e93ec4f670a178007281fc5
"hangul_0607_20260928T190712895Z_f50ee9a1.jpg","똬",607,,,pending_review,"P003","S01","2026-09-28T19:07:12.8953549Z",64,64,jpeg,5c7b367099e48f200c3c060a0b938d70bc070ec50e93ec4f670a178007281fc5
"hangul_0608_20260928T190718504Z_a0d9541d.jpg","똴",608,,,pending_review,"P003","S01","2026-09-28T19:07:18.5046260Z",64,64,jpeg,5c7b367099e48f200c3c060a0b938d70bc070ec50e93ec4f670a178007281fc5
"hangul_0609_20260928T190723251Z_dea7779d.jpg","뙈",609,,,pending_review,"P003","S01","2026-09-28T19:07:23.2517311Z",64,64,jpeg,5c7b367099e48f200c3c060a0b938d70bc070ec50e93ec4f670a178007281fc5
"hangul_0610_20260928T190727701Z_f8afec38.jpg","뙤",610,,,pending_review,"P003","S01","2026-09-28T19:07:27.7013328Z",64,64,jpeg,5c7b367099e48f200c3c060a0b938d70bc070ec50e93ec4f670a178007281fc5
"hangul_0612_20260928T190732407Z_c5311b72.jpg","뚜",612,,,pending_review,"P003","S01","2026-09-28T19:07:32.4075616Z",64,64,jpeg,5c7b367099e48f200c3c060a0b938d70bc070ec50e93ec4f670a178007281fc5
"hangul_0613_20260928T190736236Z_68b5afec.jpg","뚝",613,,,pending_review,"P003","S01","2026-09-28T19:07:36.2361295Z",64,64,jpeg,5c7b367099e48f200c3c060a0b938d70bc070ec50e93ec4f670a178007281fc5
"hangul_0614_20260928T190740584Z_037809a5.jpg","뚠",614,,,pending_review,"P003","S01","2026-09-28T19:07:40.5840563Z",64,64,jpeg,5c7b367099e48f200c3c060a0b938d70bc070ec50e93ec4f670a178007281fc5
"hangul_0615_20260928T190748061Z_f9676810.jpg","뚤",615,,,pending_review,"P003","S01","2026-09-28T19:07:48.0610782Z",64,64,jpeg,5c7b367099e48f200c3c060a0b938d70bc070ec50e93ec4f670a178007281fc5
"hangul_0616_20260928T190754067Z_bb4d6a58.jpg","뚫",616,,,pending_review,"P003","S01","2026-09-28T19:07:54.0677840Z",64,64,jpeg,5c7b367099e48f200c3c060a0b938d70bc070ec50e93ec4f670a178007281fc5
"hangul_0617_20260928T190759147Z_f446015d.jpg","뚬",617,,,pending_review,"P003","S01","2026-09-28T19:07:59.1474742Z",64,64,jpeg,5c7b367099e48f200c3c060a0b938d70bc070ec50e93ec4f670a178007281fc5
"hangul_0515_20260928T190949848Z_508b09d3.jpg","두",515,,,pending_review,"P004","S01","2026-09-28T19:09:49.8484182Z",64,64,jpeg,5c7b367099e48f200c3c060a0b938d70bc070ec50e93ec4f670a178007281fc5
"hangul_0516_20260928T190953603Z_740fc8e2.jpg","둑",516,,,pending_review,"P004","S01","2026-09-28T19:09:53.6037354Z",64,64,jpeg,5c7b367099e48f200c3c060a0b938d70bc070ec50e93ec4f670a178007281fc5
"hangul_0516_20260928T191005942Z_db0d4a34.jpg","둑",516,,,pending_review,"P004","S01","2026-09-28T19:10:05.9424503Z",64,64,jpeg,5c7b367099e48f200c3c060a0b938d70bc070ec50e93ec4f670a178007281fc5
"hangul_0517_20260928T191022803Z_b146c7ee.jpg","둔",517,,,pending_review,"P004","S01","2026-09-28T19:10:22.8031382Z",64,64,jpeg,5c7b367099e48f200c3c060a0b938d70bc070ec50e93ec4f670a178007281fc5
"hangul_0518_20260928T191026946Z_c5fec498.jpg","둘",518,,,pending_review,"P004","S01","2026-09-28T19:10:26.9468456Z",64,64,jpeg,5c7b367099e48f200c3c060a0b938d70bc070ec50e93ec4f670a178007281fc5
"hangul_0519_20260928T191030816Z_95c48339.jpg","둠",519,,,pending_review,"P004","S01","2026-09-28T19:10:30.8167749Z",64,64,jpeg,5c7b367099e48f200c3c060a0b938d70bc070ec50e93ec4f670a178007281fc5
"hangul_0520_20260928T191035086Z_27ade847.jpg","둡",520,,,pending_review,"P004","S01","2026-09-28T19:10:35.0866983Z",64,64,jpeg,5c7b367099e48f200c3c060a0b938d70bc070ec50e93ec4f670a178007281fc5
"hangul_0521_20260928T191038535Z_24e73c0a.jpg","둣",521,,,pending_review,"P004","S01","2026-09-28T19:10:38.5357611Z",64,64,jpeg,5c7b367099e48f200c3c060a0b938d70bc070ec50e93ec4f670a178007281fc5
"hangul_0522_20260928T191043880Z_0d2f0aca.jpg","둥",522,,,pending_review,"P004","S01","2026-09-28T19:10:43.8804170Z",64,64,jpeg,5c7b367099e48f200c3c060a0b938d70bc070ec50e93ec4f670a178007281fc5
"hangul_0523_20260928T191049806Z_68614dff.jpg","둬",523,,,pending_review,"P004","S01","2026-09-28T19:10:49.8064055Z",64,64,jpeg,5c7b367099e48f200c3c060a0b938d70bc070ec50e93ec4f670a178007281fc5
"hangul_0524_20260928T191055436Z_f3a2e329.jpg","뒀",524,,,pending_review,"P004","S01","2026-09-28T19:10:55.4362318Z",64,64,jpeg,5c7b367099e48f200c3c060a0b938d70bc070ec50e93ec4f670a178007281fc5
"hangul_0525_20260928T191059819Z_ff498d6f.jpg","뒈",525,,,pending_review,"P004","S01","2026-09-28T19:10:59.8196826Z",64,64,jpeg,5c7b367099e48f200c3c060a0b938d70bc070ec50e93ec4f670a178007281fc5
"hangul_0526_20260928T191107251Z_df89e8e1.jpg","뒝",526,,,pending_review,"P004","S01","2026-09-28T19:11:07.2519787Z",64,64,jpeg,5c7b367099e48f200c3c060a0b938d70bc070ec50e93ec4f670a178007281fc5
"hangul_0527_20260928T191111022Z_82520770.jpg","뒤",527,,,pending_review,"P004","S01","2026-09-28T19:11:11.0227647Z",64,64,jpeg,5c7b367099e48f200c3c060a0b938d70bc070ec50e93ec4f670a178007281fc5
"hangul_0528_20260928T191114846Z_9cf489d5.jpg","뒨",528,,,pending_review,"P004","S01","2026-09-28T19:11:14.8462028Z",64,64,jpeg,5c7b367099e48f200c3c060a0b938d70bc070ec50e93ec4f670a178007281fc5
"hangul_0529_20260928T191119226Z_2c5bf81e.jpg","뒬",529,,,pending_review,"P004","S01","2026-09-28T19:11:19.2268920Z",64,64,jpeg,5c7b367099e48f200c3c060a0b938d70bc070ec50e93ec4f670a178007281fc5
"hangul_0530_20260928T191124712Z_76bbe472.jpg","뒵",530,,,pending_review,"P004","S01","2026-09-28T19:11:24.7126172Z",64,64,jpeg,5c7b367099e48f200c3c060a0b938d70bc070ec50e93ec4f670a178007281fc5
"hangul_0531_20260928T191128886Z_e0a40f22.jpg","뒷",531,,,pending_review,"P004","S01","2026-09-28T19:11:28.8863194Z",64,64,jpeg,5c7b367099e48f200c3c060a0b938d70bc070ec50e93ec4f670a178007281fc5
"hangul_0532_20260928T191153114Z_42041e13.jpg","뒹",532,,,pending_review,"P004","S01","2026-09-28T19:11:53.1144095Z",64,64,jpeg,5c7b367099e48f200c3c060a0b938d70bc070ec50e93ec4f670a178007281fc5
"hangul_0533_20260928T191159207Z_78f26030.jpg","듀",533,,,pending_review,"P004","S01","2026-09-28T19:11:59.2072020Z",64,64,jpeg,5c7b367099e48f200c3c060a0b938d70bc070ec50e93ec4f670a178007281fc5
"hangul_0533_20260928T191203702Z_cabc0df7.jpg","듀",533,,,pending_review,"P004","S01","2026-09-28T19:12:03.7023610Z",64,64,jpeg,5c7b367099e48f200c3c060a0b938d70bc070ec50e93ec4f670a178007281fc5
"hangul_0534_20260928T191208121Z_46a8ee4a.jpg","듄",534,,,pending_review,"P004","S01","2026-09-28T19:12:08.1214033Z",64,64,jpeg,5c7b367099e48f200c3c060a0b938d70bc070ec50e93ec4f670a178007281fc5
"hangul_0535_20260928T191212591Z_b4e86d1b.jpg","듈",535,,,pending_review,"P004","S01","2026-09-28T19:12:12.5919335Z",64,64,jpeg,5c7b367099e48f200c3c060a0b938d70bc070ec50e93ec4f670a178007281fc5
"hangul_0536_20260928T191217274Z_3fa4ecad.jpg","듐",536,,,pending_review,"P004","S01","2026-09-28T19:12:17.2744688Z",64,64,jpeg,5c7b367099e48f200c3c060a0b938d70bc070ec50e93ec4f670a178007281fc5
"hangul_0537_20260928T191221469Z_9513f3f9.jpg","듕",537,,,pending_review,"P004","S01","2026-09-28T19:12:21.4694716Z",64,64,jpeg,5c7b367099e48f200c3c060a0b938d70bc070ec50e93ec4f670a178007281fc5
"hangul_0538_20260928T191224360Z_16a899de.jpg","드",538,,,pending_review,"P004","S01","2026-09-28T19:12:24.3604696Z",64,64,jpeg,5c7b367099e48f200c3c060a0b938d70bc070ec50e93ec4f670a178007281fc5
"hangul_0539_20260928T191227237Z_29eb1403.jpg","득",539,,,pending_review,"P004","S01","2026-09-28T19:12:27.2378239Z",64,64,jpeg,5c7b367099e48f200c3c060a0b938d70bc070ec50e93ec4f670a178007281fc5
"hangul_0540_20260928T191229862Z_4d4b458d.jpg","든",540,,,pending_review,"P004","S01","2026-09-28T19:12:29.8624254Z",64,64,jpeg,5c7b367099e48f200c3c060a0b938d70bc070ec50e93ec4f670a178007281fc5
"hangul_0541_20260928T191232525Z_c67d13d8.jpg","듣",541,,,pending_review,"P004","S01","2026-09-28T19:12:32.5257692Z",64,64,jpeg,5c7b367099e48f200c3c060a0b938d70bc070ec50e93ec4f670a178007281fc5
"hangul_0542_20260928T191235901Z_796866af.jpg","들",542,,,pending_review,"P004","S01","2026-09-28T19:12:35.9017403Z",64,64,jpeg,5c7b367099e48f200c3c060a0b938d70bc070ec50e93ec4f670a178007281fc5
"hangul_0543_20260928T191239795Z_42b9dc6f.jpg","듦",543,,,pending_review,"P004","S01","2026-09-28T19:12:39.7955194Z",64,64,jpeg,5c7b367099e48f200c3c060a0b938d70bc070ec50e93ec4f670a178007281fc5
"hangul_0544_20260928T191242943Z_f746366d.jpg","듬",544,,,pending_review,"P004","S01","2026-09-28T19:12:42.9437865Z",64,64,jpeg,5c7b367099e48f200c3c060a0b938d70bc070ec50e93ec4f670a178007281fc5
"hangul_0545_20260928T191246226Z_99b3bd25.jpg","듭",545,,,pending_review,"P004","S01","2026-09-28T19:12:46.2263439Z",64,64,jpeg,5c7b367099e48f200c3c060a0b938d70bc070ec50e93ec4f670a178007281fc5
"hangul_0546_20260928T191249031Z_c29b6e85.jpg","듯",546,,,pending_review,"P004","S01","2026-09-28T19:12:49.0316294Z",64,64,jpeg,5c7b367099e48f200c3c060a0b938d70bc070ec50e93ec4f670a178007281fc5
"hangul_0547_20260928T191252365Z_06a33980.jpg","등",547,,,pending_review,"P004","S01","2026-09-28T19:12:52.3655849Z",64,64,jpeg,5c7b367099e48f200c3c060a0b938d70bc070ec50e93ec4f670a178007281fc5
"hangul_0548_20260928T191257647Z_720f8723.jpg","듸",548,,,pending_review,"P004","S01","2026-09-28T19:12:57.6479614Z",64,64,jpeg,5c7b367099e48f200c3c060a0b938d70bc070ec50e93ec4f670a178007281fc5
"hangul_0549_20260928T191259968Z_bc18be0d.jpg","디",549,,,pending_review,"P004","S01","2026-09-28T19:12:59.9683014Z",64,64,jpeg,5c7b367099e48f200c3c060a0b938d70bc070ec50e93ec4f670a178007281fc5
"hangul_0550_20260928T191303060Z_983c2df4.jpg","딕",550,,,pending_review,"P004","S01","2026-09-28T19:13:03.0602039Z",64,64,jpeg,5c7b367099e48f200c3c060a0b938d70bc070ec50e93ec4f670a178007281fc5
"hangul_0551_20260928T191306174Z_3e39ea00.jpg","딘",551,,,pending_review,"P004","S01","2026-09-28T19:13:06.1740342Z",64,64,jpeg,5c7b367099e48f200c3c060a0b938d70bc070ec50e93ec4f670a178007281fc5
"hangul_0552_20260928T191309743Z_df6a0153.jpg","딛",552,,,pending_review,"P004","S01","2026-09-28T19:13:09.7438454Z",64,64,jpeg,5c7b367099e48f200c3c060a0b938d70bc070ec50e93ec4f670a178007281fc5
"hangul_0553_20260928T191313198Z_04de724b.jpg","딜",553,,,pending_review,"P004","S01","2026-09-28T19:13:13.1980760Z",64,64,jpeg,5c7b367099e48f200c3c060a0b938d70bc070ec50e93ec4f670a178007281fc5
"hangul_0554_20260928T191316811Z_974f7a0a.jpg","딤",554,,,pending_review,"P004","S01","2026-09-28T19:13:16.8114744Z",64,64,jpeg,5c7b367099e48f200c3c060a0b938d70bc070ec50e93ec4f670a178007281fc5
"hangul_0555_20260928T191327433Z_4b6d2112.jpg","딥",555,,,pending_review,"P004","S01","2026-09-28T19:13:27.4339633Z",64,64,jpeg,5c7b367099e48f200c3c060a0b938d70bc070ec50e93ec4f670a178007281fc5
"hangul_0556_20260928T191331612Z_c23bb074.jpg","딧",556,,,pending_review,"P004","S01","2026-09-28T19:13:31.6128023Z",64,64,jpeg,5c7b367099e48f200c3c060a0b938d70bc070ec50e93ec4f670a178007281fc5
"hangul_0557_20260928T191336513Z_2fe3a701.jpg","딨",557,,,pending_review,"P004","S01","2026-09-28T19:13:36.5139302Z",64,64,jpeg,5c7b367099e48f200c3c060a0b938d70bc070ec50e93ec4f670a178007281fc5
"hangul_0558_20260928T191339600Z_5f7dee5c.jpg","딩",558,,,pending_review,"P004","S01","2026-09-28T19:13:39.6008264Z",64,64,jpeg,5c7b367099e48f200c3c060a0b938d70bc070ec50e93ec4f670a178007281fc5
"hangul_0559_20260928T191343145Z_00932cd6.jpg","딪",559,,,pending_review,"P004","S01","2026-09-28T19:13:43.1458649Z",64,64,jpeg,5c7b367099e48f200c3c060a0b938d70bc070ec50e93ec4f670a178007281fc5
"hangul_0560_20260928T191346483Z_47e5b764.jpg","따",560,,,pending_review,"P004","S01","2026-09-28T19:13:46.4837653Z",64,64,jpeg,5c7b367099e48f200c3c060a0b938d70bc070ec50e93ec4f670a178007281fc5
"hangul_0561_20260928T191350786Z_e78ee000.jpg","딱",561,,,pending_review,"P004","S01","2026-09-28T19:13:50.7867341Z",64,64,jpeg,5c7b367099e48f200c3c060a0b938d70bc070ec50e93ec4f670a178007281fc5
"hangul_0562_20260928T191354149Z_d6ec83cf.jpg","딴",562,,,pending_review,"P004","S01","2026-09-28T19:13:54.1496061Z",64,64,jpeg,5c7b367099e48f200c3c060a0b938d70bc070ec50e93ec4f670a178007281fc5
"hangul_0563_20260928T191358299Z_222600af.jpg","딸",563,,,pending_review,"P004","S01","2026-09-28T19:13:58.2996147Z",64,64,jpeg,5c7b367099e48f200c3c060a0b938d70bc070ec50e93ec4f670a178007281fc5
"hangul_0564_20260928T191402579Z_f0082d2f.jpg","땀",564,,,pending_review,"P004","S01","2026-09-28T19:14:02.5792579Z",64,64,jpeg,5c7b367099e48f200c3c060a0b938d70bc070ec50e93ec4f670a178007281fc5
"hangul_0565_20260928T191407270Z_26fa240c.jpg","땁",565,,,pending_review,"P004","S01","2026-09-28T19:14:07.2702579Z",64,64,jpeg,5c7b367099e48f200c3c060a0b938d70bc070ec50e93ec4f670a178007281fc5
"hangul_0576_20260928T191414041Z_ba9e6e9c.jpg","땟",576,,,pending_review,"P004","S01","2026-09-28T19:14:14.0410125Z",64,64,jpeg,5c7b367099e48f200c3c060a0b938d70bc070ec50e93ec4f670a178007281fc5
"hangul_0577_20260928T191418889Z_829e3025.jpg","땠",577,,,pending_review,"P004","S01","2026-09-28T19:14:18.8899602Z",64,64,jpeg,5c7b367099e48f200c3c060a0b938d70bc070ec50e93ec4f670a178007281fc5
"hangul_0578_20260928T191424132Z_41a1b5c5.jpg","땡",578,,,pending_review,"P004","S01","2026-09-28T19:14:24.1327197Z",64,64,jpeg,5c7b367099e48f200c3c060a0b938d70bc070ec50e93ec4f670a178007281fc5
"hangul_0579_20260928T191432197Z_fd7d921d.jpg","떠",579,,,pending_review,"P004","S01","2026-09-28T19:14:32.1971694Z",64,64,jpeg,5c7b367099e48f200c3c060a0b938d70bc070ec50e93ec4f670a178007281fc5
"hangul_0581_20260928T191436721Z_0fb4fa7f.jpg","떤",581,,,pending_review,"P004","S01","2026-09-28T19:14:36.7214603Z",64,64,jpeg,5c7b367099e48f200c3c060a0b938d70bc070ec50e93ec4f670a178007281fc5
"hangul_0582_20260928T191441669Z_60a37a64.jpg","떨",582,,,pending_review,"P004","S01","2026-09-28T19:14:41.6695739Z",64,64,jpeg,5c7b367099e48f200c3c060a0b938d70bc070ec50e93ec4f670a178007281fc5
"hangul_0584_20260928T191448911Z_1a977d67.jpg","떫",584,,,pending_review,"P004","S01","2026-09-28T19:14:48.9116939Z",64,64,jpeg,5c7b367099e48f200c3c060a0b938d70bc070ec50e93ec4f670a178007281fc5
"hangul_0593_20260928T191456247Z_5f01070a.jpg","뗀",593,,,pending_review,"P004","S01","2026-09-28T19:14:56.2477170Z",64,64,jpeg,5c7b367099e48f200c3c060a0b938d70bc070ec50e93ec4f670a178007281fc5
"hangul_0594_20260928T191502052Z_c1e5008c.jpg","뗄",594,,,pending_review,"P004","S01","2026-09-28T19:15:02.0527119Z",64,64,jpeg,5c7b367099e48f200c3c060a0b938d70bc070ec50e93ec4f670a178007281fc5
"hangul_0595_20260928T191508491Z_5fba8fdb.jpg","뗌",595,,,pending_review,"P004","S01","2026-09-28T19:15:08.4911828Z",64,64,jpeg,5c7b367099e48f200c3c060a0b938d70bc070ec50e93ec4f670a178007281fc5
"hangul_0596_20260928T191514290Z_66772f5f.jpg","뗍",596,,,pending_review,"P004","S01","2026-09-28T19:15:14.2900925Z",64,64,jpeg,5c7b367099e48f200c3c060a0b938d70bc070ec50e93ec4f670a178007281fc5
"hangul_0597_20260928T191519018Z_57bdffdc.jpg","뗏",597,,,pending_review,"P004","S01","2026-09-28T19:15:19.0187293Z",64,64,jpeg,5c7b367099e48f200c3c060a0b938d70bc070ec50e93ec4f670a178007281fc5
"hangul_0598_20260928T191524573Z_e055f096.jpg","뗐",598,,,pending_review,"P004","S01","2026-09-28T19:15:24.5738208Z",64,64,jpeg,5c7b367099e48f200c3c060a0b938d70bc070ec50e93ec4f670a178007281fc5
"hangul_0597_20260928T191541563Z_9da09c51.jpg","뗏",597,,,pending_review,"P004","S01","2026-09-28T19:15:41.5636842Z",64,64,jpeg,5c7b367099e48f200c3c060a0b938d70bc070ec50e93ec4f670a178007281fc5
"hangul_0598_20260928T191547624Z_fc28ec84.jpg","뗐",598,,,pending_review,"P004","S01","2026-09-28T19:15:47.6243253Z",64,64,jpeg,5c7b367099e48f200c3c060a0b938d70bc070ec50e93ec4f670a178007281fc5
"hangul_0599_20260928T191552757Z_575c66ae.jpg","뗑",599,,,pending_review,"P004","S01","2026-09-28T19:15:52.7574200Z",64,64,jpeg,5c7b367099e48f200c3c060a0b938d70bc070ec50e93ec4f670a178007281fc5
"hangul_0600_20260928T191556814Z_dcbb23ab.jpg","뗘",600,,,pending_review,"P004","S01","2026-09-28T19:15:56.8146881Z",64,64,jpeg,5c7b367099e48f200c3c060a0b938d70bc070ec50e93ec4f670a178007281fc5
"hangul_0601_20260928T191601926Z_4f416fce.jpg","뗬",601,,,pending_review,"P004","S01","2026-09-28T19:16:01.9265590Z",64,64,jpeg,5c7b367099e48f200c3c060a0b938d70bc070ec50e93ec4f670a178007281fc5
"hangul_0602_20260928T191604902Z_962e1421.jpg","또",602,,,pending_review,"P004","S01","2026-09-28T19:16:04.9023197Z",64,64,jpeg,5c7b367099e48f200c3c060a0b938d70bc070ec50e93ec4f670a178007281fc5
"hangul_0603_20260928T191609249Z_6d9fcc46.jpg","똑",603,,,pending_review,"P004","S01","2026-09-28T19:16:09.2495987Z",64,64,jpeg,5c7b367099e48f200c3c060a0b938d70bc070ec50e93ec4f670a178007281fc5
"hangul_0604_20260928T191613994Z_cb400413.jpg","똔",604,,,pending_review,"P004","S01","2026-09-28T19:16:13.9943524Z",64,64,jpeg,5c7b367099e48f200c3c060a0b938d70bc070ec50e93ec4f670a178007281fc5
"hangul_0605_20260928T191618194Z_f83ee061.jpg","똘",605,,,pending_review,"P004","S01","2026-09-28T19:16:18.1941689Z",64,64,jpeg,5c7b367099e48f200c3c060a0b938d70bc070ec50e93ec4f670a178007281fc5
"hangul_0606_20260928T191621927Z_37a9ace9.jpg","똥",606,,,pending_review,"P004","S01","2026-09-28T19:16:21.9278940Z",64,64,jpeg,5c7b367099e48f200c3c060a0b938d70bc070ec50e93ec4f670a178007281fc5
"hangul_0607_20260928T191626778Z_ac429e3f.jpg","똬",607,,,pending_review,"P004","S01","2026-09-28T19:16:26.7785195Z",64,64,jpeg,5c7b367099e48f200c3c060a0b938d70bc070ec50e93ec4f670a178007281fc5
"hangul_0608_20260928T191643416Z_22920369.jpg","똴",608,,,pending_review,"P004","S01","2026-09-28T19:16:43.4168930Z",64,64,jpeg,5c7b367099e48f200c3c060a0b938d70bc070ec50e93ec4f670a178007281fc5
"hangul_0609_20260928T191648849Z_f0bf2c5e.jpg","뙈",609,,,pending_review,"P004","S01","2026-09-28T19:16:48.8493121Z",64,64,jpeg,5c7b367099e48f200c3c060a0b938d70bc070ec50e93ec4f670a178007281fc5
"hangul_0609_20260928T191743518Z_ba4c90b7.jpg","뙈",609,,,pending_review,"P004","S01","2026-09-28T19:17:43.5185602Z",64,64,jpeg,5c7b367099e48f200c3c060a0b938d70bc070ec50e93ec4f670a178007281fc5
"hangul_0610_20260928T191748626Z_37b7dddc.jpg","뙤",610,,,pending_review,"P004","S01","2026-09-28T19:17:48.6268325Z",64,64,jpeg,5c7b367099e48f200c3c060a0b938d70bc070ec50e93ec4f670a178007281fc5
"hangul_0611_20260928T191754490Z_d1040f22.jpg","뙨",611,,,pending_review,"P004","S01","2026-09-28T19:17:54.4902629Z",64,64,jpeg,5c7b367099e48f200c3c060a0b938d70bc070ec50e93ec4f670a178007281fc5
"hangul_0612_20260928T191802860Z_1fdf1956.jpg","뚜",612,,,pending_review,"P004","S01","2026-09-28T19:18:02.8605586Z",64,64,jpeg,5c7b367099e48f200c3c060a0b938d70bc070ec50e93ec4f670a178007281fc5
"hangul_0613_20260928T191807541Z_08e61444.jpg","뚝",613,,,pending_review,"P004","S01","2026-09-28T19:18:07.5417193Z",64,64,jpeg,5c7b367099e48f200c3c060a0b938d70bc070ec50e93ec4f670a178007281fc5
"hangul_0614_20260928T191814388Z_ecf9d039.jpg","뚠",614,,,pending_review,"P004","S01","2026-09-28T19:18:14.3881777Z",64,64,jpeg,5c7b367099e48f200c3c060a0b938d70bc070ec50e93ec4f670a178007281fc5
"hangul_0615_20260928T191819754Z_27c8f4b6.jpg","뚤",615,,,pending_review,"P004","S01","2026-09-28T19:18:19.7546811Z",64,64,jpeg,5c7b367099e48f200c3c060a0b938d70bc070ec50e93ec4f670a178007281fc5
"hangul_0616_20260928T191825101Z_1fb7b64e.jpg","뚫",616,,,pending_review,"P004","S01","2026-09-28T19:18:25.1015987Z",64,64,jpeg,5c7b367099e48f200c3c060a0b938d70bc070ec50e93ec4f670a178007281fc5
"hangul_0617_20260928T191829461Z_34959182.jpg","뚬",617,,,pending_review,"P004","S01","2026-09-28T19:18:29.4617457Z",64,64,jpeg,5c7b367099e48f200c3c060a0b938d70bc070ec50e93ec4f670a178007281fc5
"hangul_0618_20260928T191835881Z_01255bed.jpg","뚱",618,,,pending_review,"P004","S01","2026-09-28T19:18:35.8814283Z",64,64,jpeg,5c7b367099e48f200c3c060a0b938d70bc070ec50e93ec4f670a178007281fc5
"hangul_0618_20260928T191944391Z_13b3733f.jpg","뚱",618,,,pending_review,"P004","S01","2026-09-28T19:19:44.3910879Z",64,64,jpeg,5c7b367099e48f200c3c060a0b938d70bc070ec50e93ec4f670a178007281fc5
"hangul_0629_20260928T191958448Z_ee922ae8.jpg","뜯",629,,,pending_review,"P004","S01","2026-09-28T19:19:58.4489547Z",64,64,jpeg,5c7b367099e48f200c3c060a0b938d70bc070ec50e93ec4f670a178007281fc5
"hangul_0636_20260928T192008086Z_cf595875.jpg","띌",636,,,pending_review,"P004","S01","2026-09-28T19:20:08.0861893Z",64,64,jpeg,5c7b367099e48f200c3c060a0b938d70bc070ec50e93ec4f670a178007281fc5
"hangul_0637_20260928T192027212Z_fa58bf2d.jpg","띔",637,,,pending_review,"P004","S01","2026-09-28T19:20:27.2122335Z",64,64,jpeg,5c7b367099e48f200c3c060a0b938d70bc070ec50e93ec4f670a178007281fc5
"hangul_0639_20260928T192034252Z_7588474b.jpg","띠",639,,,pending_review,"P004","S01","2026-09-28T19:20:34.2524785Z",64,64,jpeg,5c7b367099e48f200c3c060a0b938d70bc070ec50e93ec4f670a178007281fc5
"hangul_0640_20260928T192038058Z_e8f1f8d9.jpg","띤",640,,,pending_review,"P004","S01","2026-09-28T19:20:38.0583665Z",64,64,jpeg,5c7b367099e48f200c3c060a0b938d70bc070ec50e93ec4f670a178007281fc5
"hangul_0641_20260928T192044726Z_5a264f73.jpg","띨",641,,,pending_review,"P004","S01","2026-09-28T19:20:44.7265744Z",64,64,jpeg,5c7b367099e48f200c3c060a0b938d70bc070ec50e93ec4f670a178007281fc5
"hangul_0646_20260928T192213581Z_2fcf2813.jpg","라",646,,,pending_review,"P004","S01","2026-09-28T19:22:13.5811877Z",64,64,jpeg,5c7b367099e48f200c3c060a0b938d70bc070ec50e93ec4f670a178007281fc5
"hangul_0647_20260928T192227034Z_c94ddd18.jpg","락",647,,,pending_review,"P004","S01","2026-09-28T19:22:27.0349094Z",64,64,jpeg,5c7b367099e48f200c3c060a0b938d70bc070ec50e93ec4f670a178007281fc5
"hangul_0648_20260928T192248039Z_f5311435.jpg","란",648,,,pending_review,"P004","S01","2026-09-28T19:22:48.0399433Z",64,64,jpeg,5c7b367099e48f200c3c060a0b938d70bc070ec50e93ec4f670a178007281fc5
"hangul_0649_20260928T192251972Z_5b004bd5.jpg","랄",649,,,pending_review,"P004","S01","2026-09-28T19:22:51.9727934Z",64,64,jpeg,5c7b367099e48f200c3c060a0b938d70bc070ec50e93ec4f670a178007281fc5
"hangul_0650_20260928T192256096Z_2a9b6bd3.jpg","람",650,,,pending_review,"P004","S01","2026-09-28T19:22:56.0963302Z",64,64,jpeg,5c7b367099e48f200c3c060a0b938d70bc070ec50e93ec4f670a178007281fc5
"hangul_0651_20260928T192302920Z_401f107e.jpg","랍",651,,,pending_review,"P004","S01","2026-09-28T19:23:02.9201551Z",64,64,jpeg,5c7b367099e48f200c3c060a0b938d70bc070ec50e93ec4f670a178007281fc5
"hangul_0655_20260928T192307831Z_af35578b.jpg","랒",655,,,pending_review,"P004","S01","2026-09-28T19:23:07.8313022Z",64,64,jpeg,5c7b367099e48f200c3c060a0b938d70bc070ec50e93ec4f670a178007281fc5
"hangul_0657_20260928T192314101Z_576a6cfd.jpg","랗",657,,,pending_review,"P004","S01","2026-09-28T19:23:14.1014224Z",64,64,jpeg,5c7b367099e48f200c3c060a0b938d70bc070ec50e93ec4f670a178007281fc5
"hangul_0658_20260928T192317770Z_0b5c7461.jpg","래",658,,,pending_review,"P004","S01","2026-09-28T19:23:17.7703982Z",64,64,jpeg,5c7b367099e48f200c3c060a0b938d70bc070ec50e93ec4f670a178007281fc5
"hangul_0658_20260928T192322351Z_0fa1122e.jpg","래",658,,,pending_review,"P004","S01","2026-09-28T19:23:22.3515162Z",64,64,jpeg,5c7b367099e48f200c3c060a0b938d70bc070ec50e93ec4f670a178007281fc5
"hangul_0659_20260928T192326269Z_b52059dd.jpg","랙",659,,,pending_review,"P004","S01","2026-09-28T19:23:26.2691497Z",64,64,jpeg,5c7b367099e48f200c3c060a0b938d70bc070ec50e93ec4f670a178007281fc5
"hangul_0660_20260928T192329452Z_3d894f7b.jpg","랜",660,,,pending_review,"P004","S01","2026-09-28T19:23:29.4522349Z",64,64,jpeg,5c7b367099e48f200c3c060a0b938d70bc070ec50e93ec4f670a178007281fc5
"hangul_0661_20260928T192352565Z_3d7d3866.jpg","랠",661,,,pending_review,"P004","S01","2026-09-28T19:23:52.5658956Z",64,64,jpeg,5c7b367099e48f200c3c060a0b938d70bc070ec50e93ec4f670a178007281fc5
"hangul_0662_20260928T192356480Z_661a9770.jpg","램",662,,,pending_review,"P004","S01","2026-09-28T19:23:56.4800371Z",64,64,jpeg,5c7b367099e48f200c3c060a0b938d70bc070ec50e93ec4f670a178007281fc5
"hangul_0665_20260928T192401840Z_7b0dc907.jpg","랬",665,,,pending_review,"P004","S01","2026-09-28T19:24:01.8400381Z",64,64,jpeg,5c7b367099e48f200c3c060a0b938d70bc070ec50e93ec4f670a178007281fc5
"hangul_0666_20260928T192449865Z_3e516511.jpg","랭",666,,,pending_review,"P004","S01","2026-09-28T19:24:49.8653606Z",64,64,jpeg,5c7b367099e48f200c3c060a0b938d70bc070ec50e93ec4f670a178007281fc5
"hangul_0667_20260928T192453960Z_1c38c3e9.jpg","랴",667,,,pending_review,"P004","S01","2026-09-28T19:24:53.9607516Z",64,64,jpeg,5c7b367099e48f200c3c060a0b938d70bc070ec50e93ec4f670a178007281fc5
"hangul_0670_20260928T192458650Z_80b1c7ab.jpg","럇",670,,,pending_review,"P004","S01","2026-09-28T19:24:58.6503341Z",64,64,jpeg,5c7b367099e48f200c3c060a0b938d70bc070ec50e93ec4f670a178007281fc5
"hangul_0671_20260928T192503099Z_9709f18b.jpg","량",671,,,pending_review,"P004","S01","2026-09-28T19:25:03.0998597Z",64,64,jpeg,5c7b367099e48f200c3c060a0b938d70bc070ec50e93ec4f670a178007281fc5
"hangul_0672_20260928T192513886Z_3373b52d.jpg","러",672,,,pending_review,"P004","S01","2026-09-28T19:25:13.8861867Z",64,64,jpeg,5c7b367099e48f200c3c060a0b938d70bc070ec50e93ec4f670a178007281fc5
"hangul_0673_20260928T192522443Z_c30b6dd9.jpg","럭",673,,,pending_review,"P004","S01","2026-09-28T19:25:22.4434947Z",64,64,jpeg,5c7b367099e48f200c3c060a0b938d70bc070ec50e93ec4f670a178007281fc5
"hangul_0674_20260928T192528234Z_8a5a125e.jpg","런",674,,,pending_review,"P004","S01","2026-09-28T19:25:28.2349123Z",64,64,jpeg,5c7b367099e48f200c3c060a0b938d70bc070ec50e93ec4f670a178007281fc5
"hangul_0675_20260928T192534191Z_6b784ab5.jpg","럴",675,,,pending_review,"P004","S01","2026-09-28T19:25:34.1911062Z",64,64,jpeg,5c7b367099e48f200c3c060a0b938d70bc070ec50e93ec4f670a178007281fc5
"hangul_0676_20260928T192539887Z_756ba966.jpg","럼",676,,,pending_review,"P004","S01","2026-09-28T19:25:39.8877898Z",64,64,jpeg,5c7b367099e48f200c3c060a0b938d70bc070ec50e93ec4f670a178007281fc5
"hangul_0676_20260928T192604670Z_aeff0bd9.jpg","럼",676,,,pending_review,"P004","S01","2026-09-28T19:26:04.6701127Z",64,64,jpeg,5c7b367099e48f200c3c060a0b938d70bc070ec50e93ec4f670a178007281fc5
"hangul_0677_20260928T192609559Z_021537a1.jpg","럽",677,,,pending_review,"P004","S01","2026-09-28T19:26:09.5594792Z",64,64,jpeg,5c7b367099e48f200c3c060a0b938d70bc070ec50e93ec4f670a178007281fc5
"hangul_0678_20260928T192625203Z_bd411110.jpg","럿",678,,,pending_review,"P004","S01","2026-09-28T19:26:25.2030125Z",64,64,jpeg,5c7b367099e48f200c3c060a0b938d70bc070ec50e93ec4f670a178007281fc5
"hangul_0679_20260928T192629703Z_263b3065.jpg","렀",679,,,pending_review,"P004","S01","2026-09-28T19:26:29.7038687Z",64,64,jpeg,5c7b367099e48f200c3c060a0b938d70bc070ec50e93ec4f670a178007281fc5
"hangul_0680_20260928T192633561Z_d99b881c.jpg","렁",680,,,pending_review,"P004","S01","2026-09-28T19:26:33.5614292Z",64,64,jpeg,5c7b367099e48f200c3c060a0b938d70bc070ec50e93ec4f670a178007281fc5
"hangul_0681_20260928T192637559Z_abd24aa5.jpg","렇",681,,,pending_review,"P004","S01","2026-09-28T19:26:37.5593409Z",64,64,jpeg,5c7b367099e48f200c3c060a0b938d70bc070ec50e93ec4f670a178007281fc5
"hangul_0682_20260928T192640922Z_16a674fd.jpg","레",682,,,pending_review,"P004","S01","2026-09-28T19:26:40.9227218Z",64,64,jpeg,5c7b367099e48f200c3c060a0b938d70bc070ec50e93ec4f670a178007281fc5
"hangul_0683_20260928T192713597Z_3ead2e5f.jpg","렉",683,,,pending_review,"P004","S01","2026-09-28T19:27:13.5973085Z",64,64,jpeg,5c7b367099e48f200c3c060a0b938d70bc070ec50e93ec4f670a178007281fc5
"hangul_0684_20260928T192718994Z_ab4a74f6.jpg","렌",684,,,pending_review,"P004","S01","2026-09-28T19:27:18.9942725Z",64,64,jpeg,5c7b367099e48f200c3c060a0b938d70bc070ec50e93ec4f670a178007281fc5
"hangul_0685_20260928T192749807Z_09917bb1.jpg","렐",685,,,pending_review,"P004","S01","2026-09-28T19:27:49.8070733Z",64,64,jpeg,5c7b367099e48f200c3c060a0b938d70bc070ec50e93ec4f670a178007281fc5
"hangul_0690_20260928T192756235Z_6e77745d.jpg","려",690,,,pending_review,"P004","S01","2026-09-28T19:27:56.2357125Z",64,64,jpeg,5c7b367099e48f200c3c060a0b938d70bc070ec50e93ec4f670a178007281fc5
"hangul_0697_20260928T192805964Z_c2a0167b.jpg","렸",697,,,pending_review,"P004","S01","2026-09-28T19:28:05.9645269Z",64,64,jpeg,5c7b367099e48f200c3c060a0b938d70bc070ec50e93ec4f670a178007281fc5
"hangul_0698_20260928T192809975Z_3b093a5f.jpg","령",698,,,pending_review,"P004","S01","2026-09-28T19:28:09.9754848Z",64,64,jpeg,5c7b367099e48f200c3c060a0b938d70bc070ec50e93ec4f670a178007281fc5
"hangul_0699_20260928T192813744Z_911a0cd6.jpg","례",699,,,pending_review,"P004","S01","2026-09-28T19:28:13.7447996Z",64,64,jpeg,5c7b367099e48f200c3c060a0b938d70bc070ec50e93ec4f670a178007281fc5
"hangul_0700_20260928T192817748Z_b6497948.jpg","롄",700,,,pending_review,"P004","S01","2026-09-28T19:28:17.7488360Z",64,64,jpeg,5c7b367099e48f200c3c060a0b938d70bc070ec50e93ec4f670a178007281fc5
"hangul_0701_20260928T192822728Z_ed4e6c15.jpg","롑",701,,,pending_review,"P004","S01","2026-09-28T19:28:22.7281159Z",64,64,jpeg,5c7b367099e48f200c3c060a0b938d70bc070ec50e93ec4f670a178007281fc5
"hangul_0702_20260928T192827343Z_8944eaa7.jpg","롓",702,,,pending_review,"P004","S01","2026-09-28T19:28:27.3437114Z",64,64,jpeg,5c7b367099e48f200c3c060a0b938d70bc070ec50e93ec4f670a178007281fc5
"hangul_0703_20260928T192830543Z_eb52d0f5.jpg","로",703,,,pending_review,"P004","S01","2026-09-28T19:28:30.5437530Z",64,64,jpeg,5c7b367099e48f200c3c060a0b938d70bc070ec50e93ec4f670a178007281fc5
"hangul_0704_20260928T192838256Z_6172631f.jpg","록",704,,,pending_review,"P004","S01","2026-09-28T19:28:38.2569621Z",64,64,jpeg,5c7b367099e48f200c3c060a0b938d70bc070ec50e93ec4f670a178007281fc5
"hangul_0705_20260928T192841615Z_2241d146.jpg","론",705,,,pending_review,"P004","S01","2026-09-28T19:28:41.6154791Z",64,64,jpeg,5c7b367099e48f200c3c060a0b938d70bc070ec50e93ec4f670a178007281fc5
"hangul_0706_20260928T192846336Z_14908142.jpg","롤",706,,,pending_review,"P004","S01","2026-09-28T19:28:46.3364429Z",64,64,jpeg,5c7b367099e48f200c3c060a0b938d70bc070ec50e93ec4f670a178007281fc5
"hangul_0707_20260928T192852730Z_75927212.jpg","롬",707,,,pending_review,"P004","S01","2026-09-28T19:28:52.7300653Z",64,64,jpeg,5c7b367099e48f200c3c060a0b938d70bc070ec50e93ec4f670a178007281fc5
"hangul_0707_20260928T192856930Z_05db0f83.jpg","롬",707,,,pending_review,"P004","S01","2026-09-28T19:28:56.9301076Z",64,64,jpeg,5c7b367099e48f200c3c060a0b938d70bc070ec50e93ec4f670a178007281fc5
"hangul_0708_20260928T192901396Z_062acbab.jpg","롭",708,,,pending_review,"P004","S01","2026-09-28T19:29:01.3961801Z",64,64,jpeg,5c7b367099e48f200c3c060a0b938d70bc070ec50e93ec4f670a178007281fc5
"hangul_0709_20260928T192905237Z_0eb36f03.jpg","롯",709,,,pending_review,"P004","S01","2026-09-28T19:29:05.2371707Z",64,64,jpeg,5c7b367099e48f200c3c060a0b938d70bc070ec50e93ec4f670a178007281fc5
"hangul_0710_20260928T192908806Z_9da5eeeb.jpg","롱",710,,,pending_review,"P004","S01","2026-09-28T19:29:08.8066121Z",64,64,jpeg,5c7b367099e48f200c3c060a0b938d70bc070ec50e93ec4f670a178007281fc5
"hangul_0711_20260928T192912982Z_3aa5d55e.jpg","롸",711,,,pending_review,"P004","S01","2026-09-28T19:29:12.9824790Z",64,64,jpeg,5c7b367099e48f200c3c060a0b938d70bc070ec50e93ec4f670a178007281fc5
"hangul_0712_20260928T192919014Z_4e23ea30.jpg","롼",712,,,pending_review,"P004","S01","2026-09-28T19:29:19.0143276Z",64,64,jpeg,5c7b367099e48f200c3c060a0b938d70bc070ec50e93ec4f670a178007281fc5
"hangul_0713_20260928T192923869Z_b70f2dfb.jpg","뢍",713,,,pending_review,"P004","S01","2026-09-28T19:29:23.8698736Z",64,64,jpeg,5c7b367099e48f200c3c060a0b938d70bc070ec50e93ec4f670a178007281fc5
"hangul_0714_20260928T192929676Z_c5f3750f.jpg","뢨",714,,,pending_review,"P004","S01","2026-09-28T19:29:29.6764520Z",64,64,jpeg,5c7b367099e48f200c3c060a0b938d70bc070ec50e93ec4f670a178007281fc5
"hangul_0715_20260928T192933443Z_2bc0bf20.jpg","뢰",715,,,pending_review,"P004","S01","2026-09-28T19:29:33.4430769Z",64,64,jpeg,5c7b367099e48f200c3c060a0b938d70bc070ec50e93ec4f670a178007281fc5
"hangul_0716_20260928T192937381Z_0aefe215.jpg","뢴",716,,,pending_review,"P004","S01","2026-09-28T19:29:37.3817119Z",64,64,jpeg,5c7b367099e48f200c3c060a0b938d70bc070ec50e93ec4f670a178007281fc5
"hangul_0717_20260928T192941763Z_73f3515e.jpg","뢸",717,,,pending_review,"P004","S01","2026-09-28T19:29:41.7636124Z",64,64,jpeg,5c7b367099e48f200c3c060a0b938d70bc070ec50e93ec4f670a178007281fc5
"hangul_0718_20260928T192946254Z_5a35bb9a.jpg","룀",718,,,pending_review,"P004","S01","2026-09-28T19:29:46.2543429Z",64,64,jpeg,5c7b367099e48f200c3c060a0b938d70bc070ec50e93ec4f670a178007281fc5
"hangul_0719_20260928T192951241Z_b7436459.jpg","룁",719,,,pending_review,"P004","S01","2026-09-28T19:29:51.2419807Z",64,64,jpeg,5c7b367099e48f200c3c060a0b938d70bc070ec50e93ec4f670a178007281fc5
"hangul_0720_20260928T192956643Z_c0ba233e.jpg","룃",720,,,pending_review,"P004","S01","2026-09-28T19:29:56.6439036Z",64,64,jpeg,5c7b367099e48f200c3c060a0b938d70bc070ec50e93ec4f670a178007281fc5
"hangul_0722_20260928T193000956Z_7fbb9bec.jpg","료",722,,,pending_review,"P004","S01","2026-09-28T19:30:00.9560061Z",64,64,jpeg,5c7b367099e48f200c3c060a0b938d70bc070ec50e93ec4f670a178007281fc5
"hangul_0723_20260928T193005128Z_d50ad36d.jpg","룐",723,,,pending_review,"P004","S01","2026-09-28T19:30:05.1288199Z",64,64,jpeg,5c7b367099e48f200c3c060a0b938d70bc070ec50e93ec4f670a178007281fc5
"hangul_0725_20260928T193011094Z_7f95c3ca.jpg","룝",725,,,pending_review,"P004","S01","2026-09-28T19:30:11.0946315Z",64,64,jpeg,5c7b367099e48f200c3c060a0b938d70bc070ec50e93ec4f670a178007281fc5
"hangul_0726_20260928T193015030Z_ec1c5fbf.jpg","룟",726,,,pending_review,"P004","S01","2026-09-28T19:30:15.0304317Z",64,64,jpeg,5c7b367099e48f200c3c060a0b938d70bc070ec50e93ec4f670a178007281fc5
"hangul_0727_20260928T193018973Z_ebd551ec.jpg","룡",727,,,pending_review,"P004","S01","2026-09-28T19:30:18.9732780Z",64,64,jpeg,5c7b367099e48f200c3c060a0b938d70bc070ec50e93ec4f670a178007281fc5
"hangul_0728_20260928T193022306Z_06a40231.jpg","루",728,,,pending_review,"P004","S01","2026-09-28T19:30:22.3064348Z",64,64,jpeg,5c7b367099e48f200c3c060a0b938d70bc070ec50e93ec4f670a178007281fc5
"hangul_0728_20260928T193025623Z_25e5e873.jpg","루",728,,,pending_review,"P004","S01","2026-09-28T19:30:25.6232417Z",64,64,jpeg,5c7b367099e48f200c3c060a0b938d70bc070ec50e93ec4f670a178007281fc5
"hangul_0729_20260928T193044204Z_12b32dd7.jpg","룩",729,,,pending_review,"P004","S01","2026-09-28T19:30:44.2049103Z",64,64,jpeg,5c7b367099e48f200c3c060a0b938d70bc070ec50e93ec4f670a178007281fc5
"hangul_0730_20260928T193047791Z_fb499773.jpg","룬",730,,,pending_review,"P004","S01","2026-09-28T19:30:47.7919675Z",64,64,jpeg,5c7b367099e48f200c3c060a0b938d70bc070ec50e93ec4f670a178007281fc5
"hangul_0731_20260928T193052660Z_9b14ae5f.jpg","룰",731,,,pending_review,"P004","S01","2026-09-28T19:30:52.6600205Z",64,64,jpeg,5c7b367099e48f200c3c060a0b938d70bc070ec50e93ec4f670a178007281fc5
"hangul_0732_20260928T193058689Z_7d577277.jpg","룸",732,,,pending_review,"P004","S01","2026-09-28T19:30:58.6891153Z",64,64,jpeg,5c7b367099e48f200c3c060a0b938d70bc070ec50e93ec4f670a178007281fc5
"hangul_0734_20260928T193111009Z_b1e6e07e.jpg","룻",734,,,pending_review,"P004","S01","2026-09-28T19:31:11.0099694Z",64,64,jpeg,5c7b367099e48f200c3c060a0b938d70bc070ec50e93ec4f670a178007281fc5
"hangul_0735_20260928T193115116Z_44901a19.jpg","룽",735,,,pending_review,"P004","S01","2026-09-28T19:31:15.1166292Z",64,64,jpeg,5c7b367099e48f200c3c060a0b938d70bc070ec50e93ec4f670a178007281fc5
"hangul_0736_20260928T193119699Z_dce0400f.jpg","뤄",736,,,pending_review,"P004","S01","2026-09-28T19:31:19.6990514Z",64,64,jpeg,5c7b367099e48f200c3c060a0b938d70bc070ec50e93ec4f670a178007281fc5
"hangul_0737_20260928T193134093Z_9f0f83af.jpg","뤘",737,,,pending_review,"P004","S01","2026-09-28T19:31:34.0938241Z",64,64,jpeg,5c7b367099e48f200c3c060a0b938d70bc070ec50e93ec4f670a178007281fc5
"hangul_0738_20260928T193147546Z_f87b0208.jpg","뤠",738,,,pending_review,"P004","S01","2026-09-28T19:31:47.5466903Z",64,64,jpeg,5c7b367099e48f200c3c060a0b938d70bc070ec50e93ec4f670a178007281fc5
"hangul_0739_20260928T193152218Z_52bb7a90.jpg","뤼",739,,,pending_review,"P004","S01","2026-09-28T19:31:52.2183491Z",64,64,jpeg,5c7b367099e48f200c3c060a0b938d70bc070ec50e93ec4f670a178007281fc5
"hangul_0740_20260928T193159054Z_cfdaaa60.jpg","뤽",740,,,pending_review,"P004","S01","2026-09-28T19:31:59.0549057Z",64,64,jpeg,5c7b367099e48f200c3c060a0b938d70bc070ec50e93ec4f670a178007281fc5
"hangul_0741_20260928T193202540Z_3f31ce56.jpg","륀",741,,,pending_review,"P004","S01","2026-09-28T19:32:02.5401743Z",64,64,jpeg,5c7b367099e48f200c3c060a0b938d70bc070ec50e93ec4f670a178007281fc5
"hangul_0742_20260928T193206775Z_67fe7fdd.jpg","륄",742,,,pending_review,"P004","S01","2026-09-28T19:32:06.7752596Z",64,64,jpeg,5c7b367099e48f200c3c060a0b938d70bc070ec50e93ec4f670a178007281fc5
"hangul_0746_20260928T193216963Z_e0790f50.jpg","류",746,,,pending_review,"P004","S01","2026-09-28T19:32:16.9630411Z",64,64,jpeg,5c7b367099e48f200c3c060a0b938d70bc070ec50e93ec4f670a178007281fc5
"hangul_0747_20260928T193221513Z_1e18e117.jpg","륙",747,,,pending_review,"P004","S01","2026-09-28T19:32:21.5137591Z",64,64,jpeg,5c7b367099e48f200c3c060a0b938d70bc070ec50e93ec4f670a178007281fc5
"hangul_0748_20260928T193228040Z_2e4fa5d1.jpg","륜",748,,,pending_review,"P004","S01","2026-09-28T19:32:28.0403127Z",64,64,jpeg,5c7b367099e48f200c3c060a0b938d70bc070ec50e93ec4f670a178007281fc5
"hangul_0748_20260928T193232847Z_cf0f4ba9.jpg","륜",748,,,pending_review,"P004","S01","2026-09-28T19:32:32.8472254Z",64,64,jpeg,5c7b367099e48f200c3c060a0b938d70bc070ec50e93ec4f670a178007281fc5
"hangul_0749_20260928T193238990Z_0cb9f746.jpg","률",749,,,pending_review,"P004","S01","2026-09-28T19:32:38.9901940Z",64,64,jpeg,5c7b367099e48f200c3c060a0b938d70bc070ec50e93ec4f670a178007281fc5
"hangul_0750_20260928T193244920Z_0843826d.jpg","륨",750,,,pending_review,"P004","S01","2026-09-28T19:32:44.9207919Z",64,64,jpeg,5c7b367099e48f200c3c060a0b938d70bc070ec50e93ec4f670a178007281fc5
"hangul_0751_20260928T193250250Z_bbc57e2b.jpg","륩",751,,,pending_review,"P004","S01","2026-09-28T19:32:50.2500601Z",64,64,jpeg,5c7b367099e48f200c3c060a0b938d70bc070ec50e93ec4f670a178007281fc5
"hangul_0751_20260928T193256769Z_b2707e7f.jpg","륩",751,,,pending_review,"P004","S01","2026-09-28T19:32:56.7693552Z",64,64,jpeg,5c7b367099e48f200c3c060a0b938d70bc070ec50e93ec4f670a178007281fc5
"hangul_0754_20260928T193305843Z_bf9eb657.jpg","르",754,,,pending_review,"P004","S01","2026-09-28T19:33:05.8439963Z",64,64,jpeg,5c7b367099e48f200c3c060a0b938d70bc070ec50e93ec4f670a178007281fc5
"hangul_0755_20260928T193312459Z_2499c7ae.jpg","륵",755,,,pending_review,"P004","S01","2026-09-28T19:33:12.4595169Z",64,64,jpeg,5c7b367099e48f200c3c060a0b938d70bc070ec50e93ec4f670a178007281fc5
"hangul_0756_20260928T193316979Z_f0abc3e8.jpg","른",756,,,pending_review,"P004","S01","2026-09-28T19:33:16.9795838Z",64,64,jpeg,5c7b367099e48f200c3c060a0b938d70bc070ec50e93ec4f670a178007281fc5
"hangul_0757_20260928T193322118Z_6f1f9387.jpg","를",757,,,pending_review,"P004","S01","2026-09-28T19:33:22.1188871Z",64,64,jpeg,5c7b367099e48f200c3c060a0b938d70bc070ec50e93ec4f670a178007281fc5
"hangul_0758_20260928T193334387Z_2e82cf7e.jpg","름",758,,,pending_review,"P004","S01","2026-09-28T19:33:34.3873103Z",64,64,jpeg,5c7b367099e48f200c3c060a0b938d70bc070ec50e93ec4f670a178007281fc5
"hangul_0759_20260928T193359606Z_946732f7.jpg","릅",759,,,pending_review,"P004","S01","2026-09-28T19:33:59.6064705Z",64,64,jpeg,5c7b367099e48f200c3c060a0b938d70bc070ec50e93ec4f670a178007281fc5
"hangul_0760_20260928T193404191Z_2519b597.jpg","릇",760,,,pending_review,"P004","S01","2026-09-28T19:34:04.1919351Z",64,64,jpeg,5c7b367099e48f200c3c060a0b938d70bc070ec50e93ec4f670a178007281fc5
"hangul_0761_20260928T193409194Z_ba0c9cf8.jpg","릉",761,,,pending_review,"P004","S01","2026-09-28T19:34:09.1942542Z",64,64,jpeg,5c7b367099e48f200c3c060a0b938d70bc070ec50e93ec4f670a178007281fc5
"hangul_0763_20260928T193426316Z_0e79cdbe.jpg","릍",763,,,pending_review,"P004","S01","2026-09-28T19:34:26.3164343Z",64,64,jpeg,5c7b367099e48f200c3c060a0b938d70bc070ec50e93ec4f670a178007281fc5
"hangul_0764_20260928T193431772Z_706c800c.jpg","릎",764,,,pending_review,"P004","S01","2026-09-28T19:34:31.7724914Z",64,64,jpeg,5c7b367099e48f200c3c060a0b938d70bc070ec50e93ec4f670a178007281fc5
"hangul_0765_20260928T193434729Z_c98601bb.jpg","리",765,,,pending_review,"P004","S01","2026-09-28T19:34:34.7297665Z",64,64,jpeg,5c7b367099e48f200c3c060a0b938d70bc070ec50e93ec4f670a178007281fc5
"hangul_0766_20260928T193438216Z_135411a3.jpg","릭",766,,,pending_review,"P004","S01","2026-09-28T19:34:38.2168627Z",64,64,jpeg,5c7b367099e48f200c3c060a0b938d70bc070ec50e93ec4f670a178007281fc5
"hangul_0767_20260928T193441399Z_b4f7ad28.jpg","린",767,,,pending_review,"P004","S01","2026-09-28T19:34:41.3998949Z",64,64,jpeg,5c7b367099e48f200c3c060a0b938d70bc070ec50e93ec4f670a178007281fc5
"hangul_0768_20260928T193445216Z_1d90ced4.jpg","릴",768,,,pending_review,"P004","S01","2026-09-28T19:34:45.2162679Z",64,64,jpeg,5c7b367099e48f200c3c060a0b938d70bc070ec50e93ec4f670a178007281fc5
"hangul_0769_20260928T193448694Z_712b2213.jpg","림",769,,,pending_review,"P004","S01","2026-09-28T19:34:48.6947335Z",64,64,jpeg,5c7b367099e48f200c3c060a0b938d70bc070ec50e93ec4f670a178007281fc5
"hangul_0770_20260928T193452198Z_a27297e9.jpg","립",770,,,pending_review,"P004","S01","2026-09-28T19:34:52.1986074Z",64,64,jpeg,5c7b367099e48f200c3c060a0b938d70bc070ec50e93ec4f670a178007281fc5
"hangul_0771_20260928T193455664Z_9c991775.jpg","릿",771,,,pending_review,"P004","S01","2026-09-28T19:34:55.6640872Z",64,64,jpeg,5c7b367099e48f200c3c060a0b938d70bc070ec50e93ec4f670a178007281fc5
"hangul_0772_20260928T193458683Z_8cb92b23.jpg","링",772,,,pending_review,"P004","S01","2026-09-28T19:34:58.6833262Z",64,64,jpeg,5c7b367099e48f200c3c060a0b938d70bc070ec50e93ec4f670a178007281fc5
"hangul_0773_20260928T193502220Z_cbe7e0e2.jpg","마",773,,,pending_review,"P004","S01","2026-09-28T19:35:02.2209569Z",64,64,jpeg,5c7b367099e48f200c3c060a0b938d70bc070ec50e93ec4f670a178007281fc5
"hangul_0774_20260928T193505603Z_a48558b1.jpg","막",774,,,pending_review,"P004","S01","2026-09-28T19:35:05.6032308Z",64,64,jpeg,5c7b367099e48f200c3c060a0b938d70bc070ec50e93ec4f670a178007281fc5
"hangul_0775_20260928T193509492Z_d8018419.jpg","만",775,,,pending_review,"P004","S01","2026-09-28T19:35:09.4925425Z",64,64,jpeg,5c7b367099e48f200c3c060a0b938d70bc070ec50e93ec4f670a178007281fc5
"hangul_0776_20260928T193513813Z_4e4aaef3.jpg","많",776,,,pending_review,"P004","S01","2026-09-28T19:35:13.8138138Z",64,64,jpeg,5c7b367099e48f200c3c060a0b938d70bc070ec50e93ec4f670a178007281fc5
"hangul_0777_20260928T193518421Z_c4efd2b1.jpg","맏",777,,,pending_review,"P004","S01","2026-09-28T19:35:18.4218070Z",64,64,jpeg,5c7b367099e48f200c3c060a0b938d70bc070ec50e93ec4f670a178007281fc5
"hangul_0778_20260928T193522011Z_2db0c810.jpg","말",778,,,pending_review,"P004","S01","2026-09-28T19:35:22.0112811Z",64,64,jpeg,5c7b367099e48f200c3c060a0b938d70bc070ec50e93ec4f670a178007281fc5
"hangul_0779_20260928T193526352Z_cbc4e3c6.jpg","맑",779,,,pending_review,"P004","S01","2026-09-28T19:35:26.3523607Z",64,64,jpeg,5c7b367099e48f200c3c060a0b938d70bc070ec50e93ec4f670a178007281fc5
"hangul_0780_20260928T193532299Z_3aae675b.jpg","맒",780,,,pending_review,"P004","S01","2026-09-28T19:35:32.2993223Z",64,64,jpeg,5c7b367099e48f200c3c060a0b938d70bc070ec50e93ec4f670a178007281fc5
"hangul_0781_20260928T193535713Z_ba253e32.jpg","맘",781,,,pending_review,"P004","S01","2026-09-28T19:35:35.7139809Z",64,64,jpeg,5c7b367099e48f200c3c060a0b938d70bc070ec50e93ec4f670a178007281fc5
"hangul_0782_20260928T193539521Z_4afd4bdc.jpg","맙",782,,,pending_review,"P004","S01","2026-09-28T19:35:39.5212938Z",64,64,jpeg,5c7b367099e48f200c3c060a0b938d70bc070ec50e93ec4f670a178007281fc5
"hangul_0783_20260928T193542867Z_1a4cd574.jpg","맛",783,,,pending_review,"P004","S01","2026-09-28T19:35:42.8672251Z",64,64,jpeg,5c7b367099e48f200c3c060a0b938d70bc070ec50e93ec4f670a178007281fc5
"hangul_0784_20260928T193546240Z_30aaaffd.jpg","망",784,,,pending_review,"P004","S01","2026-09-28T19:35:46.2404153Z",64,64,jpeg,5c7b367099e48f200c3c060a0b938d70bc070ec50e93ec4f670a178007281fc5
"hangul_0785_20260928T193551442Z_98d4ef35.jpg","맞",785,,,pending_review,"P004","S01","2026-09-28T19:35:51.4424577Z",64,64,jpeg,5c7b367099e48f200c3c060a0b938d70bc070ec50e93ec4f670a178007281fc5
"hangul_0786_20260928T193555554Z_17bd9c8e.jpg","맡",786,,,pending_review,"P004","S01","2026-09-28T19:35:55.5541804Z",64,64,jpeg,5c7b367099e48f200c3c060a0b938d70bc070ec50e93ec4f670a178007281fc5
"hangul_0787_20260928T193601437Z_58b7b8a1.jpg","맣",787,,,pending_review,"P004","S01","2026-09-28T19:36:01.4371582Z",64,64,jpeg,5c7b367099e48f200c3c060a0b938d70bc070ec50e93ec4f670a178007281fc5
"hangul_0788_20260928T193605114Z_0077d8fd.jpg","매",788,,,pending_review,"P004","S01","2026-09-28T19:36:05.1146030Z",64,64,jpeg,5c7b367099e48f200c3c060a0b938d70bc070ec50e93ec4f670a178007281fc5
"hangul_0789_20260928T193609450Z_45ba50d5.jpg","맥",789,,,pending_review,"P004","S01","2026-09-28T19:36:09.4503260Z",64,64,jpeg,5c7b367099e48f200c3c060a0b938d70bc070ec50e93ec4f670a178007281fc5
"hangul_0790_20260928T193614289Z_bed2e1ee.jpg","맨",790,,,pending_review,"P004","S01","2026-09-28T19:36:14.2893044Z",64,64,jpeg,5c7b367099e48f200c3c060a0b938d70bc070ec50e93ec4f670a178007281fc5
"hangul_0791_20260928T193619770Z_a7b04d72.jpg","맬",791,,,pending_review,"P004","S01","2026-09-28T19:36:19.7709947Z",64,64,jpeg,5c7b367099e48f200c3c060a0b938d70bc070ec50e93ec4f670a178007281fc5
"hangul_0791_20260929T081957043Z_391fbdd2.jpg","맬",791,,,pending_review,"P005","S01","2026-09-29T08:19:57.0437515Z",64,64,jpeg,5c7b367099e48f200c3c060a0b938d70bc070ec50e93ec4f670a178007281fc5
"hangul_0789_20260929T082030943Z_ba198a4d.jpg","맥",789,,,pending_review,"P005","S01","2026-09-29T08:20:30.9432059Z",64,64,jpeg,5c7b367099e48f200c3c060a0b938d70bc070ec50e93ec4f670a178007281fc5
"hangul_0794_20260929T082037388Z_5a1ce924.jpg","맷",794,,,pending_review,"P005","S01","2026-09-29T08:20:37.3884783Z",64,64,jpeg,5c7b367099e48f200c3c060a0b938d70bc070ec50e93ec4f670a178007281fc5
"hangul_0795_20260929T082041939Z_c89af7a1.jpg","맸",795,,,pending_review,"P005","S01","2026-09-29T08:20:41.9396290Z",64,64,jpeg,5c7b367099e48f200c3c060a0b938d70bc070ec50e93ec4f670a178007281fc5
"hangul_0796_20260929T082045873Z_f7b76843.jpg","맹",796,,,pending_review,"P005","S01","2026-09-29T08:20:45.8734672Z",64,64,jpeg,5c7b367099e48f200c3c060a0b938d70bc070ec50e93ec4f670a178007281fc5
"hangul_0797_20260929T082049929Z_710df226.jpg","맺",797,,,pending_review,"P005","S01","2026-09-29T08:20:49.9298732Z",64,64,jpeg,5c7b367099e48f200c3c060a0b938d70bc070ec50e93ec4f670a178007281fc5
"hangul_0798_20260929T082053408Z_05906462.jpg","먀",798,,,pending_review,"P005","S01","2026-09-29T08:20:53.4086050Z",64,64,jpeg,5c7b367099e48f200c3c060a0b938d70bc070ec50e93ec4f670a178007281fc5
"hangul_0799_20260929T082057268Z_a18362e8.jpg","먁",799,,,pending_review,"P005","S01","2026-09-29T08:20:57.2681909Z",64,64,jpeg,5c7b367099e48f200c3c060a0b938d70bc070ec50e93ec4f670a178007281fc5
"hangul_0800_20260929T082101687Z_d17672e2.jpg","먈",800,,,pending_review,"P005","S01","2026-09-29T08:21:01.6871883Z",64,64,jpeg,5c7b367099e48f200c3c060a0b938d70bc070ec50e93ec4f670a178007281fc5
"hangul_0799_20260929T091219640Z_88e6678b.jpg","먁",799,,,pending_review,"P005","S01","2026-09-29T09:12:19.6404464Z",64,64,jpeg,5c7b367099e48f200c3c060a0b938d70bc070ec50e93ec4f670a178007281fc5
"hangul_0800_20260929T091224928Z_15ac358c.jpg","먈",800,,,pending_review,"P005","S01","2026-09-29T09:12:24.9286462Z",64,64,jpeg,5c7b367099e48f200c3c060a0b938d70bc070ec50e93ec4f670a178007281fc5
"hangul_0801_20260929T091229060Z_3600ece6.jpg","먕",801,,,pending_review,"P005","S01","2026-09-29T09:12:29.0601062Z",64,64,jpeg,5c7b367099e48f200c3c060a0b938d70bc070ec50e93ec4f670a178007281fc5
"hangul_0802_20260929T091232452Z_fa637d55.jpg","머",802,,,pending_review,"P005","S01","2026-09-29T09:12:32.4529401Z",64,64,jpeg,5c7b367099e48f200c3c060a0b938d70bc070ec50e93ec4f670a178007281fc5
"hangul_0803_20260929T091235872Z_8cd88fd4.jpg","먹",803,,,pending_review,"P005","S01","2026-09-29T09:12:35.8726124Z",64,64,jpeg,5c7b367099e48f200c3c060a0b938d70bc070ec50e93ec4f670a178007281fc5
"hangul_0804_20260929T091239774Z_0bff09fe.jpg","먼",804,,,pending_review,"P005","S01","2026-09-29T09:12:39.7747885Z",64,64,jpeg,5c7b367099e48f200c3c060a0b938d70bc070ec50e93ec4f670a178007281fc5
"hangul_0805_20260929T091243847Z_aa61c4c4.jpg","멀",805,,,pending_review,"P005","S01","2026-09-29T09:12:43.8475174Z",64,64,jpeg,5c7b367099e48f200c3c060a0b938d70bc070ec50e93ec4f670a178007281fc5
"hangul_0806_20260929T091248926Z_379accf0.jpg","멂",806,,,pending_review,"P005","S01","2026-09-29T09:12:48.9263395Z",64,64,jpeg,5c7b367099e48f200c3c060a0b938d70bc070ec50e93ec4f670a178007281fc5
"hangul_0807_20260929T091253153Z_fe0688c0.jpg","멈",807,,,pending_review,"P005","S01","2026-09-29T09:12:53.1536772Z",64,64,jpeg,5c7b367099e48f200c3c060a0b938d70bc070ec50e93ec4f670a178007281fc5
"hangul_0808_20260929T091414525Z_d71acf40.jpg","멉",808,,,pending_review,"P005","S01","2026-09-29T09:14:14.5250726Z",64,64,jpeg,5c7b367099e48f200c3c060a0b938d70bc070ec50e93ec4f670a178007281fc5
"hangul_0809_20260929T091419336Z_556cd43f.jpg","멋",809,,,pending_review,"P005","S01","2026-09-29T09:14:19.3369441Z",64,64,jpeg,5c7b367099e48f200c3c060a0b938d70bc070ec50e93ec4f670a178007281fc5
"hangul_0810_20260929T091425691Z_ca6a08ec.jpg","멍",810,,,pending_review,"P005","S01","2026-09-29T09:14:25.6918240Z",64,64,jpeg,5c7b367099e48f200c3c060a0b938d70bc070ec50e93ec4f670a178007281fc5
"hangul_0811_20260929T091950895Z_9d1a9952.jpg","멎",811,,,pending_review,"P005","S01","2026-09-29T09:19:50.8955115Z",64,64,jpeg,5c7b367099e48f200c3c060a0b938d70bc070ec50e93ec4f670a178007281fc5
"hangul_0812_20260929T091955110Z_8076716a.jpg","멓",812,,,pending_review,"P005","S01","2026-09-29T09:19:55.1102676Z",64,64,jpeg,5c7b367099e48f200c3c060a0b938d70bc070ec50e93ec4f670a178007281fc5
"hangul_0813_20260929T091958563Z_753f81d1.jpg","메",813,,,pending_review,"P005","S01","2026-09-29T09:19:58.5634613Z",64,64,jpeg,5c7b367099e48f200c3c060a0b938d70bc070ec50e93ec4f670a178007281fc5
"hangul_0814_20260929T092002141Z_fba9b653.jpg","멕",814,,,pending_review,"P005","S01","2026-09-29T09:20:02.1413325Z",64,64,jpeg,5c7b367099e48f200c3c060a0b938d70bc070ec50e93ec4f670a178007281fc5
"hangul_0815_20260929T092040262Z_ab2c6a24.jpg","멘",815,,,pending_review,"P005","S01","2026-09-29T09:20:40.2620385Z",64,64,jpeg,5c7b367099e48f200c3c060a0b938d70bc070ec50e93ec4f670a178007281fc5
"hangul_0816_20260929T092045954Z_83a63dc5.jpg","멜",816,,,pending_review,"P005","S01","2026-09-29T09:20:45.9549638Z",64,64,jpeg,5c7b367099e48f200c3c060a0b938d70bc070ec50e93ec4f670a178007281fc5
"hangul_0816_20260929T092050575Z_305435b7.jpg","멜",816,,,pending_review,"P005","S01","2026-09-29T09:20:50.5759079Z",64,64,jpeg,5c7b367099e48f200c3c060a0b938d70bc070ec50e93ec4f670a178007281fc5
"hangul_0818_20260929T092130596Z_58aefd62.jpg","멥",818,,,pending_review,"P005","S01","2026-09-29T09:21:30.5964700Z",64,64,jpeg,5c7b367099e48f200c3c060a0b938d70bc070ec50e93ec4f670a178007281fc5
"hangul_0819_20260929T092135213Z_a3d21942.jpg","멧",819,,,pending_review,"P005","S01","2026-09-29T09:21:35.2132100Z",64,64,jpeg,5c7b367099e48f200c3c060a0b938d70bc070ec50e93ec4f670a178007281fc5
"hangul_0821_20260929T092246793Z_f3918608.jpg","멩",821,,,pending_review,"P005","S01","2026-09-29T09:22:46.7931848Z",64,64,jpeg,5c7b367099e48f200c3c060a0b938d70bc070ec50e93ec4f670a178007281fc5
"hangul_0839_20260929T092254358Z_a49d34fd.jpg","못",839,,,pending_review,"P005","S01","2026-09-29T09:22:54.3587351Z",64,64,jpeg,5c7b367099e48f200c3c060a0b938d70bc070ec50e93ec4f670a178007281fc5
"hangul_0840_20260929T092257843Z_4901baf5.jpg","몽",840,,,pending_review,"P005","S01","2026-09-29T09:22:57.8438998Z",64,64,jpeg,5c7b367099e48f200c3c060a0b938d70bc070ec50e93ec4f670a178007281fc5
"hangul_0841_20260929T092301542Z_7d32ecef.jpg","뫄",841,,,pending_review,"P005","S01","2026-09-29T09:23:01.5427182Z",64,64,jpeg,5c7b367099e48f200c3c060a0b938d70bc070ec50e93ec4f670a178007281fc5
"hangul_0842_20260929T092305793Z_8f40414a.jpg","뫈",842,,,pending_review,"P005","S01","2026-09-29T09:23:05.7938965Z",64,64,jpeg,5c7b367099e48f200c3c060a0b938d70bc070ec50e93ec4f670a178007281fc5
"hangul_0843_20260929T092311005Z_5ae68d65.jpg","뫘",843,,,pending_review,"P005","S01","2026-09-29T09:23:11.0057143Z",64,64,jpeg,5c7b367099e48f200c3c060a0b938d70bc070ec50e93ec4f670a178007281fc5
"hangul_0844_20260929T092315173Z_59553e35.jpg","뫙",844,,,pending_review,"P005","S01","2026-09-29T09:23:15.1736545Z",64,64,jpeg,5c7b367099e48f200c3c060a0b938d70bc070ec50e93ec4f670a178007281fc5
"hangul_0845_20260929T092318605Z_17bba7db.jpg","뫼",845,,,pending_review,"P005","S01","2026-09-29T09:23:18.6055041Z",64,64,jpeg,5c7b367099e48f200c3c060a0b938d70bc070ec50e93ec4f670a178007281fc5
"hangul_0846_20260929T092322252Z_4e3df402.jpg","묀",846,,,pending_review,"P005","S01","2026-09-29T09:23:22.2524270Z",64,64,jpeg,5c7b367099e48f200c3c060a0b938d70bc070ec50e93ec4f670a178007281fc5
"hangul_0847_20260929T092326502Z_5320a21f.jpg","묄",847,,,pending_review,"P005","S01","2026-09-29T09:23:26.5026625Z",64,64,jpeg,5c7b367099e48f200c3c060a0b938d70bc070ec50e93ec4f670a178007281fc5
"hangul_0847_20260929T092330994Z_47812e17.jpg","묄",847,,,pending_review,"P005","S01","2026-09-29T09:23:30.9942263Z",64,64,jpeg,5c7b367099e48f200c3c060a0b938d70bc070ec50e93ec4f670a178007281fc5
"hangul_0848_20260929T092335703Z_5ad19126.jpg","묍",848,,,pending_review,"P005","S01","2026-09-29T09:23:35.7038832Z",64,64,jpeg,5c7b367099e48f200c3c060a0b938d70bc070ec50e93ec4f670a178007281fc5
"hangul_0849_20260929T092435981Z_54c9d203.jpg","묏",849,,,pending_review,"P005","S01","2026-09-29T09:24:35.9813962Z",64,64,jpeg,5c7b367099e48f200c3c060a0b938d70bc070ec50e93ec4f670a178007281fc5
"hangul_0850_20260929T092440857Z_378907f9.jpg","묑",850,,,pending_review,"P005","S01","2026-09-29T09:24:40.8576673Z",64,64,jpeg,5c7b367099e48f200c3c060a0b938d70bc070ec50e93ec4f670a178007281fc5
"hangul_0869_20260929T092449628Z_d1ebac5f.jpg","뭏",869,,,pending_review,"P005","S01","2026-09-29T09:24:49.6283442Z",64,64,jpeg,5c7b367099e48f200c3c060a0b938d70bc070ec50e93ec4f670a178007281fc5
"hangul_0870_20260929T092454187Z_f73d315c.jpg","뭐",870,,,pending_review,"P005","S01","2026-09-29T09:24:54.1874691Z",64,64,jpeg,5c7b367099e48f200c3c060a0b938d70bc070ec50e93ec4f670a178007281fc5
"hangul_0871_20260929T092458274Z_805791cf.jpg","뭔",871,,,pending_review,"P005","S01","2026-09-29T09:24:58.2746518Z",64,64,jpeg,5c7b367099e48f200c3c060a0b938d70bc070ec50e93ec4f670a178007281fc5
"hangul_0872_20260929T092503041Z_e036a84a.jpg","뭘",872,,,pending_review,"P005","S01","2026-09-29T09:25:03.0419464Z",64,64,jpeg,5c7b367099e48f200c3c060a0b938d70bc070ec50e93ec4f670a178007281fc5
"hangul_0873_20260929T092508172Z_5a86c14f.jpg","뭡",873,,,pending_review,"P005","S01","2026-09-29T09:25:08.1724154Z",64,64,jpeg,5c7b367099e48f200c3c060a0b938d70bc070ec50e93ec4f670a178007281fc5
"hangul_0874_20260929T092512544Z_463c2c31.jpg","뭣",874,,,pending_review,"P005","S01","2026-09-29T09:25:12.5442965Z",64,64,jpeg,5c7b367099e48f200c3c060a0b938d70bc070ec50e93ec4f670a178007281fc5
"hangul_0875_20260929T092516963Z_8de3d5c7.jpg","뭬",875,,,pending_review,"P005","S01","2026-09-29T09:25:16.9633158Z",64,64,jpeg,5c7b367099e48f200c3c060a0b938d70bc070ec50e93ec4f670a178007281fc5
"hangul_0876_20260929T092520411Z_693aee03.jpg","뮈",876,,,pending_review,"P005","S01","2026-09-29T09:25:20.4115875Z",64,64,jpeg,5c7b367099e48f200c3c060a0b938d70bc070ec50e93ec4f670a178007281fc5
"hangul_0876_20260929T092525322Z_28c9d295.jpg","뮈",876,,,pending_review,"P005","S01","2026-09-29T09:25:25.3220844Z",64,64,jpeg,5c7b367099e48f200c3c060a0b938d70bc070ec50e93ec4f670a178007281fc5
"hangul_0877_20260929T092529412Z_4d62ec47.jpg","뮌",877,,,pending_review,"P005","S01","2026-09-29T09:25:29.4123250Z",64,64,jpeg,5c7b367099e48f200c3c060a0b938d70bc070ec50e93ec4f670a178007281fc5
"hangul_0878_20260929T092534540Z_2e3baf46.jpg","뮐",878,,,pending_review,"P005","S01","2026-09-29T09:25:34.5401935Z",64,64,jpeg,5c7b367099e48f200c3c060a0b938d70bc070ec50e93ec4f670a178007281fc5
"hangul_0899_20260929T092540704Z_a3468fcc.jpg","밍",899,,,pending_review,"P005","S01","2026-09-29T09:25:40.7042042Z",64,64,jpeg,5c7b367099e48f200c3c060a0b938d70bc070ec50e93ec4f670a178007281fc5
"hangul_0900_20260929T092546879Z_a9ef71ff.jpg","및",900,,,pending_review,"P005","S01","2026-09-29T09:25:46.8798585Z",64,64,jpeg,5c7b367099e48f200c3c060a0b938d70bc070ec50e93ec4f670a178007281fc5
"hangul_0901_20260929T092550279Z_b4ff1231.jpg","밑",901,,,pending_review,"P005","S01","2026-09-29T09:25:50.2796653Z",64,64,jpeg,5c7b367099e48f200c3c060a0b938d70bc070ec50e93ec4f670a178007281fc5
"hangul_0902_20260929T092554363Z_2147d8de.jpg","바",902,,,pending_review,"P005","S01","2026-09-29T09:25:54.3632589Z",64,64,jpeg,5c7b367099e48f200c3c060a0b938d70bc070ec50e93ec4f670a178007281fc5
"hangul_0903_20260929T092557958Z_b74e7af2.jpg","박",903,,,pending_review,"P005","S01","2026-09-29T09:25:57.9585724Z",64,64,jpeg,5c7b367099e48f200c3c060a0b938d70bc070ec50e93ec4f670a178007281fc5
"hangul_0904_20260929T092601970Z_179e77c4.jpg","밖",904,,,pending_review,"P005","S01","2026-09-29T09:26:01.9700678Z",64,64,jpeg,5c7b367099e48f200c3c060a0b938d70bc070ec50e93ec4f670a178007281fc5
"hangul_0905_20260929T092606155Z_d774c324.jpg","밗",905,,,pending_review,"P005","S01","2026-09-29T09:26:06.1559800Z",64,64,jpeg,5c7b367099e48f200c3c060a0b938d70bc070ec50e93ec4f670a178007281fc5
"hangul_0906_20260929T092609245Z_3aa1813c.jpg","반",906,,,pending_review,"P005","S01","2026-09-29T09:26:09.2452173Z",64,64,jpeg,5c7b367099e48f200c3c060a0b938d70bc070ec50e93ec4f670a178007281fc5
"hangul_0907_20260929T092612567Z_d0d7167d.jpg","받",907,,,pending_review,"P005","S01","2026-09-29T09:26:12.5678599Z",64,64,jpeg,5c7b367099e48f200c3c060a0b938d70bc070ec50e93ec4f670a178007281fc5
"hangul_0908_20260929T092616512Z_6f03646b.jpg","발",908,,,pending_review,"P005","S01","2026-09-29T09:26:16.5120447Z",64,64,jpeg,5c7b367099e48f200c3c060a0b938d70bc070ec50e93ec4f670a178007281fc5
"hangul_0909_20260929T092620642Z_401cd6bf.jpg","밝",909,,,pending_review,"P005","S01","2026-09-29T09:26:20.6420878Z",64,64,jpeg,5c7b367099e48f200c3c060a0b938d70bc070ec50e93ec4f670a178007281fc5
"hangul_0910_20260929T092624930Z_6a186d90.jpg","밞",910,,,pending_review,"P005","S01","2026-09-29T09:26:24.9301361Z",64,64,jpeg,5c7b367099e48f200c3c060a0b938d70bc070ec50e93ec4f670a178007281fc5
"hangul_0911_20260929T092629604Z_dbc7ec0a.jpg","밟",911,,,pending_review,"P005","S01","2026-09-29T09:26:29.6040676Z",64,64,jpeg,5c7b367099e48f200c3c060a0b938d70bc070ec50e93ec4f670a178007281fc5
"hangul_0912_20260929T092633184Z_d5e8b25d.jpg","밤",912,,,pending_review,"P005","S01","2026-09-29T09:26:33.1849490Z",64,64,jpeg,5c7b367099e48f200c3c060a0b938d70bc070ec50e93ec4f670a178007281fc5
"hangul_0913_20260929T092637112Z_0bd3e2c5.jpg","밥",913,,,pending_review,"P005","S01","2026-09-29T09:26:37.1123469Z",64,64,jpeg,5c7b367099e48f200c3c060a0b938d70bc070ec50e93ec4f670a178007281fc5
"hangul_0914_20260929T092641048Z_44d4fd0d.jpg","밧",914,,,pending_review,"P005","S01","2026-09-29T09:26:41.0488472Z",64,64,jpeg,5c7b367099e48f200c3c060a0b938d70bc070ec50e93ec4f670a178007281fc5
"hangul_0915_20260929T092644612Z_1c6dd92e.jpg","방",915,,,pending_review,"P005","S01","2026-09-29T09:26:44.6128064Z",64,64,jpeg,5c7b367099e48f200c3c060a0b938d70bc070ec50e93ec4f670a178007281fc5
"hangul_0916_20260929T092648416Z_3836e9c2.jpg","밭",916,,,pending_review,"P005","S01","2026-09-29T09:26:48.4160041Z",64,64,jpeg,5c7b367099e48f200c3c060a0b938d70bc070ec50e93ec4f670a178007281fc5
"hangul_0917_20260929T092651720Z_d5144b26.jpg","배",917,,,pending_review,"P005","S01","2026-09-29T09:26:51.7209379Z",64,64,jpeg,5c7b367099e48f200c3c060a0b938d70bc070ec50e93ec4f670a178007281fc5
"hangul_0918_20260929T092655206Z_714041fd.jpg","백",918,,,pending_review,"P005","S01","2026-09-29T09:26:55.2063268Z",64,64,jpeg,5c7b367099e48f200c3c060a0b938d70bc070ec50e93ec4f670a178007281fc5
"hangul_0919_20260929T092658860Z_a1a2894e.jpg","밴",919,,,pending_review,"P005","S01","2026-09-29T09:26:58.8604439Z",64,64,jpeg,5c7b367099e48f200c3c060a0b938d70bc070ec50e93ec4f670a178007281fc5
"hangul_0920_20260929T093041234Z_b1e58897.jpg","밸",920,,,pending_review,"P005","S01","2026-09-29T09:30:41.2346652Z",64,64,jpeg,5c7b367099e48f200c3c060a0b938d70bc070ec50e93ec4f670a178007281fc5
"hangul_0921_20260929T093045328Z_0c83d5a2.jpg","뱀",921,,,pending_review,"P005","S01","2026-09-29T09:30:45.3285864Z",64,64,jpeg,5c7b367099e48f200c3c060a0b938d70bc070ec50e93ec4f670a178007281fc5
"hangul_0922_20260929T093054818Z_e8eda6c5.jpg","뱁",922,,,pending_review,"P005","S01","2026-09-29T09:30:54.8185110Z",64,64,jpeg,5c7b367099e48f200c3c060a0b938d70bc070ec50e93ec4f670a178007281fc5
"hangul_0923_20260929T093235600Z_51c50757.jpg","뱃",923,,,pending_review,"P005","S01","2026-09-29T09:32:35.6008941Z",64,64,jpeg,5c7b367099e48f200c3c060a0b938d70bc070ec50e93ec4f670a178007281fc5
"hangul_0924_20260929T093240025Z_2504536a.jpg","뱄",924,,,pending_review,"P005","S01","2026-09-29T09:32:40.0254029Z",64,64,jpeg,5c7b367099e48f200c3c060a0b938d70bc070ec50e93ec4f670a178007281fc5
"hangul_0925_20260929T093243478Z_d96541bd.jpg","뱅",925,,,pending_review,"P005","S01","2026-09-29T09:32:43.4781228Z",64,64,jpeg,5c7b367099e48f200c3c060a0b938d70bc070ec50e93ec4f670a178007281fc5
"hangul_0926_20260929T093247114Z_36b6c232.jpg","뱉",926,,,pending_review,"P005","S01","2026-09-29T09:32:47.1147894Z",64,64,jpeg,5c7b367099e48f200c3c060a0b938d70bc070ec50e93ec4f670a178007281fc5
"hangul_0927_20260929T093250580Z_52272993.jpg","뱌",927,,,pending_review,"P005","S01","2026-09-29T09:32:50.5808489Z",64,64,jpeg,5c7b367099e48f200c3c060a0b938d70bc070ec50e93ec4f670a178007281fc5
"hangul_0928_20260929T093254287Z_e3f1d183.jpg","뱍",928,,,pending_review,"P005","S01","2026-09-29T09:32:54.2876224Z",64,64,jpeg,5c7b367099e48f200c3c060a0b938d70bc070ec50e93ec4f670a178007281fc5
"hangul_0929_20260929T093257677Z_e495a36f.jpg","뱐",929,,,pending_review,"P005","S01","2026-09-29T09:32:57.6778582Z",64,64,jpeg,5c7b367099e48f200c3c060a0b938d70bc070ec50e93ec4f670a178007281fc5
"hangul_0930_20260929T093301954Z_6accd767.jpg","뱝",930,,,pending_review,"P005","S01","2026-09-29T09:33:01.9547455Z",64,64,jpeg,5c7b367099e48f200c3c060a0b938d70bc070ec50e93ec4f670a178007281fc5
"hangul_0931_20260929T093304854Z_806a3510.jpg","버",931,,,pending_review,"P005","S01","2026-09-29T09:33:04.8549304Z",64,64,jpeg,5c7b367099e48f200c3c060a0b938d70bc070ec50e93ec4f670a178007281fc5
"hangul_0932_20260929T093307874Z_08a7886d.jpg","벅",932,,,pending_review,"P005","S01","2026-09-29T09:33:07.8747815Z",64,64,jpeg,5c7b367099e48f200c3c060a0b938d70bc070ec50e93ec4f670a178007281fc5
"hangul_0933_20260929T093310818Z_9cab0417.jpg","번",933,,,pending_review,"P005","S01","2026-09-29T09:33:10.8186204Z",64,64,jpeg,5c7b367099e48f200c3c060a0b938d70bc070ec50e93ec4f670a178007281fc5
"hangul_0934_20260929T093314331Z_5d250e35.jpg","벋",934,,,pending_review,"P005","S01","2026-09-29T09:33:14.3313058Z",64,64,jpeg,5c7b367099e48f200c3c060a0b938d70bc070ec50e93ec4f670a178007281fc5
"hangul_0949_20260929T093327980Z_ecbd18d8.jpg","벳",949,,,pending_review,"P005","S01","2026-09-29T09:33:27.9807094Z",64,64,jpeg,5c7b367099e48f200c3c060a0b938d70bc070ec50e93ec4f670a178007281fc5
"hangul_0950_20260929T093332431Z_5eb30f19.jpg","벴",950,,,pending_review,"P005","S01","2026-09-29T09:33:32.4317087Z",64,64,jpeg,5c7b367099e48f200c3c060a0b938d70bc070ec50e93ec4f670a178007281fc5
"hangul_0951_20260929T093336199Z_20ebc0a6.jpg","벵",951,,,pending_review,"P005","S01","2026-09-29T09:33:36.1997973Z",64,64,jpeg,5c7b367099e48f200c3c060a0b938d70bc070ec50e93ec4f670a178007281fc5
"hangul_0951_20260929T093341118Z_94b6b927.jpg","벵",951,,,pending_review,"P005","S01","2026-09-29T09:33:41.1180482Z",64,64,jpeg,5c7b367099e48f200c3c060a0b938d70bc070ec50e93ec4f670a178007281fc5
"hangul_0952_20260929T093344484Z_d1e5f7a0.jpg","벼",952,,,pending_review,"P005","S01","2026-09-29T09:33:44.4844790Z",64,64,jpeg,5c7b367099e48f200c3c060a0b938d70bc070ec50e93ec4f670a178007281fc5
"hangul_0953_20260929T093347991Z_eee0c651.jpg","벽",953,,,pending_review,"P005","S01","2026-09-29T09:33:47.9919801Z",64,64,jpeg,5c7b367099e48f200c3c060a0b938d70bc070ec50e93ec4f670a178007281fc5
"hangul_0954_20260929T093351490Z_731c16f2.jpg","변",954,,,pending_review,"P005","S01","2026-09-29T09:33:51.4905364Z",64,64,jpeg,5c7b367099e48f200c3c060a0b938d70bc070ec50e93ec4f670a178007281fc5
"hangul_0955_20260929T093355392Z_28fe34fa.jpg","별",955,,,pending_review,"P005","S01","2026-09-29T09:33:55.3928866Z",64,64,jpeg,5c7b367099e48f200c3c060a0b938d70bc070ec50e93ec4f670a178007281fc5
"hangul_0956_20260929T093359719Z_b7643963.jpg","볍",956,,,pending_review,"P005","S01","2026-09-29T09:33:59.7191656Z",64,64,jpeg,5c7b367099e48f200c3c060a0b938d70bc070ec50e93ec4f670a178007281fc5
"hangul_0957_20260929T093403751Z_7f891217.jpg","볏",957,,,pending_review,"P005","S01","2026-09-29T09:34:03.7518670Z",64,64,jpeg,5c7b367099e48f200c3c060a0b938d70bc070ec50e93ec4f670a178007281fc5
"hangul_0958_20260929T093408083Z_d77dcf32.jpg","볐",958,,,pending_review,"P005","S01","2026-09-29T09:34:08.0831577Z",64,64,jpeg,5c7b367099e48f200c3c060a0b938d70bc070ec50e93ec4f670a178007281fc5
"hangul_0959_20260929T093412670Z_7936a1cd.jpg","병",959,,,pending_review,"P005","S01","2026-09-29T09:34:12.6704030Z",64,64,jpeg,5c7b367099e48f200c3c060a0b938d70bc070ec50e93ec4f670a178007281fc5
"hangul_0960_20260929T093417074Z_3a0df983.jpg","볕",960,,,pending_review,"P005","S01","2026-09-29T09:34:17.0740154Z",64,64,jpeg,5c7b367099e48f200c3c060a0b938d70bc070ec50e93ec4f670a178007281fc5
"hangul_0979_20260929T093425634Z_4f6cd924.jpg","뵌",979,,,pending_review,"P005","S01","2026-09-29T09:34:25.6342343Z",64,64,jpeg,5c7b367099e48f200c3c060a0b938d70bc070ec50e93ec4f670a178007281fc5
"hangul_0980_20260929T093429821Z_07fdd68d.jpg","뵐",980,,,pending_review,"P005","S01","2026-09-29T09:34:29.8215410Z",64,64,jpeg,5c7b367099e48f200c3c060a0b938d70bc070ec50e93ec4f670a178007281fc5
"hangul_0981_20260929T093433932Z_b6e327a4.jpg","뵘",981,,,pending_review,"P005","S01","2026-09-29T09:34:33.9329216Z",64,64,jpeg,5c7b367099e48f200c3c060a0b938d70bc070ec50e93ec4f670a178007281fc5
"hangul_0982_20260929T093438502Z_b1b164ec.jpg","뵙",982,,,pending_review,"P005","S01","2026-09-29T09:34:38.5020011Z",64,64,jpeg,5c7b367099e48f200c3c060a0b938d70bc070ec50e93ec4f670a178007281fc5
"hangul_0983_20260929T093442074Z_dee56077.jpg","뵤",983,,,pending_review,"P005","S01","2026-09-29T09:34:42.0740865Z",64,64,jpeg,5c7b367099e48f200c3c060a0b938d70bc070ec50e93ec4f670a178007281fc5
"hangul_0984_20260929T093445778Z_1de899e0.jpg","뵨",984,,,pending_review,"P005","S01","2026-09-29T09:34:45.7782897Z",64,64,jpeg,5c7b367099e48f200c3c060a0b938d70bc070ec50e93ec4f670a178007281fc5
"hangul_0985_20260929T093448681Z_da972a17.jpg","부",985,,,pending_review,"P005","S01","2026-09-29T09:34:48.6815495Z",64,64,jpeg,5c7b367099e48f200c3c060a0b938d70bc070ec50e93ec4f670a178007281fc5
"hangul_0986_20260929T093451833Z_862dfed3.jpg","북",986,,,pending_review,"P005","S01","2026-09-29T09:34:51.8338419Z",64,64,jpeg,5c7b367099e48f200c3c060a0b938d70bc070ec50e93ec4f670a178007281fc5
"hangul_0987_20260929T093455628Z_24931fbd.jpg","분",987,,,pending_review,"P005","S01","2026-09-29T09:34:55.6282180Z",64,64,jpeg,5c7b367099e48f200c3c060a0b938d70bc070ec50e93ec4f670a178007281fc5
"hangul_0988_20260929T093459036Z_a2d6e4a9.jpg","붇",988,,,pending_review,"P005","S01","2026-09-29T09:34:59.0368843Z",64,64,jpeg,5c7b367099e48f200c3c060a0b938d70bc070ec50e93ec4f670a178007281fc5
"hangul_0989_20260929T093503019Z_c6e6ff5c.jpg","불",989,,,pending_review,"P005","S01","2026-09-29T09:35:03.0199963Z",64,64,jpeg,5c7b367099e48f200c3c060a0b938d70bc070ec50e93ec4f670a178007281fc5
"hangul_0990_20260929T093507249Z_8f46e25c.jpg","붉",990,,,pending_review,"P005","S01","2026-09-29T09:35:07.2494818Z",64,64,jpeg,5c7b367099e48f200c3c060a0b938d70bc070ec50e93ec4f670a178007281fc5
"hangul_0991_20260929T093511613Z_7b6ed7e1.jpg","붊",991,,,pending_review,"P005","S01","2026-09-29T09:35:11.6136462Z",64,64,jpeg,5c7b367099e48f200c3c060a0b938d70bc070ec50e93ec4f670a178007281fc5
"hangul_0992_20260929T093516232Z_c0bd4155.jpg","붐",992,,,pending_review,"P005","S01","2026-09-29T09:35:16.2320941Z",64,64,jpeg,5c7b367099e48f200c3c060a0b938d70bc070ec50e93ec4f670a178007281fc5
"hangul_0993_20260929T093519903Z_e2fb1107.jpg","붑",993,,,pending_review,"P005","S01","2026-09-29T09:35:19.9035700Z",64,64,jpeg,5c7b367099e48f200c3c060a0b938d70bc070ec50e93ec4f670a178007281fc5
"hangul_0994_20260929T093523604Z_d4901b45.jpg","붓",994,,,pending_review,"P005","S01","2026-09-29T09:35:23.6043991Z",64,64,jpeg,5c7b367099e48f200c3c060a0b938d70bc070ec50e93ec4f670a178007281fc5
"hangul_0995_20260929T093527158Z_d7154990.jpg","붕",995,,,pending_review,"P005","S01","2026-09-29T09:35:27.1581349Z",64,64,jpeg,5c7b367099e48f200c3c060a0b938d70bc070ec50e93ec4f670a178007281fc5
"hangul_0996_20260929T093531271Z_6f166823.jpg","붙",996,,,pending_review,"P005","S01","2026-09-29T09:35:31.2710219Z",64,64,jpeg,5c7b367099e48f200c3c060a0b938d70bc070ec50e93ec4f670a178007281fc5
"hangul_0996_20260929T093538192Z_0747dc7c.jpg","붙",996,,,pending_review,"P005","S01","2026-09-29T09:35:38.1922791Z",64,64,jpeg,5c7b367099e48f200c3c060a0b938d70bc070ec50e93ec4f670a178007281fc5
"hangul_0996_20260929T093546159Z_f95db180.jpg","붙",996,,,pending_review,"P005","S01","2026-09-29T09:35:46.1591726Z",64,64,jpeg,5c7b367099e48f200c3c060a0b938d70bc070ec50e93ec4f670a178007281fc5
"hangul_1019_20260929T093601860Z_5846e40d.jpg","븟",1019,,,pending_review,"P005","S01","2026-09-29T09:36:01.8606778Z",64,64,jpeg,5c7b367099e48f200c3c060a0b938d70bc070ec50e93ec4f670a178007281fc5
"hangul_1020_20260929T093605354Z_73c34167.jpg","비",1020,,,pending_review,"P005","S01","2026-09-29T09:36:05.3542553Z",64,64,jpeg,5c7b367099e48f200c3c060a0b938d70bc070ec50e93ec4f670a178007281fc5
"hangul_1021_20260929T093608472Z_5fd2abc1.jpg","빅",1021,,,pending_review,"P005","S01","2026-09-29T09:36:08.4728428Z",64,64,jpeg,5c7b367099e48f200c3c060a0b938d70bc070ec50e93ec4f670a178007281fc5
"hangul_1022_20260929T093611550Z_c223a991.jpg","빈",1022,,,pending_review,"P005","S01","2026-09-29T09:36:11.5502377Z",64,64,jpeg,5c7b367099e48f200c3c060a0b938d70bc070ec50e93ec4f670a178007281fc5
"hangul_1039_20260929T093620148Z_f8c2c75f.jpg","빴",1039,,,pending_review,"P005","S01","2026-09-29T09:36:20.1488142Z",64,64,jpeg,5c7b367099e48f200c3c060a0b938d70bc070ec50e93ec4f670a178007281fc5
"hangul_1040_20260929T093624794Z_1d87acf1.jpg","빵",1040,,,pending_review,"P005","S01","2026-09-29T09:36:24.7946119Z",64,64,jpeg,5c7b367099e48f200c3c060a0b938d70bc070ec50e93ec4f670a178007281fc5
"hangul_1041_20260929T093630114Z_e316eb2a.jpg","빻",1041,,,pending_review,"P005","S01","2026-09-29T09:36:30.1142635Z",64,64,jpeg,5c7b367099e48f200c3c060a0b938d70bc070ec50e93ec4f670a178007281fc5
"hangul_1042_20260929T093634563Z_cdddb1cd.jpg","빼",1042,,,pending_review,"P005","S01","2026-09-29T09:36:34.5639854Z",64,64,jpeg,5c7b367099e48f200c3c060a0b938d70bc070ec50e93ec4f670a178007281fc5
"hangul_1043_20260929T093639516Z_2148ea87.jpg","빽",1043,,,pending_review,"P005","S01","2026-09-29T09:36:39.5166604Z",64,64,jpeg,5c7b367099e48f200c3c060a0b938d70bc070ec50e93ec4f670a178007281fc5
"hangul_1044_20260929T093644241Z_a50a85d7.jpg","뺀",1044,,,pending_review,"P005","S01","2026-09-29T09:36:44.2414377Z",64,64,jpeg,5c7b367099e48f200c3c060a0b938d70bc070ec50e93ec4f670a178007281fc5
"hangul_1044_20260929T093652636Z_9cce459b.jpg","뺀",1044,,,pending_review,"P005","S01","2026-09-29T09:36:52.6360175Z",64,64,jpeg,5c7b367099e48f200c3c060a0b938d70bc070ec50e93ec4f670a178007281fc5
"hangul_1045_20260929T093659341Z_db5ddafe.jpg","뺄",1045,,,pending_review,"P005","S01","2026-09-29T09:36:59.3416392Z",64,64,jpeg,5c7b367099e48f200c3c060a0b938d70bc070ec50e93ec4f670a178007281fc5
"hangul_1045_20260929T093705808Z_7b8a2a4c.jpg","뺄",1045,,,pending_review,"P005","S01","2026-09-29T09:37:05.8084140Z",64,64,jpeg,5c7b367099e48f200c3c060a0b938d70bc070ec50e93ec4f670a178007281fc5
"hangul_1046_20260929T093711422Z_c08bdf68.jpg","뺌",1046,,,pending_review,"P005","S01","2026-09-29T09:37:11.4229372Z",64,64,jpeg,5c7b367099e48f200c3c060a0b938d70bc070ec50e93ec4f670a178007281fc5
"hangul_1047_20260929T093717373Z_36160600.jpg","뺍",1047,,,pending_review,"P005","S01","2026-09-29T09:37:17.3736387Z",64,64,jpeg,5c7b367099e48f200c3c060a0b938d70bc070ec50e93ec4f670a178007281fc5
"hangul_1048_20260929T093722872Z_6693d469.jpg","뺏",1048,,,pending_review,"P005","S01","2026-09-29T09:37:22.8720266Z",64,64,jpeg,5c7b367099e48f200c3c060a0b938d70bc070ec50e93ec4f670a178007281fc5
"hangul_1049_20260929T093729332Z_22cbaf1a.jpg","뺐",1049,,,pending_review,"P005","S01","2026-09-29T09:37:29.3323970Z",64,64,jpeg,5c7b367099e48f200c3c060a0b938d70bc070ec50e93ec4f670a178007281fc5
"hangul_1050_20260929T093734498Z_fa59b109.jpg","뺑",1050,,,pending_review,"P005","S01","2026-09-29T09:37:34.4983364Z",64,64,jpeg,5c7b367099e48f200c3c060a0b938d70bc070ec50e93ec4f670a178007281fc5
"hangul_1051_20260929T093739964Z_a35a2666.jpg","뺘",1051,,,pending_review,"P005","S01","2026-09-29T09:37:39.9645573Z",64,64,jpeg,5c7b367099e48f200c3c060a0b938d70bc070ec50e93ec4f670a178007281fc5
"hangul_1052_20260929T093745709Z_06a24be9.jpg","뺙",1052,,,pending_review,"P005","S01","2026-09-29T09:37:45.7099627Z",64,64,jpeg,5c7b367099e48f200c3c060a0b938d70bc070ec50e93ec4f670a178007281fc5
"hangul_1053_20260929T093751408Z_dc7002e8.jpg","뺨",1053,,,pending_review,"P005","S01","2026-09-29T09:37:51.4086158Z",64,64,jpeg,5c7b367099e48f200c3c060a0b938d70bc070ec50e93ec4f670a178007281fc5
"hangul_1054_20260929T093808380Z_9e546fb5.jpg","뻐",1054,,,pending_review,"P005","S01","2026-09-29T09:38:08.3804562Z",64,64,jpeg,5c7b367099e48f200c3c060a0b938d70bc070ec50e93ec4f670a178007281fc5
"hangul_1072_20260929T093817996Z_3223aa46.jpg","뽀",1072,,,pending_review,"P005","S01","2026-09-29T09:38:17.9963206Z",64,64,jpeg,5c7b367099e48f200c3c060a0b938d70bc070ec50e93ec4f670a178007281fc5
"hangul_1073_20260929T093822739Z_cfbbcc59.jpg","뽁",1073,,,pending_review,"P005","S01","2026-09-29T09:38:22.7393325Z",64,64,jpeg,5c7b367099e48f200c3c060a0b938d70bc070ec50e93ec4f670a178007281fc5
"hangul_1077_20260929T093828633Z_60901f92.jpg","뽑",1077,,,pending_review,"P005","S01","2026-09-29T09:38:28.6339307Z",64,64,jpeg,5c7b367099e48f200c3c060a0b938d70bc070ec50e93ec4f670a178007281fc5
"hangul_1099_20260929T093836905Z_7e02b327.jpg","삘",1099,,,pending_review,"P005","S01","2026-09-29T09:38:36.9053003Z",64,64,jpeg,5c7b367099e48f200c3c060a0b938d70bc070ec50e93ec4f670a178007281fc5
"hangul_1100_20260929T093841387Z_b68d94c8.jpg","삠",1100,,,pending_review,"P005","S01","2026-09-29T09:38:41.3872745Z",64,64,jpeg,5c7b367099e48f200c3c060a0b938d70bc070ec50e93ec4f670a178007281fc5
"hangul_1101_20260929T093846455Z_1251bb97.jpg","삡",1101,,,pending_review,"P005","S01","2026-09-29T09:38:46.4556276Z",64,64,jpeg,5c7b367099e48f200c3c060a0b938d70bc070ec50e93ec4f670a178007281fc5
"hangul_1104_20260929T093854632Z_47a9771b.jpg","사",1104,,,pending_review,"P005","S01","2026-09-29T09:38:54.6326015Z",64,64,jpeg,5c7b367099e48f200c3c060a0b938d70bc070ec50e93ec4f670a178007281fc5
"hangul_1105_20260929T093857687Z_4cfbf5c4.jpg","삭",1105,,,pending_review,"P005","S01","2026-09-29T09:38:57.6877940Z",64,64,jpeg,5c7b367099e48f200c3c060a0b938d70bc070ec50e93ec4f670a178007281fc5
"hangul_1105_20260929T093900513Z_5800bac3.jpg","삭",1105,,,pending_review,"P005","S01","2026-09-29T09:39:00.5139240Z",64,64,jpeg,5c7b367099e48f200c3c060a0b938d70bc070ec50e93ec4f670a178007281fc5
"hangul_1106_20260929T093904130Z_a01b4c62.jpg","삯",1106,,,pending_review,"P005","S01","2026-09-29T09:39:04.1309654Z",64,64,jpeg,5c7b367099e48f200c3c060a0b938d70bc070ec50e93ec4f670a178007281fc5
"hangul_1107_20260929T093907365Z_a2c19f4f.jpg","산",1107,,,pending_review,"P005","S01","2026-09-29T09:39:07.3657273Z",64,64,jpeg,5c7b367099e48f200c3c060a0b938d70bc070ec50e93ec4f670a178007281fc5
"hangul_1108_20260929T093911624Z_9569b820.jpg","삳",1108,,,pending_review,"P005","S01","2026-09-29T09:39:11.6247512Z",64,64,jpeg,5c7b367099e48f200c3c060a0b938d70bc070ec50e93ec4f670a178007281fc5
"hangul_1111_20260929T093917928Z_9412870c.jpg","삶",1111,,,pending_review,"P005","S01","2026-09-29T09:39:17.9284268Z",64,64,jpeg,5c7b367099e48f200c3c060a0b938d70bc070ec50e93ec4f670a178007281fc5
"hangul_1112_20260929T093921349Z_90e13805.jpg","삼",1112,,,pending_review,"P005","S01","2026-09-29T09:39:21.3493288Z",64,64,jpeg,5c7b367099e48f200c3c060a0b938d70bc070ec50e93ec4f670a178007281fc5
"hangul_1113_20260929T093925213Z_e8562447.jpg","삽",1113,,,pending_review,"P005","S01","2026-09-29T09:39:25.2130649Z",64,64,jpeg,5c7b367099e48f200c3c060a0b938d70bc070ec50e93ec4f670a178007281fc5
"hangul_1114_20260929T093928704Z_0cf0561e.jpg","삿",1114,,,pending_review,"P005","S01","2026-09-29T09:39:28.7044626Z",64,64,jpeg,5c7b367099e48f200c3c060a0b938d70bc070ec50e93ec4f670a178007281fc5
"hangul_1116_20260929T093933275Z_bd6709ba.jpg","상",1116,,,pending_review,"P005","S01","2026-09-29T09:39:33.2757638Z",64,64,jpeg,5c7b367099e48f200c3c060a0b938d70bc070ec50e93ec4f670a178007281fc5
"hangul_1116_20260929T093936912Z_46c9cf83.jpg","상",1116,,,pending_review,"P005","S01","2026-09-29T09:39:36.9121030Z",64,64,jpeg,5c7b367099e48f200c3c060a0b938d70bc070ec50e93ec4f670a178007281fc5
"hangul_1117_20260929T093940929Z_bdc5f769.jpg","샅",1117,,,pending_review,"P005","S01","2026-09-29T09:39:40.9299216Z",64,64,jpeg,5c7b367099e48f200c3c060a0b938d70bc070ec50e93ec4f670a178007281fc5
"hangul_1118_20260929T093944004Z_c53b67c0.jpg","새",1118,,,pending_review,"P005","S01","2026-09-29T09:39:44.0048338Z",64,64,jpeg,5c7b367099e48f200c3c060a0b938d70bc070ec50e93ec4f670a178007281fc5
"hangul_1119_20260929T093947487Z_94f4f8e8.jpg","색",1119,,,pending_review,"P005","S01","2026-09-29T09:39:47.4874493Z",64,64,jpeg,5c7b367099e48f200c3c060a0b938d70bc070ec50e93ec4f670a178007281fc5
"hangul_1120_20260929T094017951Z_ea579733.jpg","샌",1120,,,pending_review,"P005","S01","2026-09-29T09:40:17.9518191Z",64,64,jpeg,5c7b367099e48f200c3c060a0b938d70bc070ec50e93ec4f670a178007281fc5
"hangul_1121_20260929T094021863Z_b08890ee.jpg","샐",1121,,,pending_review,"P005","S01","2026-09-29T09:40:21.8639191Z",64,64,jpeg,5c7b367099e48f200c3c060a0b938d70bc070ec50e93ec4f670a178007281fc5
"hangul_1122_20260929T094025642Z_56145e7b.jpg","샘",1122,,,pending_review,"P005","S01","2026-09-29T09:40:25.6421017Z",64,64,jpeg,5c7b367099e48f200c3c060a0b938d70bc070ec50e93ec4f670a178007281fc5
"hangul_1123_20260929T094029758Z_3fcc9cfe.jpg","샙",1123,,,pending_review,"P005","S01","2026-09-29T09:40:29.7586860Z",64,64,jpeg,5c7b367099e48f200c3c060a0b938d70bc070ec50e93ec4f670a178007281fc5
"hangul_1124_20260929T094034806Z_6ea81e9f.jpg","샛",1124,,,pending_review,"P005","S01","2026-09-29T09:40:34.8066827Z",64,64,jpeg,5c7b367099e48f200c3c060a0b938d70bc070ec50e93ec4f670a178007281fc5
"hangul_1125_20260929T094038923Z_30219c78.jpg","샜",1125,,,pending_review,"P005","S01","2026-09-29T09:40:38.9238130Z",64,64,jpeg,5c7b367099e48f200c3c060a0b938d70bc070ec50e93ec4f670a178007281fc5
"hangul_1126_20260929T094042326Z_ca80acaf.jpg","생",1126,,,pending_review,"P005","S01","2026-09-29T09:40:42.3264087Z",64,64,jpeg,5c7b367099e48f200c3c060a0b938d70bc070ec50e93ec4f670a178007281fc5
"hangul_1127_20260929T094045758Z_715f1acf.jpg","샤",1127,,,pending_review,"P005","S01","2026-09-29T09:40:45.7588183Z",64,64,jpeg,5c7b367099e48f200c3c060a0b938d70bc070ec50e93ec4f670a178007281fc5
"hangul_1128_20260929T094049166Z_441b776e.jpg","샥",1128,,,pending_review,"P005","S01","2026-09-29T09:40:49.1661987Z",64,64,jpeg,5c7b367099e48f200c3c060a0b938d70bc070ec50e93ec4f670a178007281fc5
"hangul_1129_20260929T094052563Z_402d7cae.jpg","샨",1129,,,pending_review,"P005","S01","2026-09-29T09:40:52.5634894Z",64,64,jpeg,5c7b367099e48f200c3c060a0b938d70bc070ec50e93ec4f670a178007281fc5
"hangul_1130_20260929T094056261Z_595f397f.jpg","샬",1130,,,pending_review,"P005","S01","2026-09-29T09:40:56.2615979Z",64,64,jpeg,5c7b367099e48f200c3c060a0b938d70bc070ec50e93ec4f670a178007281fc5
"hangul_1131_20260929T094100009Z_04b98d82.jpg","샴",1131,,,pending_review,"P005","S01","2026-09-29T09:41:00.0093701Z",64,64,jpeg,5c7b367099e48f200c3c060a0b938d70bc070ec50e93ec4f670a178007281fc5
"hangul_1132_20260929T094104583Z_4e86f1b1.jpg","샵",1132,,,pending_review,"P005","S01","2026-09-29T09:41:04.5831018Z",64,64,jpeg,5c7b367099e48f200c3c060a0b938d70bc070ec50e93ec4f670a178007281fc5
"hangul_1133_20260929T094108475Z_21d9662b.jpg","샷",1133,,,pending_review,"P005","S01","2026-09-29T09:41:08.4758084Z",64,64,jpeg,5c7b367099e48f200c3c060a0b938d70bc070ec50e93ec4f670a178007281fc5
"hangul_1134_20260929T094111942Z_1244f6da.jpg","샹",1134,,,pending_review,"P005","S01","2026-09-29T09:41:11.9428030Z",64,64,jpeg,5c7b367099e48f200c3c060a0b938d70bc070ec50e93ec4f670a178007281fc5
"hangul_1135_20260929T094115120Z_520d32de.jpg","섀",1135,,,pending_review,"P005","S01","2026-09-29T09:41:15.1206423Z",64,64,jpeg,5c7b367099e48f200c3c060a0b938d70bc070ec50e93ec4f670a178007281fc5
"hangul_1136_20260929T094118440Z_569a6ce3.jpg","섄",1136,,,pending_review,"P005","S01","2026-09-29T09:41:18.4402424Z",64,64,jpeg,5c7b367099e48f200c3c060a0b938d70bc070ec50e93ec4f670a178007281fc5
"hangul_1137_20260929T094122434Z_5c37f3f4.jpg","섈",1137,,,pending_review,"P005","S01","2026-09-29T09:41:22.4343253Z",64,64,jpeg,5c7b367099e48f200c3c060a0b938d70bc070ec50e93ec4f670a178007281fc5
"hangul_1140_20260929T094127203Z_538352d9.jpg","서",1140,,,pending_review,"P005","S01","2026-09-29T09:41:27.2031066Z",64,64,jpeg,5c7b367099e48f200c3c060a0b938d70bc070ec50e93ec4f670a178007281fc5
"hangul_1141_20260929T094130276Z_3c7c2616.jpg","석",1141,,,pending_review,"P005","S01","2026-09-29T09:41:30.2762857Z",64,64,jpeg,5c7b367099e48f200c3c060a0b938d70bc070ec50e93ec4f670a178007281fc5
"hangul_1142_20260929T094134586Z_bf5dc91c.jpg","섞",1142,,,pending_review,"P005","S01","2026-09-29T09:41:34.5869925Z",64,64,jpeg,5c7b367099e48f200c3c060a0b938d70bc070ec50e93ec4f670a178007281fc5
"hangul_1143_20260929T094158718Z_f030d523.jpg","섟",1143,,,pending_review,"P005","S01","2026-09-29T09:41:58.7186553Z",64,64,jpeg,5c7b367099e48f200c3c060a0b938d70bc070ec50e93ec4f670a178007281fc5
"hangul_1144_20260929T094201892Z_050cfb82.jpg","선",1144,,,pending_review,"P005","S01","2026-09-29T09:42:01.8927268Z",64,64,jpeg,5c7b367099e48f200c3c060a0b938d70bc070ec50e93ec4f670a178007281fc5
"hangul_1145_20260929T094204849Z_57ec72d8.jpg","섣",1145,,,pending_review,"P005","S01","2026-09-29T09:42:04.8499225Z",64,64,jpeg,5c7b367099e48f200c3c060a0b938d70bc070ec50e93ec4f670a178007281fc5
"hangul_1146_20260929T094208213Z_350cc11b.jpg","설",1146,,,pending_review,"P005","S01","2026-09-29T09:42:08.2136002Z",64,64,jpeg,5c7b367099e48f200c3c060a0b938d70bc070ec50e93ec4f670a178007281fc5
"hangul_1155_20260929T094213609Z_7be7bb85.jpg","세",1155,,,pending_review,"P005","S01","2026-09-29T09:42:13.6098582Z",64,64,jpeg,5c7b367099e48f200c3c060a0b938d70bc070ec50e93ec4f670a178007281fc5
"hangul_1156_20260929T094216881Z_73816f24.jpg","섹",1156,,,pending_review,"P005","S01","2026-09-29T09:42:16.8812650Z",64,64,jpeg,5c7b367099e48f200c3c060a0b938d70bc070ec50e93ec4f670a178007281fc5
"hangul_1157_20260929T094220227Z_50405021.jpg","센",1157,,,pending_review,"P005","S01","2026-09-29T09:42:20.2277469Z",64,64,jpeg,5c7b367099e48f200c3c060a0b938d70bc070ec50e93ec4f670a178007281fc5
"hangul_1158_20260929T094224071Z_62cf909f.jpg","셀",1158,,,pending_review,"P005","S01","2026-09-29T09:42:24.0710518Z",64,64,jpeg,5c7b367099e48f200c3c060a0b938d70bc070ec50e93ec4f670a178007281fc5
"hangul_1159_20260929T094227862Z_793e10d7.jpg","셈",1159,,,pending_review,"P005","S01","2026-09-29T09:42:27.8623132Z",64,64,jpeg,5c7b367099e48f200c3c060a0b938d70bc070ec50e93ec4f670a178007281fc5
"hangul_1160_20260929T094232198Z_a7037875.jpg","셉",1160,,,pending_review,"P005","S01","2026-09-29T09:42:32.1989485Z",64,64,jpeg,5c7b367099e48f200c3c060a0b938d70bc070ec50e93ec4f670a178007281fc5
"hangul_1161_20260929T094235725Z_26274499.jpg","셋",1161,,,pending_review,"P005","S01","2026-09-29T09:42:35.7251161Z",64,64,jpeg,5c7b367099e48f200c3c060a0b938d70bc070ec50e93ec4f670a178007281fc5
"hangul_1162_20260929T094239839Z_1de07d1b.jpg","셌",1162,,,pending_review,"P005","S01","2026-09-29T09:42:39.8390365Z",64,64,jpeg,5c7b367099e48f200c3c060a0b938d70bc070ec50e93ec4f670a178007281fc5
"hangul_1164_20260929T094243662Z_3416dba4.jpg","셔",1164,,,pending_review,"P005","S01","2026-09-29T09:42:43.6623320Z",64,64,jpeg,5c7b367099e48f200c3c060a0b938d70bc070ec50e93ec4f670a178007281fc5
"hangul_1165_20260929T094246946Z_9dfe1cb4.jpg","셕",1165,,,pending_review,"P005","S01","2026-09-29T09:42:46.9461094Z",64,64,jpeg,5c7b367099e48f200c3c060a0b938d70bc070ec50e93ec4f670a178007281fc5
"hangul_1165_20260929T094250418Z_c2d2e686.jpg","셕",1165,,,pending_review,"P005","S01","2026-09-29T09:42:50.4188266Z",64,64,jpeg,5c7b367099e48f200c3c060a0b938d70bc070ec50e93ec4f670a178007281fc5
"hangul_1166_20260929T094254158Z_00f73ccc.jpg","션",1166,,,pending_review,"P005","S01","2026-09-29T09:42:54.1586542Z",64,64,jpeg,5c7b367099e48f200c3c060a0b938d70bc070ec50e93ec4f670a178007281fc5
"hangul_1167_20260929T094258090Z_b421f10f.jpg","셜",1167,,,pending_review,"P005","S01","2026-09-29T09:42:58.0907937Z",64,64,jpeg,5c7b367099e48f200c3c060a0b938d70bc070ec50e93ec4f670a178007281fc5
"hangul_1168_20260929T094302106Z_65e07673.jpg","셤",1168,,,pending_review,"P005","S01","2026-09-29T09:43:02.1065352Z",64,64,jpeg,5c7b367099e48f200c3c060a0b938d70bc070ec50e93ec4f670a178007281fc5
"hangul_1169_20260929T094306108Z_d9650b2c.jpg","셥",1169,,,pending_review,"P005","S01","2026-09-29T09:43:06.1085781Z",64,64,jpeg,5c7b367099e48f200c3c060a0b938d70bc070ec50e93ec4f670a178007281fc5
"hangul_1170_20260929T094309530Z_0d651c0d.jpg","셧",1170,,,pending_review,"P005","S01","2026-09-29T09:43:09.5306603Z",64,64,jpeg,5c7b367099e48f200c3c060a0b938d70bc070ec50e93ec4f670a178007281fc5
"hangul_1171_20260929T094313197Z_9aa8362e.jpg","셨",1171,,,pending_review,"P005","S01","2026-09-29T09:43:13.1977094Z",64,64,jpeg,5c7b367099e48f200c3c060a0b938d70bc070ec50e93ec4f670a178007281fc5
"hangul_1173_20260929T094317386Z_d7075269.jpg","셰",1173,,,pending_review,"P005","S01","2026-09-29T09:43:17.3867474Z",64,64,jpeg,5c7b367099e48f200c3c060a0b938d70bc070ec50e93ec4f670a178007281fc5
"hangul_1174_20260929T094320733Z_45d00d13.jpg","셴",1174,,,pending_review,"P005","S01","2026-09-29T09:43:20.7336956Z",64,64,jpeg,5c7b367099e48f200c3c060a0b938d70bc070ec50e93ec4f670a178007281fc5
"hangul_1175_20260929T094324732Z_f057d419.jpg","셸",1175,,,pending_review,"P005","S01","2026-09-29T09:43:24.7321562Z",64,64,jpeg,5c7b367099e48f200c3c060a0b938d70bc070ec50e93ec4f670a178007281fc5
"hangul_1176_20260929T094328689Z_30fc9ba0.jpg","솅",1176,,,pending_review,"P005","S01","2026-09-29T09:43:28.6897987Z",64,64,jpeg,5c7b367099e48f200c3c060a0b938d70bc070ec50e93ec4f670a178007281fc5
"hangul_1177_20260929T094332021Z_539155b3.jpg","소",1177,,,pending_review,"P005","S01","2026-09-29T09:43:32.0210029Z",64,64,jpeg,5c7b367099e48f200c3c060a0b938d70bc070ec50e93ec4f670a178007281fc5
"hangul_1178_20260929T094335932Z_674d332b.jpg","속",1178,,,pending_review,"P005","S01","2026-09-29T09:43:35.9327396Z",64,64,jpeg,5c7b367099e48f200c3c060a0b938d70bc070ec50e93ec4f670a178007281fc5
"hangul_1179_20260929T094339444Z_cb55a811.jpg","솎",1179,,,pending_review,"P005","S01","2026-09-29T09:43:39.4447854Z",64,64,jpeg,5c7b367099e48f200c3c060a0b938d70bc070ec50e93ec4f670a178007281fc5
"hangul_1180_20260929T094342417Z_420acd5f.jpg","손",1180,,,pending_review,"P005","S01","2026-09-29T09:43:42.4178861Z",64,64,jpeg,5c7b367099e48f200c3c060a0b938d70bc070ec50e93ec4f670a178007281fc5
"hangul_1181_20260929T094345863Z_a2646958.jpg","솔",1181,,,pending_review,"P005","S01","2026-09-29T09:43:45.8631282Z",64,64,jpeg,5c7b367099e48f200c3c060a0b938d70bc070ec50e93ec4f670a178007281fc5
"hangul_1182_20260929T094350073Z_2f5cdd69.jpg","솖",1182,,,pending_review,"P005","S01","2026-09-29T09:43:50.0730030Z",64,64,jpeg,5c7b367099e48f200c3c060a0b938d70bc070ec50e93ec4f670a178007281fc5
"hangul_1183_20260929T094354015Z_33e65d29.jpg","솜",1183,,,pending_review,"P005","S01","2026-09-29T09:43:54.0156711Z",64,64,jpeg,5c7b367099e48f200c3c060a0b938d70bc070ec50e93ec4f670a178007281fc5
"hangul_1184_20260929T094357856Z_4b97437b.jpg","솝",1184,,,pending_review,"P005","S01","2026-09-29T09:43:57.8564445Z",64,64,jpeg,5c7b367099e48f200c3c060a0b938d70bc070ec50e93ec4f670a178007281fc5
"hangul_1185_20260929T094401162Z_d86c6649.jpg","솟",1185,,,pending_review,"P005","S01","2026-09-29T09:44:01.1621832Z",64,64,jpeg,5c7b367099e48f200c3c060a0b938d70bc070ec50e93ec4f670a178007281fc5
"hangul_1186_20260929T094404228Z_42c0c35e.jpg","송",1186,,,pending_review,"P005","S01","2026-09-29T09:44:04.2288920Z",64,64,jpeg,5c7b367099e48f200c3c060a0b938d70bc070ec50e93ec4f670a178007281fc5
"hangul_1188_20260929T094508854Z_b40be66f.jpg","솨",1188,,,pending_review,"P005","S01","2026-09-29T09:45:08.8540556Z",64,64,jpeg,5c7b367099e48f200c3c060a0b938d70bc070ec50e93ec4f670a178007281fc5
"hangul_1189_20260929T094513439Z_436f9288.jpg","솩",1189,,,pending_review,"P005","S01","2026-09-29T09:45:13.4397872Z",64,64,jpeg,5c7b367099e48f200c3c060a0b938d70bc070ec50e93ec4f670a178007281fc5
"hangul_1189_20260929T094518956Z_ece1bffa.jpg","솩",1189,,,pending_review,"P005","S01","2026-09-29T09:45:18.9567561Z",64,64,jpeg,5c7b367099e48f200c3c060a0b938d70bc070ec50e93ec4f670a178007281fc5
"hangul_1249_20260929T094543899Z_448484c2.jpg","슨",1249,,,pending_review,"P006","S01","2026-09-29T09:45:43.8990359Z",64,64,jpeg,5c7b367099e48f200c3c060a0b938d70bc070ec50e93ec4f670a178007281fc5
"hangul_1250_20260929T094547169Z_2aa218b2.jpg","슬",1250,,,pending_review,"P006","S01","2026-09-29T09:45:47.1696999Z",64,64,jpeg,5c7b367099e48f200c3c060a0b938d70bc070ec50e93ec4f670a178007281fc5
"hangul_1251_20260929T094550799Z_df8c7862.jpg","슭",1251,,,pending_review,"P006","S01","2026-09-29T09:45:50.7996712Z",64,64,jpeg,5c7b367099e48f200c3c060a0b938d70bc070ec50e93ec4f670a178007281fc5
"hangul_1252_20260929T094553747Z_dbaabfbd.jpg","슴",1252,,,pending_review,"P006","S01","2026-09-29T09:45:53.7475321Z",64,64,jpeg,5c7b367099e48f200c3c060a0b938d70bc070ec50e93ec4f670a178007281fc5
"hangul_1253_20260929T094556957Z_c3aba846.jpg","습",1253,,,pending_review,"P006","S01","2026-09-29T09:45:56.9575607Z",64,64,jpeg,5c7b367099e48f200c3c060a0b938d70bc070ec50e93ec4f670a178007281fc5
"hangul_1254_20260929T094559593Z_71ffcd0b.jpg","슷",1254,,,pending_review,"P006","S01","2026-09-29T09:45:59.5932653Z",64,64,jpeg,5c7b367099e48f200c3c060a0b938d70bc070ec50e93ec4f670a178007281fc5
"hangul_1255_20260929T094602130Z_97855bdb.jpg","승",1255,,,pending_review,"P006","S01","2026-09-29T09:46:02.1306878Z",64,64,jpeg,5c7b367099e48f200c3c060a0b938d70bc070ec50e93ec4f670a178007281fc5
"hangul_1256_20260929T094604505Z_40d71ac6.jpg","시",1256,,,pending_review,"P006","S01","2026-09-29T09:46:04.5051564Z",64,64,jpeg,5c7b367099e48f200c3c060a0b938d70bc070ec50e93ec4f670a178007281fc5
"hangul_1257_20260929T094607229Z_72c470cb.jpg","식",1257,,,pending_review,"P006","S01","2026-09-29T09:46:07.2296800Z",64,64,jpeg,5c7b367099e48f200c3c060a0b938d70bc070ec50e93ec4f670a178007281fc5
"hangul_1258_20260929T094609713Z_60261bfd.jpg","신",1258,,,pending_review,"P006","S01","2026-09-29T09:46:09.7134131Z",64,64,jpeg,5c7b367099e48f200c3c060a0b938d70bc070ec50e93ec4f670a178007281fc5
"hangul_1258_20260929T094612456Z_e0d07222.jpg","신",1258,,,pending_review,"P006","S01","2026-09-29T09:46:12.4565256Z",64,64,jpeg,5c7b367099e48f200c3c060a0b938d70bc070ec50e93ec4f670a178007281fc5
"hangul_1259_20260929T094615233Z_51602320.jpg","싣",1259,,,pending_review,"P006","S01","2026-09-29T09:46:15.2335076Z",64,64,jpeg,5c7b367099e48f200c3c060a0b938d70bc070ec50e93ec4f670a178007281fc5
"hangul_1260_20260929T094619764Z_1b664499.jpg","실",1260,,,pending_review,"P006","S01","2026-09-29T09:46:19.7649783Z",64,64,jpeg,5c7b367099e48f200c3c060a0b938d70bc070ec50e93ec4f670a178007281fc5
"hangul_1261_20260929T094623942Z_0799d35c.jpg","싫",1261,,,pending_review,"P006","S01","2026-09-29T09:46:23.9427936Z",64,64,jpeg,5c7b367099e48f200c3c060a0b938d70bc070ec50e93ec4f670a178007281fc5
"hangul_1262_20260929T094627881Z_393193fd.jpg","심",1262,,,pending_review,"P006","S01","2026-09-29T09:46:27.8817822Z",64,64,jpeg,5c7b367099e48f200c3c060a0b938d70bc070ec50e93ec4f670a178007281fc5
"hangul_1263_20260929T094631030Z_dca7c178.jpg","십",1263,,,pending_review,"P006","S01","2026-09-29T09:46:31.0304753Z",64,64,jpeg,5c7b367099e48f200c3c060a0b938d70bc070ec50e93ec4f670a178007281fc5
"hangul_1264_20260929T094633985Z_0da4e1a8.jpg","싯",1264,,,pending_review,"P006","S01","2026-09-29T09:46:33.9856457Z",64,64,jpeg,5c7b367099e48f200c3c060a0b938d70bc070ec50e93ec4f670a178007281fc5
"hangul_1265_20260929T094636773Z_5c96fb67.jpg","싱",1265,,,pending_review,"P006","S01","2026-09-29T09:46:36.7732399Z",64,64,jpeg,5c7b367099e48f200c3c060a0b938d70bc070ec50e93ec4f670a178007281fc5
"hangul_1266_20260929T094640137Z_6cf907db.jpg","싶",1266,,,pending_review,"P006","S01","2026-09-29T09:46:40.1374067Z",64,64,jpeg,5c7b367099e48f200c3c060a0b938d70bc070ec50e93ec4f670a178007281fc5
"hangul_1267_20260929T094643117Z_0afa6937.jpg","싸",1267,,,pending_review,"P006","S01","2026-09-29T09:46:43.1172788Z",64,64,jpeg,5c7b367099e48f200c3c060a0b938d70bc070ec50e93ec4f670a178007281fc5
"hangul_1268_20260929T094646337Z_94ad8687.jpg","싹",1268,,,pending_review,"P006","S01","2026-09-29T09:46:46.3378408Z",64,64,jpeg,5c7b367099e48f200c3c060a0b938d70bc070ec50e93ec4f670a178007281fc5
"hangul_1279_20260929T094656336Z_eb20f14a.jpg","쌘",1279,,,pending_review,"P006","S01","2026-09-29T09:46:56.3363294Z",64,64,jpeg,5c7b367099e48f200c3c060a0b938d70bc070ec50e93ec4f670a178007281fc5
"hangul_1280_20260929T094700831Z_0fe2ec7a.jpg","쌜",1280,,,pending_review,"P006","S01","2026-09-29T09:47:00.8316276Z",64,64,jpeg,5c7b367099e48f200c3c060a0b938d70bc070ec50e93ec4f670a178007281fc5
"hangul_1281_20260929T094705483Z_9865acf7.jpg","쌤",1281,,,pending_review,"P006","S01","2026-09-29T09:47:05.4838026Z",64,64,jpeg,5c7b367099e48f200c3c060a0b938d70bc070ec50e93ec4f670a178007281fc5
"hangul_1282_20260929T094710083Z_28177a66.jpg","쌥",1282,,,pending_review,"P006","S01","2026-09-29T09:47:10.0831573Z",64,64,jpeg,5c7b367099e48f200c3c060a0b938d70bc070ec50e93ec4f670a178007281fc5
"hangul_1282_20260929T094715604Z_c2d23dcd.jpg","쌥",1282,,,pending_review,"P006","S01","2026-09-29T09:47:15.6043654Z",64,64,jpeg,5c7b367099e48f200c3c060a0b938d70bc070ec50e93ec4f670a178007281fc5
"hangul_1283_20260929T094720410Z_b6caa319.jpg","쌨",1283,,,pending_review,"P006","S01","2026-09-29T09:47:20.4105898Z",64,64,jpeg,5c7b367099e48f200c3c060a0b938d70bc070ec50e93ec4f670a178007281fc5
"hangul_1299_20260929T094727409Z_fa5da26b.jpg","쏘",1299,,,pending_review,"P006","S01","2026-09-29T09:47:27.4091631Z",64,64,jpeg,5c7b367099e48f200c3c060a0b938d70bc070ec50e93ec4f670a178007281fc5
"hangul_1300_20260929T094731650Z_7f576abc.jpg","쏙",1300,,,pending_review,"P006","S01","2026-09-29T09:47:31.6501976Z",64,64,jpeg,5c7b367099e48f200c3c060a0b938d70bc070ec50e93ec4f670a178007281fc5
"hangul_1301_20260929T094735441Z_c521b467.jpg","쏜",1301,,,pending_review,"P006","S01","2026-09-29T09:47:35.4419722Z",64,64,jpeg,5c7b367099e48f200c3c060a0b938d70bc070ec50e93ec4f670a178007281fc5
"hangul_1319_20260929T094741731Z_5c637e7b.jpg","쑈",1319,,,pending_review,"P006","S01","2026-09-29T09:47:41.7317948Z",64,64,jpeg,5c7b367099e48f200c3c060a0b938d70bc070ec50e93ec4f670a178007281fc5
"hangul_1320_20260929T094745007Z_fcf05b25.jpg","쑤",1320,,,pending_review,"P006","S01","2026-09-29T09:47:45.0074209Z",64,64,jpeg,5c7b367099e48f200c3c060a0b938d70bc070ec50e93ec4f670a178007281fc5
"hangul_1321_20260929T094748144Z_cc960352.jpg","쑥",1321,,,pending_review,"P006","S01","2026-09-29T09:47:48.1446475Z",64,64,jpeg,5c7b367099e48f200c3c060a0b938d70bc070ec50e93ec4f670a178007281fc5
"hangul_1322_20260929T094752309Z_cd614a85.jpg","쑨",1322,,,pending_review,"P006","S01","2026-09-29T09:47:52.3095717Z",64,64,jpeg,5c7b367099e48f200c3c060a0b938d70bc070ec50e93ec4f670a178007281fc5
"hangul_1323_20260929T094756148Z_28709fa4.jpg","쑬",1323,,,pending_review,"P006","S01","2026-09-29T09:47:56.1487713Z",64,64,jpeg,5c7b367099e48f200c3c060a0b938d70bc070ec50e93ec4f670a178007281fc5
"hangul_1349_20260929T094803561Z_f61fbfef.jpg","씸",1349,,,pending_review,"P006","S01","2026-09-29T09:48:03.5619665Z",64,64,jpeg,5c7b367099e48f200c3c060a0b938d70bc070ec50e93ec4f670a178007281fc5
"hangul_1350_20260929T094807875Z_a5113c48.jpg","씹",1350,,,pending_review,"P006","S01","2026-09-29T09:48:07.8750918Z",64,64,jpeg,5c7b367099e48f200c3c060a0b938d70bc070ec50e93ec4f670a178007281fc5
"hangul_1351_20260929T094811764Z_0e468a8a.jpg","씻",1351,,,pending_review,"P006","S01","2026-09-29T09:48:11.7646047Z",64,64,jpeg,5c7b367099e48f200c3c060a0b938d70bc070ec50e93ec4f670a178007281fc5
"hangul_1352_20260929T094815003Z_1ff8632c.jpg","씽",1352,,,pending_review,"P006","S01","2026-09-29T09:48:15.0034130Z",64,64,jpeg,5c7b367099e48f200c3c060a0b938d70bc070ec50e93ec4f670a178007281fc5
"hangul_1369_20260929T094823103Z_730d56f1.jpg","애",1369,,,pending_review,"P006","S01","2026-09-29T09:48:23.1030878Z",64,64,jpeg,5c7b367099e48f200c3c060a0b938d70bc070ec50e93ec4f670a178007281fc5
"hangul_1370_20260929T094827413Z_1cde4df8.jpg","액",1370,,,pending_review,"P006","S01","2026-09-29T09:48:27.4133786Z",64,64,jpeg,5c7b367099e48f200c3c060a0b938d70bc070ec50e93ec4f670a178007281fc5
"hangul_1371_20260929T094830705Z_fba8cf65.jpg","앤",1371,,,pending_review,"P006","S01","2026-09-29T09:48:30.7050306Z",64,64,jpeg,5c7b367099e48f200c3c060a0b938d70bc070ec50e93ec4f670a178007281fc5
"hangul_1372_20260929T094837299Z_f1b7fa67.jpg","앨",1372,,,pending_review,"P006","S01","2026-09-29T09:48:37.2994887Z",64,64,jpeg,5c7b367099e48f200c3c060a0b938d70bc070ec50e93ec4f670a178007281fc5
"hangul_1373_20260929T094841565Z_9f798ebd.jpg","앰",1373,,,pending_review,"P006","S01","2026-09-29T09:48:41.5655885Z",64,64,jpeg,5c7b367099e48f200c3c060a0b938d70bc070ec50e93ec4f670a178007281fc5
"hangul_1374_20260929T094846006Z_fd9de078.jpg","앱",1374,,,pending_review,"P006","S01","2026-09-29T09:48:46.0065971Z",64,64,jpeg,5c7b367099e48f200c3c060a0b938d70bc070ec50e93ec4f670a178007281fc5
"hangul_1375_20260929T094849710Z_2380b9f7.jpg","앳",1375,,,pending_review,"P006","S01","2026-09-29T09:48:49.7109026Z",64,64,jpeg,5c7b367099e48f200c3c060a0b938d70bc070ec50e93ec4f670a178007281fc5
"hangul_1376_20260929T094854180Z_a64477d5.jpg","앴",1376,,,pending_review,"P006","S01","2026-09-29T09:48:54.1806789Z",64,64,jpeg,5c7b367099e48f200c3c060a0b938d70bc070ec50e93ec4f670a178007281fc5
"hangul_1377_20260929T094858880Z_b6e50311.jpg","앵",1377,,,pending_review,"P006","S01","2026-09-29T09:48:58.8802773Z",64,64,jpeg,5c7b367099e48f200c3c060a0b938d70bc070ec50e93ec4f670a178007281fc5
"hangul_1378_20260929T094901880Z_9d7cfe18.jpg","야",1378,,,pending_review,"P006","S01","2026-09-29T09:49:01.8806923Z",64,64,jpeg,5c7b367099e48f200c3c060a0b938d70bc070ec50e93ec4f670a178007281fc5
"hangul_1379_20260929T094905262Z_1438a135.jpg","약",1379,,,pending_review,"P006","S01","2026-09-29T09:49:05.2627338Z",64,64,jpeg,5c7b367099e48f200c3c060a0b938d70bc070ec50e93ec4f670a178007281fc5
"hangul_1380_20260929T094908476Z_6f987051.jpg","얀",1380,,,pending_review,"P006","S01","2026-09-29T09:49:08.4760198Z",64,64,jpeg,5c7b367099e48f200c3c060a0b938d70bc070ec50e93ec4f670a178007281fc5
"hangul_1381_20260929T094912172Z_4e8a4055.jpg","얄",1381,,,pending_review,"P006","S01","2026-09-29T09:49:12.1720097Z",64,64,jpeg,5c7b367099e48f200c3c060a0b938d70bc070ec50e93ec4f670a178007281fc5
"hangul_1382_20260929T094916875Z_faca7062.jpg","얇",1382,,,pending_review,"P006","S01","2026-09-29T09:49:16.8751811Z",64,64,jpeg,5c7b367099e48f200c3c060a0b938d70bc070ec50e93ec4f670a178007281fc5
"hangul_1383_20260929T094920657Z_0c60f9f8.jpg","얌",1383,,,pending_review,"P006","S01","2026-09-29T09:49:20.6579046Z",64,64,jpeg,5c7b367099e48f200c3c060a0b938d70bc070ec50e93ec4f670a178007281fc5
"hangul_1399_20260929T094927689Z_1a9b866d.jpg","얽",1399,,,pending_review,"P006","S01","2026-09-29T09:49:27.6898432Z",64,64,jpeg,5c7b367099e48f200c3c060a0b938d70bc070ec50e93ec4f670a178007281fc5
"hangul_1400_20260929T094932614Z_1dbb08c3.jpg","얾",1400,,,pending_review,"P006","S01","2026-09-29T09:49:32.6146870Z",64,64,jpeg,5c7b367099e48f200c3c060a0b938d70bc070ec50e93ec4f670a178007281fc5
"hangul_1401_20260929T094936314Z_e6cdb8c8.jpg","엄",1401,,,pending_review,"P006","S01","2026-09-29T09:49:36.3143715Z",64,64,jpeg,5c7b367099e48f200c3c060a0b938d70bc070ec50e93ec4f670a178007281fc5
"hangul_1402_20260929T094940150Z_00f8dbdf.jpg","업",1402,,,pending_review,"P006","S01","2026-09-29T09:49:40.1502604Z",64,64,jpeg,5c7b367099e48f200c3c060a0b938d70bc070ec50e93ec4f670a178007281fc5
"hangul_1403_20260929T094944400Z_14711247.jpg","없",1403,,,pending_review,"P006","S01","2026-09-29T09:49:44.4005958Z",64,64,jpeg,5c7b367099e48f200c3c060a0b938d70bc070ec50e93ec4f670a178007281fc5
"hangul_1404_20260929T094947562Z_8bba8583.jpg","엇",1404,,,pending_review,"P006","S01","2026-09-29T09:49:47.5626419Z",64,64,jpeg,5c7b367099e48f200c3c060a0b938d70bc070ec50e93ec4f670a178007281fc5
"hangul_1405_20260929T094951790Z_3f0aec76.jpg","었",1405,,,pending_review,"P006","S01","2026-09-29T09:49:51.7907733Z",64,64,jpeg,5c7b367099e48f200c3c060a0b938d70bc070ec50e93ec4f670a178007281fc5
"hangul_1449_20260929T094959554Z_80542440.jpg","옴",1449,,,pending_review,"P006","S01","2026-09-29T09:49:59.5547866Z",64,64,jpeg,5c7b367099e48f200c3c060a0b938d70bc070ec50e93ec4f670a178007281fc5
"hangul_1450_20260929T095003205Z_26b9ceeb.jpg","옵",1450,,,pending_review,"P006","S01","2026-09-29T09:50:03.2050137Z",64,64,jpeg,5c7b367099e48f200c3c060a0b938d70bc070ec50e93ec4f670a178007281fc5
"hangul_1451_20260929T095006129Z_364d2b29.jpg","옷",1451,,,pending_review,"P006","S01","2026-09-29T09:50:06.1293055Z",64,64,jpeg,5c7b367099e48f200c3c060a0b938d70bc070ec50e93ec4f670a178007281fc5
"hangul_1452_20260929T095008406Z_bbc89fa2.jpg","옹",1452,,,pending_review,"P006","S01","2026-09-29T09:50:08.4067914Z",64,64,jpeg,5c7b367099e48f200c3c060a0b938d70bc070ec50e93ec4f670a178007281fc5
"hangul_1453_20260929T095011379Z_789998f1.jpg","옻",1453,,,pending_review,"P006","S01","2026-09-29T09:50:11.3790651Z",64,64,jpeg,5c7b367099e48f200c3c060a0b938d70bc070ec50e93ec4f670a178007281fc5
"hangul_1454_20260929T095014368Z_28a01e30.jpg","와",1454,,,pending_review,"P006","S01","2026-09-29T09:50:14.3681463Z",64,64,jpeg,5c7b367099e48f200c3c060a0b938d70bc070ec50e93ec4f670a178007281fc5
"hangul_1455_20260929T095018023Z_824af72c.jpg","왁",1455,,,pending_review,"P006","S01","2026-09-29T09:50:18.0231958Z",64,64,jpeg,5c7b367099e48f200c3c060a0b938d70bc070ec50e93ec4f670a178007281fc5
"hangul_1456_20260929T095021443Z_03cad8ea.jpg","완",1456,,,pending_review,"P006","S01","2026-09-29T09:50:21.4433640Z",64,64,jpeg,5c7b367099e48f200c3c060a0b938d70bc070ec50e93ec4f670a178007281fc5
"hangul_1457_20260929T095025232Z_ff2b8190.jpg","왈",1457,,,pending_review,"P006","S01","2026-09-29T09:50:25.2326482Z",64,64,jpeg,5c7b367099e48f200c3c060a0b938d70bc070ec50e93ec4f670a178007281fc5
"hangul_1458_20260929T095029294Z_a216e7ce.jpg","왐",1458,,,pending_review,"P006","S01","2026-09-29T09:50:29.2945597Z",64,64,jpeg,5c7b367099e48f200c3c060a0b938d70bc070ec50e93ec4f670a178007281fc5
"hangul_1459_20260929T095033761Z_482beeb9.jpg","왑",1459,,,pending_review,"P006","S01","2026-09-29T09:50:33.7611785Z",64,64,jpeg,5c7b367099e48f200c3c060a0b938d70bc070ec50e93ec4f670a178007281fc5
"hangul_1479_20260929T095041121Z_66d9620c.jpg","욘",1479,,,pending_review,"P006","S01","2026-09-29T09:50:41.1218957Z",64,64,jpeg,5c7b367099e48f200c3c060a0b938d70bc070ec50e93ec4f670a178007281fc5
"hangul_1480_20260929T095045052Z_bbdc90a6.jpg","욜",1480,,,pending_review,"P006","S01","2026-09-29T09:50:45.0528454Z",64,64,jpeg,5c7b367099e48f200c3c060a0b938d70bc070ec50e93ec4f670a178007281fc5
"hangul_1481_20260929T095048720Z_e9e578e1.jpg","욤",1481,,,pending_review,"P006","S01","2026-09-29T09:50:48.7209048Z",64,64,jpeg,5c7b367099e48f200c3c060a0b938d70bc070ec50e93ec4f670a178007281fc5
"hangul_1482_20260929T095052719Z_85f53921.jpg","욥",1482,,,pending_review,"P006","S01","2026-09-29T09:50:52.7190697Z",64,64,jpeg,5c7b367099e48f200c3c060a0b938d70bc070ec50e93ec4f670a178007281fc5
"hangul_1482_20260929T095056981Z_6caa9448.jpg","욥",1482,,,pending_review,"P006","S01","2026-09-29T09:50:56.9811857Z",64,64,jpeg,5c7b367099e48f200c3c060a0b938d70bc070ec50e93ec4f670a178007281fc5
"hangul_1483_20260929T095101105Z_7199edad.jpg","욧",1483,,,pending_review,"P006","S01","2026-09-29T09:51:01.1053517Z",64,64,jpeg,5c7b367099e48f200c3c060a0b938d70bc070ec50e93ec4f670a178007281fc5
"hangul_1484_20260929T095104350Z_62325dba.jpg","용",1484,,,pending_review,"P006","S01","2026-09-29T09:51:04.3504113Z",64,64,jpeg,5c7b367099e48f200c3c060a0b938d70bc070ec50e93ec4f670a178007281fc5
"hangul_1485_20260929T095107166Z_36fc91b5.jpg","우",1485,,,pending_review,"P006","S01","2026-09-29T09:51:07.1664338Z",64,64,jpeg,5c7b367099e48f200c3c060a0b938d70bc070ec50e93ec4f670a178007281fc5
"hangul_1486_20260929T095109990Z_a3b74ee1.jpg","욱",1486,,,pending_review,"P006","S01","2026-09-29T09:51:09.9904229Z",64,64,jpeg,5c7b367099e48f200c3c060a0b938d70bc070ec50e93ec4f670a178007281fc5
"hangul_1487_20260929T095113275Z_6b39e470.jpg","운",1487,,,pending_review,"P006","S01","2026-09-29T09:51:13.2758076Z",64,64,jpeg,5c7b367099e48f200c3c060a0b938d70bc070ec50e93ec4f670a178007281fc5
"hangul_1488_20260929T095116782Z_789d4fad.jpg","울",1488,,,pending_review,"P006","S01","2026-09-29T09:51:16.7829699Z",64,64,jpeg,5c7b367099e48f200c3c060a0b938d70bc070ec50e93ec4f670a178007281fc5
"hangul_1489_20260929T095120499Z_224d2af4.jpg","욹",1489,,,pending_review,"P006","S01","2026-09-29T09:51:20.4997936Z",64,64,jpeg,5c7b367099e48f200c3c060a0b938d70bc070ec50e93ec4f670a178007281fc5
"hangul_1490_20260929T095124307Z_73f9f7b3.jpg","욺",1490,,,pending_review,"P006","S01","2026-09-29T09:51:24.3079933Z",64,64,jpeg,5c7b367099e48f200c3c060a0b938d70bc070ec50e93ec4f670a178007281fc5
"hangul_1491_20260929T095127384Z_5a027837.jpg","움",1491,,,pending_review,"P006","S01","2026-09-29T09:51:27.3843482Z",64,64,jpeg,5c7b367099e48f200c3c060a0b938d70bc070ec50e93ec4f670a178007281fc5
"hangul_1492_20260929T095134595Z_0b84db00.jpg","웁",1492,,,pending_review,"P006","S01","2026-09-29T09:51:34.5952315Z",64,64,jpeg,5c7b367099e48f200c3c060a0b938d70bc070ec50e93ec4f670a178007281fc5
"hangul_1493_20260929T095137408Z_d1bc829f.jpg","웃",1493,,,pending_review,"P006","S01","2026-09-29T09:51:37.4088893Z",64,64,jpeg,5c7b367099e48f200c3c060a0b938d70bc070ec50e93ec4f670a178007281fc5
"hangul_1494_20260929T095140124Z_a3bb8930.jpg","웅",1494,,,pending_review,"P006","S01","2026-09-29T09:51:40.1241276Z",64,64,jpeg,5c7b367099e48f200c3c060a0b938d70bc070ec50e93ec4f670a178007281fc5
"hangul_1495_20260929T095143366Z_949bdc0f.jpg","워",1495,,,pending_review,"P006","S01","2026-09-29T09:51:43.3662151Z",64,64,jpeg,5c7b367099e48f200c3c060a0b938d70bc070ec50e93ec4f670a178007281fc5
"hangul_1496_20260929T095146333Z_531927ff.jpg","웍",1496,,,pending_review,"P006","S01","2026-09-29T09:51:46.3333901Z",64,64,jpeg,5c7b367099e48f200c3c060a0b938d70bc070ec50e93ec4f670a178007281fc5
"hangul_1497_20260929T095149116Z_089eb05b.jpg","원",1497,,,pending_review,"P006","S01","2026-09-29T09:51:49.1160431Z",64,64,jpeg,5c7b367099e48f200c3c060a0b938d70bc070ec50e93ec4f670a178007281fc5
"hangul_1498_20260929T095152151Z_912ad70d.jpg","월",1498,,,pending_review,"P006","S01","2026-09-29T09:51:52.1512618Z",64,64,jpeg,5c7b367099e48f200c3c060a0b938d70bc070ec50e93ec4f670a178007281fc5
"hangul_1499_20260929T095157495Z_49c1b97d.jpg","웜",1499,,,pending_review,"P006","S01","2026-09-29T09:51:57.4958952Z",64,64,jpeg,5c7b367099e48f200c3c060a0b938d70bc070ec50e93ec4f670a178007281fc5
"hangul_1500_20260929T095201029Z_cd839073.jpg","웝",1500,,,pending_review,"P006","S01","2026-09-29T09:52:01.0296678Z",64,64,jpeg,5c7b367099e48f200c3c060a0b938d70bc070ec50e93ec4f670a178007281fc5
"hangul_1501_20260929T095204946Z_88b25974.jpg","웠",1501,,,pending_review,"P006","S01","2026-09-29T09:52:04.9469283Z",64,64,jpeg,5c7b367099e48f200c3c060a0b938d70bc070ec50e93ec4f670a178007281fc5
"hangul_1502_20260929T095208707Z_0618fb3c.jpg","웡",1502,,,pending_review,"P006","S01","2026-09-29T09:52:08.7078244Z",64,64,jpeg,5c7b367099e48f200c3c060a0b938d70bc070ec50e93ec4f670a178007281fc5
"hangul_1503_20260929T095212057Z_1eb2c84a.jpg","웨",1503,,,pending_review,"P006","S01","2026-09-29T09:52:12.0579120Z",64,64,jpeg,5c7b367099e48f200c3c060a0b938d70bc070ec50e93ec4f670a178007281fc5
"hangul_1504_20260929T095215522Z_c7c25f81.jpg","웩",1504,,,pending_review,"P006","S01","2026-09-29T09:52:15.5229102Z",64,64,jpeg,5c7b367099e48f200c3c060a0b938d70bc070ec50e93ec4f670a178007281fc5
"hangul_1505_20260929T095218883Z_96d20699.jpg","웬",1505,,,pending_review,"P006","S01","2026-09-29T09:52:18.8837035Z",64,64,jpeg,5c7b367099e48f200c3c060a0b938d70bc070ec50e93ec4f670a178007281fc5
"hangul_1506_20260929T095222733Z_83d7ad34.jpg","웰",1506,,,pending_review,"P006","S01","2026-09-29T09:52:22.7337036Z",64,64,jpeg,5c7b367099e48f200c3c060a0b938d70bc070ec50e93ec4f670a178007281fc5
"hangul_1507_20260929T095226347Z_8140344a.jpg","웸",1507,,,pending_review,"P006","S01","2026-09-29T09:52:26.3470989Z",64,64,jpeg,5c7b367099e48f200c3c060a0b938d70bc070ec50e93ec4f670a178007281fc5
"hangul_1508_20260929T095230861Z_28e42736.jpg","웹",1508,,,pending_review,"P006","S01","2026-09-29T09:52:30.8617078Z",64,64,jpeg,5c7b367099e48f200c3c060a0b938d70bc070ec50e93ec4f670a178007281fc5
"hangul_1508_20260929T095234520Z_eeb9ac05.jpg","웹",1508,,,pending_review,"P006","S01","2026-09-29T09:52:34.5204667Z",64,64,jpeg,5c7b367099e48f200c3c060a0b938d70bc070ec50e93ec4f670a178007281fc5
"hangul_1509_20260929T095237853Z_08700c02.jpg","웽",1509,,,pending_review,"P006","S01","2026-09-29T09:52:37.8536913Z",64,64,jpeg,5c7b367099e48f200c3c060a0b938d70bc070ec50e93ec4f670a178007281fc5
"hangul_1510_20260929T095240441Z_915ce53f.jpg","위",1510,,,pending_review,"P006","S01","2026-09-29T09:52:40.4410207Z",64,64,jpeg,5c7b367099e48f200c3c060a0b938d70bc070ec50e93ec4f670a178007281fc5
"hangul_1511_20260929T095243070Z_35ac8cc7.jpg","윅",1511,,,pending_review,"P006","S01","2026-09-29T09:52:43.0703889Z",64,64,jpeg,5c7b367099e48f200c3c060a0b938d70bc070ec50e93ec4f670a178007281fc5
"hangul_1512_20260929T095246861Z_a1827f37.jpg","윈",1512,,,pending_review,"P006","S01","2026-09-29T09:52:46.8616298Z",64,64,jpeg,5c7b367099e48f200c3c060a0b938d70bc070ec50e93ec4f670a178007281fc5
"hangul_1513_20260929T095249925Z_74cf5064.jpg","윌",1513,,,pending_review,"P006","S01","2026-09-29T09:52:49.9252512Z",64,64,jpeg,5c7b367099e48f200c3c060a0b938d70bc070ec50e93ec4f670a178007281fc5
"hangul_1514_20260929T095253155Z_d5e965c2.jpg","윔",1514,,,pending_review,"P006","S01","2026-09-29T09:52:53.1550920Z",64,64,jpeg,5c7b367099e48f200c3c060a0b938d70bc070ec50e93ec4f670a178007281fc5
"hangul_1515_20260929T095256665Z_e3aabe10.jpg","윕",1515,,,pending_review,"P006","S01","2026-09-29T09:52:56.6657630Z",64,64,jpeg,5c7b367099e48f200c3c060a0b938d70bc070ec50e93ec4f670a178007281fc5
"hangul_1559_20260929T095303526Z_6e3c3c64.jpg","잊",1559,,,pending_review,"P006","S01","2026-09-29T09:53:03.5263138Z",64,64,jpeg,5c7b367099e48f200c3c060a0b938d70bc070ec50e93ec4f670a178007281fc5
"hangul_1560_20260929T095306626Z_68e2c810.jpg","잎",1560,,,pending_review,"P006","S01","2026-09-29T09:53:06.6266851Z",64,64,jpeg,5c7b367099e48f200c3c060a0b938d70bc070ec50e93ec4f670a178007281fc5
"hangul_1561_20260929T095312804Z_3d643618.jpg","자",1561,,,pending_review,"P006","S01","2026-09-29T09:53:12.8044755Z",64,64,jpeg,5c7b367099e48f200c3c060a0b938d70bc070ec50e93ec4f670a178007281fc5
"hangul_1562_20260929T095315522Z_a8541c12.jpg","작",1562,,,pending_review,"P006","S01","2026-09-29T09:53:15.5221255Z",64,64,jpeg,5c7b367099e48f200c3c060a0b938d70bc070ec50e93ec4f670a178007281fc5
"hangul_1563_20260929T095318517Z_9be8f815.jpg","잔",1563,,,pending_review,"P006","S01","2026-09-29T09:53:18.5173071Z",64,64,jpeg,5c7b367099e48f200c3c060a0b938d70bc070ec50e93ec4f670a178007281fc5
"hangul_1563_20260929T095322087Z_32e111fa.jpg","잔",1563,,,pending_review,"P006","S01","2026-09-29T09:53:22.0877803Z",64,64,jpeg,5c7b367099e48f200c3c060a0b938d70bc070ec50e93ec4f670a178007281fc5
"hangul_1563_20260929T095325249Z_025eafb1.jpg","잔",1563,,,pending_review,"P006","S01","2026-09-29T09:53:25.2493247Z",64,64,jpeg,5c7b367099e48f200c3c060a0b938d70bc070ec50e93ec4f670a178007281fc5
"hangul_1563_20260929T095329099Z_1d7db4d4.jpg","잔",1563,,,pending_review,"P006","S01","2026-09-29T09:53:29.0991441Z",64,64,jpeg,5c7b367099e48f200c3c060a0b938d70bc070ec50e93ec4f670a178007281fc5
"hangul_1564_20260929T095353717Z_988e3062.jpg","잖",1564,,,pending_review,"P006","S01","2026-09-29T09:53:53.7179924Z",64,64,jpeg,5c7b367099e48f200c3c060a0b938d70bc070ec50e93ec4f670a178007281fc5
"hangul_1565_20260929T095358019Z_97d0d3da.jpg","잗",1565,,,pending_review,"P006","S01","2026-09-29T09:53:58.0198092Z",64,64,jpeg,5c7b367099e48f200c3c060a0b938d70bc070ec50e93ec4f670a178007281fc5
"hangul_1566_20260929T095401847Z_89c624b7.jpg","잘",1566,,,pending_review,"P006","S01","2026-09-29T09:54:01.8479378Z",64,64,jpeg,5c7b367099e48f200c3c060a0b938d70bc070ec50e93ec4f670a178007281fc5
"hangul_1567_20260929T095406472Z_c123da96.jpg","잚",1567,,,pending_review,"P006","S01","2026-09-29T09:54:06.4720736Z",64,64,jpeg,5c7b367099e48f200c3c060a0b938d70bc070ec50e93ec4f670a178007281fc5
"hangul_1568_20260929T095409809Z_6898a95c.jpg","잠",1568,,,pending_review,"P006","S01","2026-09-29T09:54:09.8092665Z",64,64,jpeg,5c7b367099e48f200c3c060a0b938d70bc070ec50e93ec4f670a178007281fc5
"hangul_1569_20260929T095413519Z_5f91ad1d.jpg","잡",1569,,,pending_review,"P006","S01","2026-09-29T09:54:13.5191498Z",64,64,jpeg,5c7b367099e48f200c3c060a0b938d70bc070ec50e93ec4f670a178007281fc5
"hangul_1570_20260929T095416522Z_bd5b429c.jpg","잣",1570,,,pending_review,"P006","S01","2026-09-29T09:54:16.5222202Z",64,64,jpeg,5c7b367099e48f200c3c060a0b938d70bc070ec50e93ec4f670a178007281fc5
"hangul_1570_20260929T095420829Z_cb9cac76.jpg","잣",1570,,,pending_review,"P006","S01","2026-09-29T09:54:20.8291556Z",64,64,jpeg,5c7b367099e48f200c3c060a0b938d70bc070ec50e93ec4f670a178007281fc5
"hangul_1571_20260929T095709889Z_46d700c0.jpg","잤",1571,,,pending_review,"P006","S01","2026-09-29T09:57:09.8891054Z",64,64,jpeg,5c7b367099e48f200c3c060a0b938d70bc070ec50e93ec4f670a178007281fc5
"hangul_1572_20260929T095716222Z_c8093bf8.jpg","장",1572,,,pending_review,"P006","S01","2026-09-29T09:57:16.2226250Z",64,64,jpeg,5c7b367099e48f200c3c060a0b938d70bc070ec50e93ec4f670a178007281fc5
"hangul_1573_20260929T095719764Z_20277ac0.jpg","잦",1573,,,pending_review,"P006","S01","2026-09-29T09:57:19.7647692Z",64,64,jpeg,5c7b367099e48f200c3c060a0b938d70bc070ec50e93ec4f670a178007281fc5
"hangul_1574_20260929T095722836Z_c481013d.jpg","재",1574,,,pending_review,"P006","S01","2026-09-29T09:57:22.8366940Z",64,64,jpeg,5c7b367099e48f200c3c060a0b938d70bc070ec50e93ec4f670a178007281fc5
"hangul_1575_20260929T095810789Z_25c52caf.jpg","잭",1575,,,pending_review,"P006","S01","2026-09-29T09:58:10.7890297Z",64,64,jpeg,5c7b367099e48f200c3c060a0b938d70bc070ec50e93ec4f670a178007281fc5
"hangul_1576_20260929T100044605Z_df456eea.jpg","잰",1576,,,pending_review,"P006","S01","2026-09-29T10:00:44.6054577Z",64,64,jpeg,5c7b367099e48f200c3c060a0b938d70bc070ec50e93ec4f670a178007281fc5
"hangul_1479_20260929T100234679Z_2d205cdb.jpg","욘",1479,,,pending_review,"P006","S01","2026-09-29T10:02:34.6799158Z",64,64,jpeg,5c7b367099e48f200c3c060a0b938d70bc070ec50e93ec4f670a178007281fc5
"hangul_1480_20260929T100238733Z_b39b86a4.jpg","욜",1480,,,pending_review,"P006","S01","2026-09-29T10:02:38.7337342Z",64,64,jpeg,5c7b367099e48f200c3c060a0b938d70bc070ec50e93ec4f670a178007281fc5
"hangul_1481_20260929T100242408Z_444579a6.jpg","욤",1481,,,pending_review,"P006","S01","2026-09-29T10:02:42.4087141Z",64,64,jpeg,5c7b367099e48f200c3c060a0b938d70bc070ec50e93ec4f670a178007281fc5
"hangul_1482_20260929T100246111Z_9864453c.jpg","욥",1482,,,pending_review,"P006","S01","2026-09-29T10:02:46.1117647Z",64,64,jpeg,5c7b367099e48f200c3c060a0b938d70bc070ec50e93ec4f670a178007281fc5
"hangul_1499_20260929T100301069Z_206d6dba.jpg","웜",1499,,,pending_review,"P006","S01","2026-09-29T10:03:01.0697823Z",64,64,jpeg,5c7b367099e48f200c3c060a0b938d70bc070ec50e93ec4f670a178007281fc5
"hangul_1500_20260929T100428570Z_b6f3d001.jpg","웝",1500,,,pending_review,"P006","S01","2026-09-29T10:04:28.5705573Z",64,64,jpeg,5c7b367099e48f200c3c060a0b938d70bc070ec50e93ec4f670a178007281fc5
"hangul_1501_20260929T100433691Z_68fcc3a5.jpg","웠",1501,,,pending_review,"P006","S01","2026-09-29T10:04:33.6918176Z",64,64,jpeg,5c7b367099e48f200c3c060a0b938d70bc070ec50e93ec4f670a178007281fc5
"hangul_1502_20260929T100437414Z_5c5f4554.jpg","웡",1502,,,pending_review,"P006","S01","2026-09-29T10:04:37.4149396Z",64,64,jpeg,5c7b367099e48f200c3c060a0b938d70bc070ec50e93ec4f670a178007281fc5
"hangul_1503_20260929T100440876Z_9f66b523.jpg","웨",1503,,,pending_review,"P006","S01","2026-09-29T10:04:40.8761310Z",64,64,jpeg,5c7b367099e48f200c3c060a0b938d70bc070ec50e93ec4f670a178007281fc5
"hangul_1504_20260929T100444478Z_b75abf98.jpg","웩",1504,,,pending_review,"P006","S01","2026-09-29T10:04:44.4789337Z",64,64,jpeg,5c7b367099e48f200c3c060a0b938d70bc070ec50e93ec4f670a178007281fc5
"hangul_1505_20260929T100448032Z_565c8bd0.jpg","웬",1505,,,pending_review,"P006","S01","2026-09-29T10:04:48.0327501Z",64,64,jpeg,5c7b367099e48f200c3c060a0b938d70bc070ec50e93ec4f670a178007281fc5
"hangul_1506_20260929T100452408Z_141ff3c5.jpg","웰",1506,,,pending_review,"P006","S01","2026-09-29T10:04:52.4081192Z",64,64,jpeg,5c7b367099e48f200c3c060a0b938d70bc070ec50e93ec4f670a178007281fc5
"hangul_1507_20260929T100456702Z_54d763ce.jpg","웸",1507,,,pending_review,"P006","S01","2026-09-29T10:04:56.7021102Z",64,64,jpeg,5c7b367099e48f200c3c060a0b938d70bc070ec50e93ec4f670a178007281fc5
"hangul_1508_20260929T100501431Z_6f6f035d.jpg","웹",1508,,,pending_review,"P006","S01","2026-09-29T10:05:01.4318068Z",64,64,jpeg,5c7b367099e48f200c3c060a0b938d70bc070ec50e93ec4f670a178007281fc5
"hangul_1509_20260929T100505738Z_7a911cf9.jpg","웽",1509,,,pending_review,"P006","S01","2026-09-29T10:05:05.7380200Z",64,64,jpeg,5c7b367099e48f200c3c060a0b938d70bc070ec50e93ec4f670a178007281fc5
"hangul_1510_20260929T100508713Z_448da5df.jpg","위",1510,,,pending_review,"P006","S01","2026-09-29T10:05:08.7133747Z",64,64,jpeg,5c7b367099e48f200c3c060a0b938d70bc070ec50e93ec4f670a178007281fc5
"hangul_1510_20260929T100511702Z_8c0c8dfe.jpg","위",1510,,,pending_review,"P006","S01","2026-09-29T10:05:11.7024091Z",64,64,jpeg,5c7b367099e48f200c3c060a0b938d70bc070ec50e93ec4f670a178007281fc5
"hangul_1511_20260929T100514969Z_8f11d273.jpg","윅",1511,,,pending_review,"P006","S01","2026-09-29T10:05:14.9697006Z",64,64,jpeg,5c7b367099e48f200c3c060a0b938d70bc070ec50e93ec4f670a178007281fc5
"hangul_1512_20260929T100518394Z_e674cfb0.jpg","윈",1512,,,pending_review,"P006","S01","2026-09-29T10:05:18.3940304Z",64,64,jpeg,5c7b367099e48f200c3c060a0b938d70bc070ec50e93ec4f670a178007281fc5
"hangul_1513_20260929T100522386Z_ed996f7d.jpg","윌",1513,,,pending_review,"P006","S01","2026-09-29T10:05:22.3868507Z",64,64,jpeg,5c7b367099e48f200c3c060a0b938d70bc070ec50e93ec4f670a178007281fc5
"hangul_1514_20260929T100526316Z_00cf1ae9.jpg","윔",1514,,,pending_review,"P006","S01","2026-09-29T10:05:26.3160859Z",64,64,jpeg,5c7b367099e48f200c3c060a0b938d70bc070ec50e93ec4f670a178007281fc5
"hangul_1515_20260929T100530737Z_43559c4e.jpg","윕",1515,,,pending_review,"P006","S01","2026-09-29T10:05:30.7379933Z",64,64,jpeg,5c7b367099e48f200c3c060a0b938d70bc070ec50e93ec4f670a178007281fc5
"hangul_1516_20260929T100534337Z_fcec4ffc.jpg","윗",1516,,,pending_review,"P006","S01","2026-09-29T10:05:34.3372037Z",64,64,jpeg,5c7b367099e48f200c3c060a0b938d70bc070ec50e93ec4f670a178007281fc5
"hangul_1516_20260929T100607194Z_20096883.jpg","윗",1516,,,pending_review,"P006","S01","2026-09-29T10:06:07.1942019Z",64,64,jpeg,5c7b367099e48f200c3c060a0b938d70bc070ec50e93ec4f670a178007281fc5
"hangul_1517_20260929T100611259Z_6c3aadbb.jpg","윙",1517,,,pending_review,"P006","S01","2026-09-29T10:06:11.2598845Z",64,64,jpeg,5c7b367099e48f200c3c060a0b938d70bc070ec50e93ec4f670a178007281fc5
"hangul_1517_20260929T100615228Z_c4210216.jpg","윙",1517,,,pending_review,"P006","S01","2026-09-29T10:06:15.2281046Z",64,64,jpeg,5c7b367099e48f200c3c060a0b938d70bc070ec50e93ec4f670a178007281fc5
"hangul_1517_20260929T100618914Z_a5bb4e45.jpg","윙",1517,,,pending_review,"P006","S01","2026-09-29T10:06:18.9149540Z",64,64,jpeg,5c7b367099e48f200c3c060a0b938d70bc070ec50e93ec4f670a178007281fc5
"hangul_1529_20260929T100625340Z_577c7171.jpg","은",1529,,,pending_review,"P006","S01","2026-09-29T10:06:25.3404926Z",64,64,jpeg,5c7b367099e48f200c3c060a0b938d70bc070ec50e93ec4f670a178007281fc5
"hangul_1530_20260929T100628839Z_81286034.jpg","을",1530,,,pending_review,"P006","S01","2026-09-29T10:06:28.8399976Z",64,64,jpeg,5c7b367099e48f200c3c060a0b938d70bc070ec50e93ec4f670a178007281fc5
"hangul_1531_20260929T100633508Z_e512f522.jpg","읊",1531,,,pending_review,"P006","S01","2026-09-29T10:06:33.5082546Z",64,64,jpeg,5c7b367099e48f200c3c060a0b938d70bc070ec50e93ec4f670a178007281fc5
"hangul_1532_20260929T100637875Z_25ffab21.jpg","음",1532,,,pending_review,"P006","S01","2026-09-29T10:06:37.8751547Z",64,64,jpeg,5c7b367099e48f200c3c060a0b938d70bc070ec50e93ec4f670a178007281fc5
"hangul_1533_20260929T100642174Z_c11d4d5b.jpg","읍",1533,,,pending_review,"P006","S01","2026-09-29T10:06:42.1748127Z",64,64,jpeg,5c7b367099e48f200c3c060a0b938d70bc070ec50e93ec4f670a178007281fc5
"hangul_1533_20260929T100648997Z_47fbb09c.jpg","읍",1533,,,pending_review,"P006","S01","2026-09-29T10:06:48.9974968Z",64,64,jpeg,5c7b367099e48f200c3c060a0b938d70bc070ec50e93ec4f670a178007281fc5
"hangul_1534_20260929T100652205Z_1d532869.jpg","읏",1534,,,pending_review,"P006","S01","2026-09-29T10:06:52.2050944Z",64,64,jpeg,5c7b367099e48f200c3c060a0b938d70bc070ec50e93ec4f670a178007281fc5
"hangul_1535_20260929T100655242Z_954157bc.jpg","응",1535,,,pending_review,"P006","S01","2026-09-29T10:06:55.2425817Z",64,64,jpeg,5c7b367099e48f200c3c060a0b938d70bc070ec50e93ec4f670a178007281fc5
"hangul_1536_20260929T100658599Z_3c21e386.jpg","읒",1536,,,pending_review,"P006","S01","2026-09-29T10:06:58.5995333Z",64,64,jpeg,5c7b367099e48f200c3c060a0b938d70bc070ec50e93ec4f670a178007281fc5
"hangul_1538_20260929T100703375Z_2a9a5386.jpg","읔",1538,,,pending_review,"P006","S01","2026-09-29T10:07:03.3757390Z",64,64,jpeg,5c7b367099e48f200c3c060a0b938d70bc070ec50e93ec4f670a178007281fc5
"hangul_1559_20260929T100710415Z_c105fe52.jpg","잊",1559,,,pending_review,"P006","S01","2026-09-29T10:07:10.4157373Z",64,64,jpeg,5c7b367099e48f200c3c060a0b938d70bc070ec50e93ec4f670a178007281fc5
"hangul_1560_20260929T100714049Z_25afc426.jpg","잎",1560,,,pending_review,"P006","S01","2026-09-29T10:07:14.0495204Z",64,64,jpeg,5c7b367099e48f200c3c060a0b938d70bc070ec50e93ec4f670a178007281fc5
"hangul_1561_20260929T100717391Z_19499a4c.jpg","자",1561,,,pending_review,"P006","S01","2026-09-29T10:07:17.3919473Z",64,64,jpeg,5c7b367099e48f200c3c060a0b938d70bc070ec50e93ec4f670a178007281fc5
"hangul_1562_20260929T100720857Z_7c59e052.jpg","작",1562,,,pending_review,"P006","S01","2026-09-29T10:07:20.8571803Z",64,64,jpeg,5c7b367099e48f200c3c060a0b938d70bc070ec50e93ec4f670a178007281fc5
"hangul_1563_20260929T100724075Z_f19f43e9.jpg","잔",1563,,,pending_review,"P006","S01","2026-09-29T10:07:24.0757428Z",64,64,jpeg,5c7b367099e48f200c3c060a0b938d70bc070ec50e93ec4f670a178007281fc5
"hangul_1564_20260929T100728658Z_96247a51.jpg","잖",1564,,,pending_review,"P006","S01","2026-09-29T10:07:28.6580395Z",64,64,jpeg,5c7b367099e48f200c3c060a0b938d70bc070ec50e93ec4f670a178007281fc5
"hangul_1589_20260929T100736666Z_bd0649ff.jpg","쟝",1589,,,pending_review,"P006","S01","2026-09-29T10:07:36.6660607Z",64,64,jpeg,5c7b367099e48f200c3c060a0b938d70bc070ec50e93ec4f670a178007281fc5
"hangul_1589_20260929T100740495Z_72b25fa1.jpg","쟝",1589,,,pending_review,"P006","S01","2026-09-29T10:07:40.4953983Z",64,64,jpeg,5c7b367099e48f200c3c060a0b938d70bc070ec50e93ec4f670a178007281fc5
"hangul_1590_20260929T100744618Z_5c05d6a6.jpg","쟤",1590,,,pending_review,"P006","S01","2026-09-29T10:07:44.6188481Z",64,64,jpeg,5c7b367099e48f200c3c060a0b938d70bc070ec50e93ec4f670a178007281fc5
"hangul_1591_20260929T100748857Z_b63b3e3f.jpg","쟨",1591,,,pending_review,"P006","S01","2026-09-29T10:07:48.8576172Z",64,64,jpeg,5c7b367099e48f200c3c060a0b938d70bc070ec50e93ec4f670a178007281fc5
"hangul_1592_20260929T100753120Z_74ae12ce.jpg","쟬",1592,,,pending_review,"P006","S01","2026-09-29T10:07:53.1200773Z",64,64,jpeg,5c7b367099e48f200c3c060a0b938d70bc070ec50e93ec4f670a178007281fc5
"hangul_1593_20260929T100755929Z_a00e12f2.jpg","저",1593,,,pending_review,"P006","S01","2026-09-29T10:07:55.9298664Z",64,64,jpeg,5c7b367099e48f200c3c060a0b938d70bc070ec50e93ec4f670a178007281fc5
"hangul_1594_20260929T100759107Z_8f05c499.jpg","적",1594,,,pending_review,"P006","S01","2026-09-29T10:07:59.1073062Z",64,64,jpeg,5c7b367099e48f200c3c060a0b938d70bc070ec50e93ec4f670a178007281fc5
"hangul_1595_20260929T100802122Z_8ccf8ce1.jpg","전",1595,,,pending_review,"P006","S01","2026-09-29T10:08:02.1221482Z",64,64,jpeg,5c7b367099e48f200c3c060a0b938d70bc070ec50e93ec4f670a178007281fc5
"hangul_1596_20260929T100805635Z_ac35bff2.jpg","절",1596,,,pending_review,"P006","S01","2026-09-29T10:08:05.6359152Z",64,64,jpeg,5c7b367099e48f200c3c060a0b938d70bc070ec50e93ec4f670a178007281fc5
"hangul_1597_20260929T100809996Z_4556b724.jpg","젊",1597,,,pending_review,"P006","S01","2026-09-29T10:08:09.9962057Z",64,64,jpeg,5c7b367099e48f200c3c060a0b938d70bc070ec50e93ec4f670a178007281fc5
"hangul_1619_20260929T100816947Z_4421f39f.jpg","조",1619,,,pending_review,"P006","S01","2026-09-29T10:08:16.9478754Z",64,64,jpeg,5c7b367099e48f200c3c060a0b938d70bc070ec50e93ec4f670a178007281fc5
"hangul_1620_20260929T100820309Z_7ecc754e.jpg","족",1620,,,pending_review,"P006","S01","2026-09-29T10:08:20.3094448Z",64,64,jpeg,5c7b367099e48f200c3c060a0b938d70bc070ec50e93ec4f670a178007281fc5
"hangul_1629_20260929T100826416Z_1a9ed478.jpg","좇",1629,,,pending_review,"P006","S01","2026-09-29T10:08:26.4160065Z",64,64,jpeg,5c7b367099e48f200c3c060a0b938d70bc070ec50e93ec4f670a178007281fc5
"hangul_1630_20260929T100830788Z_4d9a623b.jpg","좋",1630,,,pending_review,"P006","S01","2026-09-29T10:08:30.7889028Z",64,64,jpeg,5c7b367099e48f200c3c060a0b938d70bc070ec50e93ec4f670a178007281fc5
"hangul_1631_20260929T100834626Z_863a4baa.jpg","좌",1631,,,pending_review,"P006","S01","2026-09-29T10:08:34.6268233Z",64,64,jpeg,5c7b367099e48f200c3c060a0b938d70bc070ec50e93ec4f670a178007281fc5
"hangul_1632_20260929T100838435Z_2072d1a5.jpg","좍",1632,,,pending_review,"P006","S01","2026-09-29T10:08:38.4355843Z",64,64,jpeg,5c7b367099e48f200c3c060a0b938d70bc070ec50e93ec4f670a178007281fc5
"hangul_1650_20260929T100845387Z_0fa477ed.jpg","죵",1650,,,pending_review,"P006","S01","2026-09-29T10:08:45.3872705Z",64,64,jpeg,5c7b367099e48f200c3c060a0b938d70bc070ec50e93ec4f670a178007281fc5
"hangul_1651_20260929T100848362Z_b8993c87.jpg","주",1651,,,pending_review,"P006","S01","2026-09-29T10:08:48.3620537Z",64,64,jpeg,5c7b367099e48f200c3c060a0b938d70bc070ec50e93ec4f670a178007281fc5
"hangul_1652_20260929T100851537Z_6648d4e2.jpg","죽",1652,,,pending_review,"P006","S01","2026-09-29T10:08:51.5372119Z",64,64,jpeg,5c7b367099e48f200c3c060a0b938d70bc070ec50e93ec4f670a178007281fc5
"hangul_1653_20260929T100854626Z_f3189d51.jpg","준",1653,,,pending_review,"P006","S01","2026-09-29T10:08:54.6266389Z",64,64,jpeg,5c7b367099e48f200c3c060a0b938d70bc070ec50e93ec4f670a178007281fc5
"hangul_1654_20260929T100858177Z_05651848.jpg","줄",1654,,,pending_review,"P006","S01","2026-09-29T10:08:58.1775519Z",64,64,jpeg,5c7b367099e48f200c3c060a0b938d70bc070ec50e93ec4f670a178007281fc5
"hangul_1655_20260929T100907876Z_73b6557b.jpg","줅",1655,,,pending_review,"P006","S01","2026-09-29T10:09:07.8769797Z",64,64,jpeg,5c7b367099e48f200c3c060a0b938d70bc070ec50e93ec4f670a178007281fc5
"hangul_1656_20260929T100912482Z_5efa6216.jpg","줆",1656,,,pending_review,"P006","S01","2026-09-29T10:09:12.4825047Z",64,64,jpeg,5c7b367099e48f200c3c060a0b938d70bc070ec50e93ec4f670a178007281fc5
"hangul_1657_20260929T100916008Z_e6597255.jpg","줌",1657,,,pending_review,"P006","S01","2026-09-29T10:09:16.0085640Z",64,64,jpeg,5c7b367099e48f200c3c060a0b938d70bc070ec50e93ec4f670a178007281fc5
"hangul_1658_20260929T100919787Z_87fd6992.jpg","줍",1658,,,pending_review,"P006","S01","2026-09-29T10:09:19.7873695Z",64,64,jpeg,5c7b367099e48f200c3c060a0b938d70bc070ec50e93ec4f670a178007281fc5
"hangul_1659_20260929T100922996Z_cf8cfc94.jpg","줏",1659,,,pending_review,"P006","S01","2026-09-29T10:09:22.9967215Z",64,64,jpeg,5c7b367099e48f200c3c060a0b938d70bc070ec50e93ec4f670a178007281fc5
"hangul_1660_20260929T100927034Z_903efe3c.jpg","중",1660,,,pending_review,"P006","S01","2026-09-29T10:09:27.0345429Z",64,64,jpeg,5c7b367099e48f200c3c060a0b938d70bc070ec50e93ec4f670a178007281fc5
"hangul_1661_20260929T100933698Z_9cf38dcc.jpg","줘",1661,,,pending_review,"P006","S01","2026-09-29T10:09:33.6989692Z",64,64,jpeg,5c7b367099e48f200c3c060a0b938d70bc070ec50e93ec4f670a178007281fc5
"hangul_1662_20260929T100938964Z_0f7c386d.jpg","줬",1662,,,pending_review,"P006","S01","2026-09-29T10:09:38.9646350Z",64,64,jpeg,5c7b367099e48f200c3c060a0b938d70bc070ec50e93ec4f670a178007281fc5
"hangul_1679_20260929T100946983Z_cfd84f82.jpg","즘",1679,,,pending_review,"P006","S01","2026-09-29T10:09:46.9832030Z",64,64,jpeg,5c7b367099e48f200c3c060a0b938d70bc070ec50e93ec4f670a178007281fc5
"hangul_1680_20260929T100950570Z_76b4804b.jpg","즙",1680,,,pending_review,"P006","S01","2026-09-29T10:09:50.5704513Z",64,64,jpeg,5c7b367099e48f200c3c060a0b938d70bc070ec50e93ec4f670a178007281fc5
"hangul_1681_20260929T100953878Z_317011a1.jpg","즛",1681,,,pending_review,"P006","S01","2026-09-29T10:09:53.8780795Z",64,64,jpeg,5c7b367099e48f200c3c060a0b938d70bc070ec50e93ec4f670a178007281fc5
"hangul_1682_20260929T100957304Z_0694824b.jpg","증",1682,,,pending_review,"P006","S01","2026-09-29T10:09:57.3049680Z",64,64,jpeg,5c7b367099e48f200c3c060a0b938d70bc070ec50e93ec4f670a178007281fc5
"hangul_1699_20260929T101005797Z_52a69301.jpg","짢",1699,,,pending_review,"P006","S01","2026-09-29T10:10:05.7972526Z",64,64,jpeg,5c7b367099e48f200c3c060a0b938d70bc070ec50e93ec4f670a178007281fc5
"hangul_1700_20260929T101010531Z_e71374fc.jpg","짤",1700,,,pending_review,"P006","S01","2026-09-29T10:10:10.5311657Z",64,64,jpeg,5c7b367099e48f200c3c060a0b938d70bc070ec50e93ec4f670a178007281fc5
"hangul_1701_20260929T101016036Z_9277e512.jpg","짧",1701,,,pending_review,"P006","S01","2026-09-29T10:10:16.0361984Z",64,64,jpeg,5c7b367099e48f200c3c060a0b938d70bc070ec50e93ec4f670a178007281fc5
"hangul_1702_20260929T101020554Z_8edeed13.jpg","짬",1702,,,pending_review,"P006","S01","2026-09-29T10:10:20.5543766Z",64,64,jpeg,5c7b367099e48f200c3c060a0b938d70bc070ec50e93ec4f670a178007281fc5
"hangul_1703_20260929T101025801Z_2f95c39e.jpg","짭",1703,,,pending_review,"P006","S01","2026-09-29T10:10:25.8017392Z",64,64,jpeg,5c7b367099e48f200c3c060a0b938d70bc070ec50e93ec4f670a178007281fc5
"hangul_1704_20260929T101029998Z_6420745a.jpg","짯",1704,,,pending_review,"P006","S01","2026-09-29T10:10:29.9982225Z",64,64,jpeg,5c7b367099e48f200c3c060a0b938d70bc070ec50e93ec4f670a178007281fc5
"hangul_1705_20260929T101034687Z_59f32a3c.jpg","짰",1705,,,pending_review,"P006","S01","2026-09-29T10:10:34.6870601Z",64,64,jpeg,5c7b367099e48f200c3c060a0b938d70bc070ec50e93ec4f670a178007281fc5
"hangul_1706_20260929T101038649Z_f6bd01bd.jpg","짱",1706,,,pending_review,"P006","S01","2026-09-29T10:10:38.6496462Z",64,64,jpeg,5c7b367099e48f200c3c060a0b938d70bc070ec50e93ec4f670a178007281fc5
"hangul_1707_20260929T101042444Z_dbf98159.jpg","째",1707,,,pending_review,"P006","S01","2026-09-29T10:10:42.4442272Z",64,64,jpeg,5c7b367099e48f200c3c060a0b938d70bc070ec50e93ec4f670a178007281fc5
"hangul_1708_20260929T101046443Z_cb40b884.jpg","짹",1708,,,pending_review,"P006","S01","2026-09-29T10:10:46.4437165Z",64,64,jpeg,5c7b367099e48f200c3c060a0b938d70bc070ec50e93ec4f670a178007281fc5
"hangul_1719_20260929T101052849Z_f514bb03.jpg","쩌",1719,,,pending_review,"P006","S01","2026-09-29T10:10:52.8492059Z",64,64,jpeg,5c7b367099e48f200c3c060a0b938d70bc070ec50e93ec4f670a178007281fc5
"hangul_1720_20260929T101106215Z_c3ad8d12.jpg","쩍",1720,,,pending_review,"P007","S01","2026-09-29T10:11:06.2154306Z",64,64,jpeg,5c7b367099e48f200c3c060a0b938d70bc070ec50e93ec4f670a178007281fc5
"hangul_1721_20260929T101110214Z_df854a29.jpg","쩐",1721,,,pending_review,"P007","S01","2026-09-29T10:11:10.2141438Z",64,64,jpeg,5c7b367099e48f200c3c060a0b938d70bc070ec50e93ec4f670a178007281fc5
"hangul_1749_20260929T101116933Z_a2f19c56.jpg","쬘",1749,,,pending_review,"P007","S01","2026-09-29T10:11:16.9331566Z",64,64,jpeg,5c7b367099e48f200c3c060a0b938d70bc070ec50e93ec4f670a178007281fc5
"hangul_1750_20260929T101121955Z_84c539e4.jpg","쬠",1750,,,pending_review,"P007","S01","2026-09-29T10:11:21.9550571Z",64,64,jpeg,5c7b367099e48f200c3c060a0b938d70bc070ec50e93ec4f670a178007281fc5
"hangul_1751_20260929T101126650Z_eb386933.jpg","쬡",1751,,,pending_review,"P007","S01","2026-09-29T10:11:26.6504245Z",64,64,jpeg,5c7b367099e48f200c3c060a0b938d70bc070ec50e93ec4f670a178007281fc5
"hangul_1752_20260929T101130487Z_0fe81121.jpg","쭁",1752,,,pending_review,"P007","S01","2026-09-29T10:11:30.4870008Z",64,64,jpeg,5c7b367099e48f200c3c060a0b938d70bc070ec50e93ec4f670a178007281fc5
"hangul_1753_20260929T101142896Z_eabf9397.jpg","쭈",1753,,,pending_review,"P007","S01","2026-09-29T10:11:42.8965661Z",64,64,jpeg,5c7b367099e48f200c3c060a0b938d70bc070ec50e93ec4f670a178007281fc5
"hangul_1754_20260929T101147577Z_fc541d3e.jpg","쭉",1754,,,pending_review,"P007","S01","2026-09-29T10:11:47.5777107Z",64,64,jpeg,5c7b367099e48f200c3c060a0b938d70bc070ec50e93ec4f670a178007281fc5
"hangul_1755_20260929T101152521Z_a39d675a.jpg","쭌",1755,,,pending_review,"P007","S01","2026-09-29T10:11:52.5217109Z",64,64,jpeg,5c7b367099e48f200c3c060a0b938d70bc070ec50e93ec4f670a178007281fc5
"hangul_1756_20260929T101156522Z_b8021cf4.jpg","쭐",1756,,,pending_review,"P007","S01","2026-09-29T10:11:56.5223863Z",64,64,jpeg,5c7b367099e48f200c3c060a0b938d70bc070ec50e93ec4f670a178007281fc5
"hangul_1757_20260929T101200854Z_4cde2fab.jpg","쭘",1757,,,pending_review,"P007","S01","2026-09-29T10:12:00.8549775Z",64,64,jpeg,5c7b367099e48f200c3c060a0b938d70bc070ec50e93ec4f670a178007281fc5
"hangul_1758_20260929T101205253Z_6cc963be.jpg","쭙",1758,,,pending_review,"P007","S01","2026-09-29T10:12:05.2539317Z",64,64,jpeg,5c7b367099e48f200c3c060a0b938d70bc070ec50e93ec4f670a178007281fc5
"hangul_1779_20260929T101212693Z_88e7bed9.jpg","착",1779,,,pending_review,"P007","S01","2026-09-29T10:12:12.6937923Z",64,64,jpeg,5c7b367099e48f200c3c060a0b938d70bc070ec50e93ec4f670a178007281fc5
"hangul_1780_20260929T101216148Z_ebe92074.jpg","찬",1780,,,pending_review,"P007","S01","2026-09-29T10:12:16.1488732Z",64,64,jpeg,5c7b367099e48f200c3c060a0b938d70bc070ec50e93ec4f670a178007281fc5
"hangul_1781_20260929T101220477Z_da78c4ca.jpg","찮",1781,,,pending_review,"P007","S01","2026-09-29T10:12:20.4773630Z",64,64,jpeg,5c7b367099e48f200c3c060a0b938d70bc070ec50e93ec4f670a178007281fc5
"hangul_1782_20260929T101224357Z_53ddf7f1.jpg","찰",1782,,,pending_review,"P007","S01","2026-09-29T10:12:24.3579333Z",64,64,jpeg,5c7b367099e48f200c3c060a0b938d70bc070ec50e93ec4f670a178007281fc5
"hangul_1783_20260929T101227884Z_6670cf07.jpg","참",1783,,,pending_review,"P007","S01","2026-09-29T10:12:27.8846777Z",64,64,jpeg,5c7b367099e48f200c3c060a0b938d70bc070ec50e93ec4f670a178007281fc5
"hangul_1784_20260929T101231647Z_da405982.jpg","찹",1784,,,pending_review,"P007","S01","2026-09-29T10:12:31.6470944Z",64,64,jpeg,5c7b367099e48f200c3c060a0b938d70bc070ec50e93ec4f670a178007281fc5
"hangul_1785_20260929T101234763Z_7e4d497e.jpg","찻",1785,,,pending_review,"P007","S01","2026-09-29T10:12:34.7638161Z",64,64,jpeg,5c7b367099e48f200c3c060a0b938d70bc070ec50e93ec4f670a178007281fc5
"hangul_1785_20260929T101237986Z_be530ee8.jpg","찻",1785,,,pending_review,"P007","S01","2026-09-29T10:12:37.9869260Z",64,64,jpeg,5c7b367099e48f200c3c060a0b938d70bc070ec50e93ec4f670a178007281fc5
"hangul_1786_20260929T101241870Z_2ac01eb1.jpg","찼",1786,,,pending_review,"P007","S01","2026-09-29T10:12:41.8706520Z",64,64,jpeg,5c7b367099e48f200c3c060a0b938d70bc070ec50e93ec4f670a178007281fc5
"hangul_1787_20260929T101245291Z_8685f948.jpg","창",1787,,,pending_review,"P007","S01","2026-09-29T10:12:45.2914960Z",64,64,jpeg,5c7b367099e48f200c3c060a0b938d70bc070ec50e93ec4f670a178007281fc5
"hangul_1788_20260929T101248889Z_ff657f45.jpg","찾",1788,,,pending_review,"P007","S01","2026-09-29T10:12:48.8894634Z",64,64,jpeg,5c7b367099e48f200c3c060a0b938d70bc070ec50e93ec4f670a178007281fc5
"hangul_1789_20260929T101251921Z_1846f1b7.jpg","채",1789,,,pending_review,"P007","S01","2026-09-29T10:12:51.9211188Z",64,64,jpeg,5c7b367099e48f200c3c060a0b938d70bc070ec50e93ec4f670a178007281fc5
"hangul_1790_20260929T101255166Z_77abeefc.jpg","책",1790,,,pending_review,"P007","S01","2026-09-29T10:12:55.1663156Z",64,64,jpeg,5c7b367099e48f200c3c060a0b938d70bc070ec50e93ec4f670a178007281fc5
"hangul_1799_20260929T101307236Z_61afcb6b.jpg","챤",1799,,,pending_review,"P007","S01","2026-09-29T10:13:07.2361571Z",64,64,jpeg,5c7b367099e48f200c3c060a0b938d70bc070ec50e93ec4f670a178007281fc5
"hangul_1800_20260929T101313192Z_0f9d8f58.jpg","챦",1800,,,pending_review,"P007","S01","2026-09-29T10:13:13.1920612Z",64,64,jpeg,5c7b367099e48f200c3c060a0b938d70bc070ec50e93ec4f670a178007281fc5
"hangul_1801_20260929T101359551Z_fbad022f.jpg","챨",1801,,,pending_review,"P007","S01","2026-09-29T10:13:59.5513904Z",64,64,jpeg,5c7b367099e48f200c3c060a0b938d70bc070ec50e93ec4f670a178007281fc5
"hangul_1802_20260929T101403990Z_e38c90b9.jpg","챰",1802,,,pending_review,"P007","S01","2026-09-29T10:14:03.9907815Z",64,64,jpeg,5c7b367099e48f200c3c060a0b938d70bc070ec50e93ec4f670a178007281fc5
"hangul_1803_20260929T101408139Z_af900d3a.jpg","챵",1803,,,pending_review,"P007","S01","2026-09-29T10:14:08.1391259Z",64,64,jpeg,5c7b367099e48f200c3c060a0b938d70bc070ec50e93ec4f670a178007281fc5
"hangul_1803_20260929T101412067Z_1c5ade09.jpg","챵",1803,,,pending_review,"P007","S01","2026-09-29T10:14:12.0670159Z",64,64,jpeg,5c7b367099e48f200c3c060a0b938d70bc070ec50e93ec4f670a178007281fc5
"hangul_1804_20260929T101415249Z_cb440cd3.jpg","처",1804,,,pending_review,"P007","S01","2026-09-29T10:14:15.2499808Z",64,64,jpeg,5c7b367099e48f200c3c060a0b938d70bc070ec50e93ec4f670a178007281fc5
"hangul_1805_20260929T101418700Z_41fd8298.jpg","척",1805,,,pending_review,"P007","S01","2026-09-29T10:14:18.7007217Z",64,64,jpeg,5c7b367099e48f200c3c060a0b938d70bc070ec50e93ec4f670a178007281fc5
"hangul_1806_20260929T101422472Z_2dee9030.jpg","천",1806,,,pending_review,"P007","S01","2026-09-29T10:14:22.4723552Z",64,64,jpeg,5c7b367099e48f200c3c060a0b938d70bc070ec50e93ec4f670a178007281fc5
"hangul_1807_20260929T101426582Z_e6a6edb9.jpg","철",1807,,,pending_review,"P007","S01","2026-09-29T10:14:26.5829219Z",64,64,jpeg,5c7b367099e48f200c3c060a0b938d70bc070ec50e93ec4f670a178007281fc5
"hangul_1808_20260929T101430256Z_574441fb.jpg","첨",1808,,,pending_review,"P007","S01","2026-09-29T10:14:30.2562268Z",64,64,jpeg,5c7b367099e48f200c3c060a0b938d70bc070ec50e93ec4f670a178007281fc5
"hangul_1829_20260929T101437898Z_21d351c4.jpg","촌",1829,,,pending_review,"P007","S01","2026-09-29T10:14:37.8986406Z",64,64,jpeg,5c7b367099e48f200c3c060a0b938d70bc070ec50e93ec4f670a178007281fc5
"hangul_1829_20260929T101441338Z_eb6c2ac1.jpg","촌",1829,,,pending_review,"P007","S01","2026-09-29T10:14:41.3381031Z",64,64,jpeg,5c7b367099e48f200c3c060a0b938d70bc070ec50e93ec4f670a178007281fc5
"hangul_1830_20260929T101445539Z_0957d42a.jpg","촐",1830,,,pending_review,"P007","S01","2026-09-29T10:14:45.5395669Z",64,64,jpeg,5c7b367099e48f200c3c060a0b938d70bc070ec50e93ec4f670a178007281fc5
"hangul_1831_20260929T101449791Z_d31f15bb.jpg","촘",1831,,,pending_review,"P007","S01","2026-09-29T10:14:49.7918006Z",64,64,jpeg,5c7b367099e48f200c3c060a0b938d70bc070ec50e93ec4f670a178007281fc5
"hangul_1832_20260929T101454216Z_2fd009d0.jpg","촙",1832,,,pending_review,"P007","S01","2026-09-29T10:14:54.2168283Z",64,64,jpeg,5c7b367099e48f200c3c060a0b938d70bc070ec50e93ec4f670a178007281fc5
"hangul_1833_20260929T101458987Z_2ae678bf.jpg","촛",1833,,,pending_review,"P007","S01","2026-09-29T10:14:58.9872371Z",64,64,jpeg,5c7b367099e48f200c3c060a0b938d70bc070ec50e93ec4f670a178007281fc5
"hangul_1834_20260929T101502986Z_ef03c6ae.jpg","총",1834,,,pending_review,"P007","S01","2026-09-29T10:15:02.9865113Z",64,64,jpeg,5c7b367099e48f200c3c060a0b938d70bc070ec50e93ec4f670a178007281fc5
"hangul_1834_20260929T101509084Z_639e3c57.jpg","총",1834,,,pending_review,"P007","S01","2026-09-29T10:15:09.0847793Z",64,64,jpeg,5c7b367099e48f200c3c060a0b938d70bc070ec50e93ec4f670a178007281fc5
"hangul_1834_20260929T101538809Z_b4225608.jpg","총",1834,,,pending_review,"P007","S01","2026-09-29T10:15:38.8098581Z",64,64,jpeg,5c7b367099e48f200c3c060a0b938d70bc070ec50e93ec4f670a178007281fc5
"hangul_1835_20260929T101543001Z_1741e3ac.jpg","촤",1835,,,pending_review,"P007","S01","2026-09-29T10:15:43.0013408Z",64,64,jpeg,5c7b367099e48f200c3c060a0b938d70bc070ec50e93ec4f670a178007281fc5
"hangul_1836_20260929T101547453Z_f2899b27.jpg","촨",1836,,,pending_review,"P007","S01","2026-09-29T10:15:47.4533421Z",64,64,jpeg,5c7b367099e48f200c3c060a0b938d70bc070ec50e93ec4f670a178007281fc5
"hangul_1837_20260929T101552733Z_85b43867.jpg","촬",1837,,,pending_review,"P007","S01","2026-09-29T10:15:52.7337576Z",64,64,jpeg,5c7b367099e48f200c3c060a0b938d70bc070ec50e93ec4f670a178007281fc5
"hangul_1838_20260929T101557275Z_3c629998.jpg","촹",1838,,,pending_review,"P007","S01","2026-09-29T10:15:57.2758805Z",64,64,jpeg,5c7b367099e48f200c3c060a0b938d70bc070ec50e93ec4f670a178007281fc5
"hangul_1839_20260929T101615455Z_02f25e5a.jpg","최",1839,,,pending_review,"P007","S01","2026-09-29T10:16:15.4553221Z",64,64,jpeg,5c7b367099e48f200c3c060a0b938d70bc070ec50e93ec4f670a178007281fc5
"hangul_1840_20260929T101619309Z_548829b7.jpg","쵠",1840,,,pending_review,"P007","S01","2026-09-29T10:16:19.3094294Z",64,64,jpeg,5c7b367099e48f200c3c060a0b938d70bc070ec50e93ec4f670a178007281fc5
"hangul_1841_20260929T101625145Z_63eba97c.jpg","쵤",1841,,,pending_review,"P007","S01","2026-09-29T10:16:25.1455143Z",64,64,jpeg,5c7b367099e48f200c3c060a0b938d70bc070ec50e93ec4f670a178007281fc5
"hangul_1842_20260929T101629832Z_fdf19be3.jpg","쵬",1842,,,pending_review,"P007","S01","2026-09-29T10:16:29.8329060Z",64,64,jpeg,5c7b367099e48f200c3c060a0b938d70bc070ec50e93ec4f670a178007281fc5
"hangul_1843_20260929T101634738Z_3690dae3.jpg","쵭",1843,,,pending_review,"P007","S01","2026-09-29T10:16:34.7383057Z",64,64,jpeg,5c7b367099e48f200c3c060a0b938d70bc070ec50e93ec4f670a178007281fc5
"hangul_1844_20260929T101638795Z_7523c0b5.jpg","쵯",1844,,,pending_review,"P007","S01","2026-09-29T10:16:38.7957879Z",64,64,jpeg,5c7b367099e48f200c3c060a0b938d70bc070ec50e93ec4f670a178007281fc5
"hangul_1845_20260929T101642865Z_29665811.jpg","쵱",1845,,,pending_review,"P007","S01","2026-09-29T10:16:42.8654896Z",64,64,jpeg,5c7b367099e48f200c3c060a0b938d70bc070ec50e93ec4f670a178007281fc5
"hangul_1846_20260929T101646309Z_f3089008.jpg","쵸",1846,,,pending_review,"P007","S01","2026-09-29T10:16:46.3094815Z",64,64,jpeg,5c7b367099e48f200c3c060a0b938d70bc070ec50e93ec4f670a178007281fc5
"hangul_1847_20260929T101650432Z_4944ee51.jpg","춈",1847,,,pending_review,"P007","S01","2026-09-29T10:16:50.4328319Z",64,64,jpeg,5c7b367099e48f200c3c060a0b938d70bc070ec50e93ec4f670a178007281fc5
"hangul_1848_20260929T101653443Z_306ebd05.jpg","추",1848,,,pending_review,"P007","S01","2026-09-29T10:16:53.4430969Z",64,64,jpeg,5c7b367099e48f200c3c060a0b938d70bc070ec50e93ec4f670a178007281fc5
"hangul_1849_20260929T101656681Z_6d059ea2.jpg","축",1849,,,pending_review,"P007","S01","2026-09-29T10:16:56.6817156Z",64,64,jpeg,5c7b367099e48f200c3c060a0b938d70bc070ec50e93ec4f670a178007281fc5
"hangul_1849_20260929T101707924Z_e0ff041c.jpg","축",1849,,,pending_review,"P007","S01","2026-09-29T10:17:07.9243371Z",64,64,jpeg,5c7b367099e48f200c3c060a0b938d70bc070ec50e93ec4f670a178007281fc5
"hangul_1850_20260929T101712044Z_1a7c63a4.jpg","춘",1850,,,pending_review,"P007","S01","2026-09-29T10:17:12.0444510Z",64,64,jpeg,5c7b367099e48f200c3c060a0b938d70bc070ec50e93ec4f670a178007281fc5
"hangul_1850_20260929T101739794Z_733addc6.jpg","춘",1850,,,pending_review,"P007","S01","2026-09-29T10:17:39.7949998Z",64,64,jpeg,5c7b367099e48f200c3c060a0b938d70bc070ec50e93ec4f670a178007281fc5
"hangul_1851_20260929T101744575Z_9ba46b7e.jpg","출",1851,,,pending_review,"P007","S01","2026-09-29T10:17:44.5759723Z",64,64,jpeg,5c7b367099e48f200c3c060a0b938d70bc070ec50e93ec4f670a178007281fc5
"hangul_1852_20260929T101754917Z_6d00b95c.jpg","춤",1852,,,pending_review,"P007","S01","2026-09-29T10:17:54.9170121Z",64,64,jpeg,5c7b367099e48f200c3c060a0b938d70bc070ec50e93ec4f670a178007281fc5
"hangul_1853_20260929T101759392Z_ebc10743.jpg","춥",1853,,,pending_review,"P007","S01","2026-09-29T10:17:59.3925883Z",64,64,jpeg,5c7b367099e48f200c3c060a0b938d70bc070ec50e93ec4f670a178007281fc5
"hangul_1854_20260929T101803202Z_16dbbc59.jpg","춧",1854,,,pending_review,"P007","S01","2026-09-29T10:18:03.2020915Z",64,64,jpeg,5c7b367099e48f200c3c060a0b938d70bc070ec50e93ec4f670a178007281fc5
"hangul_1855_20260929T101806965Z_89d80481.jpg","충",1855,,,pending_review,"P007","S01","2026-09-29T10:18:06.9651052Z",64,64,jpeg,5c7b367099e48f200c3c060a0b938d70bc070ec50e93ec4f670a178007281fc5
"hangul_1856_20260929T101810665Z_88d70dba.jpg","춰",1856,,,pending_review,"P007","S01","2026-09-29T10:18:10.6655194Z",64,64,jpeg,5c7b367099e48f200c3c060a0b938d70bc070ec50e93ec4f670a178007281fc5
"hangul_1857_20260929T101815455Z_55ef1bcb.jpg","췄",1857,,,pending_review,"P007","S01","2026-09-29T10:18:15.4557227Z",64,64,jpeg,5c7b367099e48f200c3c060a0b938d70bc070ec50e93ec4f670a178007281fc5
"hangul_1858_20260929T101819462Z_eef76fa3.jpg","췌",1858,,,pending_review,"P007","S01","2026-09-29T10:18:19.4620579Z",64,64,jpeg,5c7b367099e48f200c3c060a0b938d70bc070ec50e93ec4f670a178007281fc5
"hangul_1859_20260929T101823632Z_0c18ad03.jpg","췐",1859,,,pending_review,"P007","S01","2026-09-29T10:18:23.6320072Z",64,64,jpeg,5c7b367099e48f200c3c060a0b938d70bc070ec50e93ec4f670a178007281fc5
"hangul_1860_20260929T101826963Z_a642d019.jpg","취",1860,,,pending_review,"P007","S01","2026-09-29T10:18:26.9633958Z",64,64,jpeg,5c7b367099e48f200c3c060a0b938d70bc070ec50e93ec4f670a178007281fc5
"hangul_1861_20260929T101830516Z_d1e92b2a.jpg","췬",1861,,,pending_review,"P007","S01","2026-09-29T10:18:30.5165897Z",64,64,jpeg,5c7b367099e48f200c3c060a0b938d70bc070ec50e93ec4f670a178007281fc5
"hangul_1862_20260929T101834758Z_04536729.jpg","췰",1862,,,pending_review,"P007","S01","2026-09-29T10:18:34.7583229Z",64,64,jpeg,5c7b367099e48f200c3c060a0b938d70bc070ec50e93ec4f670a178007281fc5
"hangul_1863_20260929T101838941Z_34dd851d.jpg","췸",1863,,,pending_review,"P007","S01","2026-09-29T10:18:38.9410467Z",64,64,jpeg,5c7b367099e48f200c3c060a0b938d70bc070ec50e93ec4f670a178007281fc5
"hangul_1864_20260929T101844730Z_a656d058.jpg","췹",1864,,,pending_review,"P007","S01","2026-09-29T10:18:44.7305485Z",64,64,jpeg,5c7b367099e48f200c3c060a0b938d70bc070ec50e93ec4f670a178007281fc5
"hangul_1865_20260929T101849631Z_ac2f7aab.jpg","췻",1865,,,pending_review,"P007","S01","2026-09-29T10:18:49.6316261Z",64,64,jpeg,5c7b367099e48f200c3c060a0b938d70bc070ec50e93ec4f670a178007281fc5
"hangul_1866_20260929T101853554Z_1e4c439f.jpg","췽",1866,,,pending_review,"P007","S01","2026-09-29T10:18:53.5543131Z",64,64,jpeg,5c7b367099e48f200c3c060a0b938d70bc070ec50e93ec4f670a178007281fc5
"hangul_1867_20260929T101857107Z_7abfe51d.jpg","츄",1867,,,pending_review,"P007","S01","2026-09-29T10:18:57.1079692Z",64,64,jpeg,5c7b367099e48f200c3c060a0b938d70bc070ec50e93ec4f670a178007281fc5
"hangul_1867_20260929T101900368Z_911d8f56.jpg","츄",1867,,,pending_review,"P007","S01","2026-09-29T10:19:00.3684988Z",64,64,jpeg,5c7b367099e48f200c3c060a0b938d70bc070ec50e93ec4f670a178007281fc5
"hangul_1868_20260929T101904374Z_e3550b0f.jpg","츈",1868,,,pending_review,"P007","S01","2026-09-29T10:19:04.3747070Z",64,64,jpeg,5c7b367099e48f200c3c060a0b938d70bc070ec50e93ec4f670a178007281fc5
"hangul_1869_20260929T101909400Z_5f18fb99.jpg","츌",1869,,,pending_review,"P007","S01","2026-09-29T10:19:09.4005584Z",64,64,jpeg,5c7b367099e48f200c3c060a0b938d70bc070ec50e93ec4f670a178007281fc5
"hangul_1870_20260929T101913782Z_30c3d076.jpg","츔",1870,,,pending_review,"P007","S01","2026-09-29T10:19:13.7826759Z",64,64,jpeg,5c7b367099e48f200c3c060a0b938d70bc070ec50e93ec4f670a178007281fc5
"hangul_1870_20260929T101918736Z_5398676e.jpg","츔",1870,,,pending_review,"P007","S01","2026-09-29T10:19:18.7367484Z",64,64,jpeg,5c7b367099e48f200c3c060a0b938d70bc070ec50e93ec4f670a178007281fc5
"hangul_1871_20260929T101925557Z_c930622f.jpg","츙",1871,,,pending_review,"P007","S01","2026-09-29T10:19:25.5574868Z",64,64,jpeg,5c7b367099e48f200c3c060a0b938d70bc070ec50e93ec4f670a178007281fc5
"hangul_1872_20260929T101928500Z_1b2eeacc.jpg","츠",1872,,,pending_review,"P007","S01","2026-09-29T10:19:28.5001160Z",64,64,jpeg,5c7b367099e48f200c3c060a0b938d70bc070ec50e93ec4f670a178007281fc5
"hangul_1873_20260929T101931842Z_362762ef.jpg","측",1873,,,pending_review,"P007","S01","2026-09-29T10:19:31.8423707Z",64,64,jpeg,5c7b367099e48f200c3c060a0b938d70bc070ec50e93ec4f670a178007281fc5
"hangul_1874_20260929T101935259Z_38118056.jpg","츤",1874,,,pending_review,"P007","S01","2026-09-29T10:19:35.2594299Z",64,64,jpeg,5c7b367099e48f200c3c060a0b938d70bc070ec50e93ec4f670a178007281fc5
"hangul_1875_20260929T101938992Z_23d6a4ec.jpg","츨",1875,,,pending_review,"P007","S01","2026-09-29T10:19:38.9920538Z",64,64,jpeg,5c7b367099e48f200c3c060a0b938d70bc070ec50e93ec4f670a178007281fc5
"hangul_1876_20260929T101942458Z_907dcbe6.jpg","츰",1876,,,pending_review,"P007","S01","2026-09-29T10:19:42.4584077Z",64,64,jpeg,5c7b367099e48f200c3c060a0b938d70bc070ec50e93ec4f670a178007281fc5
"hangul_1877_20260929T101946171Z_67eb7160.jpg","츱",1877,,,pending_review,"P007","S01","2026-09-29T10:19:46.1712104Z",64,64,jpeg,5c7b367099e48f200c3c060a0b938d70bc070ec50e93ec4f670a178007281fc5
"hangul_1899_20260929T101954990Z_b392e1fc.jpg","캑",1899,,,pending_review,"P007","S01","2026-09-29T10:19:54.9909340Z",64,64,jpeg,5c7b367099e48f200c3c060a0b938d70bc070ec50e93ec4f670a178007281fc5
"hangul_1900_20260929T101958738Z_5985c7a8.jpg","캔",1900,,,pending_review,"P007","S01","2026-09-29T10:19:58.7383545Z",64,64,jpeg,5c7b367099e48f200c3c060a0b938d70bc070ec50e93ec4f670a178007281fc5
"hangul_1901_20260929T102002753Z_85a23637.jpg","캘",1901,,,pending_review,"P007","S01","2026-09-29T10:20:02.7535556Z",64,64,jpeg,5c7b367099e48f200c3c060a0b938d70bc070ec50e93ec4f670a178007281fc5
"hangul_1902_20260929T102006657Z_cd54f167.jpg","캠",1902,,,pending_review,"P007","S01","2026-09-29T10:20:06.6572782Z",64,64,jpeg,5c7b367099e48f200c3c060a0b938d70bc070ec50e93ec4f670a178007281fc5
"hangul_1903_20260929T102011134Z_8b716e62.jpg","캡",1903,,,pending_review,"P007","S01","2026-09-29T10:20:11.1343938Z",64,64,jpeg,5c7b367099e48f200c3c060a0b938d70bc070ec50e93ec4f670a178007281fc5
"hangul_1904_20260929T102015313Z_58ffc922.jpg","캣",1904,,,pending_review,"P007","S01","2026-09-29T10:20:15.3135581Z",64,64,jpeg,5c7b367099e48f200c3c060a0b938d70bc070ec50e93ec4f670a178007281fc5
"hangul_1919_20260929T102021878Z_7a4c8949.jpg","컹",1919,,,pending_review,"P007","S01","2026-09-29T10:20:21.8787612Z",64,64,jpeg,5c7b367099e48f200c3c060a0b938d70bc070ec50e93ec4f670a178007281fc5
"hangul_1920_20260929T102025332Z_2ae63d72.jpg","케",1920,,,pending_review,"P007","S01","2026-09-29T10:20:25.3321207Z",64,64,jpeg,5c7b367099e48f200c3c060a0b938d70bc070ec50e93ec4f670a178007281fc5
"hangul_1921_20260929T102028823Z_da115752.jpg","켁",1921,,,pending_review,"P007","S01","2026-09-29T10:20:28.8230444Z",64,64,jpeg,5c7b367099e48f200c3c060a0b938d70bc070ec50e93ec4f670a178007281fc5
"hangul_1922_20260929T102032397Z_4a303c68.jpg","켄",1922,,,pending_review,"P007","S01","2026-09-29T10:20:32.3974120Z",64,64,jpeg,5c7b367099e48f200c3c060a0b938d70bc070ec50e93ec4f670a178007281fc5
"hangul_1923_20260929T102036703Z_2db57fba.jpg","켈",1923,,,pending_review,"P007","S01","2026-09-29T10:20:36.7035785Z",64,64,jpeg,5c7b367099e48f200c3c060a0b938d70bc070ec50e93ec4f670a178007281fc5
"hangul_1924_20260929T102040429Z_7a407788.jpg","켐",1924,,,pending_review,"P007","S01","2026-09-29T10:20:40.4294652Z",64,64,jpeg,5c7b367099e48f200c3c060a0b938d70bc070ec50e93ec4f670a178007281fc5
"hangul_1925_20260929T102044508Z_539dbc53.jpg","켑",1925,,,pending_review,"P007","S01","2026-09-29T10:20:44.5086395Z",64,64,jpeg,5c7b367099e48f200c3c060a0b938d70bc070ec50e93ec4f670a178007281fc5
"hangul_1926_20260929T102048176Z_24391b82.jpg","켓",1926,,,pending_review,"P007","S01","2026-09-29T10:20:48.1767012Z",64,64,jpeg,5c7b367099e48f200c3c060a0b938d70bc070ec50e93ec4f670a178007281fc5
"hangul_1927_20260929T102052032Z_a709d053.jpg","켕",1927,,,pending_review,"P007","S01","2026-09-29T10:20:52.0323623Z",64,64,jpeg,5c7b367099e48f200c3c060a0b938d70bc070ec50e93ec4f670a178007281fc5
"hangul_1928_20260929T102055463Z_f5d18771.jpg","켜",1928,,,pending_review,"P007","S01","2026-09-29T10:20:55.4637303Z",64,64,jpeg,5c7b367099e48f200c3c060a0b938d70bc070ec50e93ec4f670a178007281fc5
"hangul_1929_20260929T102058935Z_7b61e56b.jpg","켠",1929,,,pending_review,"P007","S01","2026-09-29T10:20:58.9358171Z",64,64,jpeg,5c7b367099e48f200c3c060a0b938d70bc070ec50e93ec4f670a178007281fc5
"hangul_1930_20260929T102103500Z_31c7800e.jpg","켤",1930,,,pending_review,"P007","S01","2026-09-29T10:21:03.5000691Z",64,64,jpeg,5c7b367099e48f200c3c060a0b938d70bc070ec50e93ec4f670a178007281fc5
"hangul_1931_20260929T102107305Z_f58e3174.jpg","켬",1931,,,pending_review,"P007","S01","2026-09-29T10:21:07.3055456Z",64,64,jpeg,5c7b367099e48f200c3c060a0b938d70bc070ec50e93ec4f670a178007281fc5
"hangul_1931_20260929T102111361Z_2700e55f.jpg","켬",1931,,,pending_review,"P007","S01","2026-09-29T10:21:11.3613828Z",64,64,jpeg,5c7b367099e48f200c3c060a0b938d70bc070ec50e93ec4f670a178007281fc5
"hangul_1932_20260929T102115833Z_0c848b9f.jpg","켭",1932,,,pending_review,"P007","S01","2026-09-29T10:21:15.8337982Z",64,64,jpeg,5c7b367099e48f200c3c060a0b938d70bc070ec50e93ec4f670a178007281fc5
"hangul_1933_20260929T102120326Z_af03b627.jpg","켯",1933,,,pending_review,"P007","S01","2026-09-29T10:21:20.3268351Z",64,64,jpeg,5c7b367099e48f200c3c060a0b938d70bc070ec50e93ec4f670a178007281fc5
"hangul_1934_20260929T102125012Z_4a74b169.jpg","켰",1934,,,pending_review,"P007","S01","2026-09-29T10:21:25.0126992Z",64,64,jpeg,5c7b367099e48f200c3c060a0b938d70bc070ec50e93ec4f670a178007281fc5
"hangul_1935_20260929T102128677Z_674658b9.jpg","켱",1935,,,pending_review,"P007","S01","2026-09-29T10:21:28.6777522Z",64,64,jpeg,5c7b367099e48f200c3c060a0b938d70bc070ec50e93ec4f670a178007281fc5
"hangul_1936_20260929T102132439Z_3f1173aa.jpg","켸",1936,,,pending_review,"P007","S01","2026-09-29T10:21:32.4393762Z",64,64,jpeg,5c7b367099e48f200c3c060a0b938d70bc070ec50e93ec4f670a178007281fc5
"hangul_1937_20260929T102135203Z_6f74177f.jpg","코",1937,,,pending_review,"P007","S01","2026-09-29T10:21:35.2032661Z",64,64,jpeg,5c7b367099e48f200c3c060a0b938d70bc070ec50e93ec4f670a178007281fc5
"hangul_1938_20260929T102138955Z_8db18ad4.jpg","콕",1938,,,pending_review,"P007","S01","2026-09-29T10:21:38.9554229Z",64,64,jpeg,5c7b367099e48f200c3c060a0b938d70bc070ec50e93ec4f670a178007281fc5
"hangul_1938_20260929T102141906Z_7a9ee0f5.jpg","콕",1938,,,pending_review,"P007","S01","2026-09-29T10:21:41.9061678Z",64,64,jpeg,5c7b367099e48f200c3c060a0b938d70bc070ec50e93ec4f670a178007281fc5
"hangul_1939_20260929T102145032Z_4af07025.jpg","콘",1939,,,pending_review,"P007","S01","2026-09-29T10:21:45.0320352Z",64,64,jpeg,5c7b367099e48f200c3c060a0b938d70bc070ec50e93ec4f670a178007281fc5
"hangul_1940_20260929T102148658Z_8ba4846f.jpg","콜",1940,,,pending_review,"P007","S01","2026-09-29T10:21:48.6580329Z",64,64,jpeg,5c7b367099e48f200c3c060a0b938d70bc070ec50e93ec4f670a178007281fc5
"hangul_1941_20260929T102152505Z_fdd7a2ab.jpg","콤",1941,,,pending_review,"P007","S01","2026-09-29T10:21:52.5058566Z",64,64,jpeg,5c7b367099e48f200c3c060a0b938d70bc070ec50e93ec4f670a178007281fc5
"hangul_1979_20260929T102159815Z_9f3d6b68.jpg","큔",1979,,,pending_review,"P007","S01","2026-09-29T10:21:59.8151724Z",64,64,jpeg,5c7b367099e48f200c3c060a0b938d70bc070ec50e93ec4f670a178007281fc5
"hangul_1980_20260929T102203948Z_63c13eeb.jpg","큘",1980,,,pending_review,"P007","S01","2026-09-29T10:22:03.9485570Z",64,64,jpeg,5c7b367099e48f200c3c060a0b938d70bc070ec50e93ec4f670a178007281fc5
"hangul_1981_20260929T102207792Z_7672fde9.jpg","큠",1981,,,pending_review,"P007","S01","2026-09-29T10:22:07.7921742Z",64,64,jpeg,5c7b367099e48f200c3c060a0b938d70bc070ec50e93ec4f670a178007281fc5
"hangul_1982_20260929T102210886Z_2116d224.jpg","크",1982,,,pending_review,"P007","S01","2026-09-29T10:22:10.8865063Z",64,64,jpeg,5c7b367099e48f200c3c060a0b938d70bc070ec50e93ec4f670a178007281fc5
"hangul_1983_20260929T102213733Z_adc5f35d.jpg","큭",1983,,,pending_review,"P007","S01","2026-09-29T10:22:13.7336608Z",64,64,jpeg,5c7b367099e48f200c3c060a0b938d70bc070ec50e93ec4f670a178007281fc5
"hangul_1983_20260929T102216757Z_1ac10904.jpg","큭",1983,,,pending_review,"P007","S01","2026-09-29T10:22:16.7579747Z",64,64,jpeg,5c7b367099e48f200c3c060a0b938d70bc070ec50e93ec4f670a178007281fc5
"hangul_1984_20260929T102219549Z_51a121e4.jpg","큰",1984,,,pending_review,"P007","S01","2026-09-29T10:22:19.5493682Z",64,64,jpeg,5c7b367099e48f200c3c060a0b938d70bc070ec50e93ec4f670a178007281fc5
"hangul_1985_20260929T102222752Z_c5a1fddb.jpg","클",1985,,,pending_review,"P007","S01","2026-09-29T10:22:22.7522226Z",64,64,jpeg,5c7b367099e48f200c3c060a0b938d70bc070ec50e93ec4f670a178007281fc5
"hangul_1986_20260929T102225853Z_5a260a2a.jpg","큼",1986,,,pending_review,"P007","S01","2026-09-29T10:22:25.8533684Z",64,64,jpeg,5c7b367099e48f200c3c060a0b938d70bc070ec50e93ec4f670a178007281fc5
"hangul_1987_20260929T102229202Z_e7c3ccfb.jpg","큽",1987,,,pending_review,"P007","S01","2026-09-29T10:22:29.2021584Z",64,64,jpeg,5c7b367099e48f200c3c060a0b938d70bc070ec50e93ec4f670a178007281fc5
"hangul_1988_20260929T102232162Z_210e2791.jpg","킁",1988,,,pending_review,"P007","S01","2026-09-29T10:22:32.1624739Z",64,64,jpeg,5c7b367099e48f200c3c060a0b938d70bc070ec50e93ec4f670a178007281fc5
"hangul_1999_20260929T102239796Z_ee447300.jpg","탄",1999,,,pending_review,"P007","S01","2026-09-29T10:22:39.7961665Z",64,64,jpeg,5c7b367099e48f200c3c060a0b938d70bc070ec50e93ec4f670a178007281fc5
"hangul_2000_20260929T102243517Z_7340640b.jpg","탈",2000,,,pending_review,"P007","S01","2026-09-29T10:22:43.5174635Z",64,64,jpeg,5c7b367099e48f200c3c060a0b938d70bc070ec50e93ec4f670a178007281fc5
"hangul_2001_20260929T102248350Z_71060df0.jpg","탉",2001,,,pending_review,"P007","S01","2026-09-29T10:22:48.3507815Z",64,64,jpeg,5c7b367099e48f200c3c060a0b938d70bc070ec50e93ec4f670a178007281fc5
"hangul_2002_20260929T102252395Z_e76cc800.jpg","탐",2002,,,pending_review,"P007","S01","2026-09-29T10:22:52.3959198Z",64,64,jpeg,5c7b367099e48f200c3c060a0b938d70bc070ec50e93ec4f670a178007281fc5
"hangul_2003_20260929T102256410Z_b33afc8b.jpg","탑",2003,,,pending_review,"P007","S01","2026-09-29T10:22:56.4106831Z",64,64,jpeg,5c7b367099e48f200c3c060a0b938d70bc070ec50e93ec4f670a178007281fc5
"hangul_2004_20260929T102259821Z_a84ef61a.jpg","탓",2004,,,pending_review,"P007","S01","2026-09-29T10:22:59.8218247Z",64,64,jpeg,5c7b367099e48f200c3c060a0b938d70bc070ec50e93ec4f670a178007281fc5
"hangul_2005_20260929T102303754Z_c376284f.jpg","탔",2005,,,pending_review,"P007","S01","2026-09-29T10:23:03.7549969Z",64,64,jpeg,5c7b367099e48f200c3c060a0b938d70bc070ec50e93ec4f670a178007281fc5
"hangul_2006_20260929T102307298Z_3d754183.jpg","탕",2006,,,pending_review,"P007","S01","2026-09-29T10:23:07.2984321Z",64,64,jpeg,5c7b367099e48f200c3c060a0b938d70bc070ec50e93ec4f670a178007281fc5
"hangul_2007_20260929T102310673Z_e9d12862.jpg","태",2007,,,pending_review,"P007","S01","2026-09-29T10:23:10.6735593Z",64,64,jpeg,5c7b367099e48f200c3c060a0b938d70bc070ec50e93ec4f670a178007281fc5
"hangul_2008_20260929T102314181Z_c465f60a.jpg","택",2008,,,pending_review,"P007","S01","2026-09-29T10:23:14.1819524Z",64,64,jpeg,5c7b367099e48f200c3c060a0b938d70bc070ec50e93ec4f670a178007281fc5
"hangul_2009_20260929T102317926Z_88d61c42.jpg","탠",2009,,,pending_review,"P007","S01","2026-09-29T10:23:17.9268738Z",64,64,jpeg,5c7b367099e48f200c3c060a0b938d70bc070ec50e93ec4f670a178007281fc5
"hangul_2010_20260929T102321934Z_c7b5c3e1.jpg","탤",2010,,,pending_review,"P007","S01","2026-09-29T10:23:21.9340731Z",64,64,jpeg,5c7b367099e48f200c3c060a0b938d70bc070ec50e93ec4f670a178007281fc5
"hangul_2029_20260929T102341566Z_85aca822.jpg","텍",2029,,,pending_review,"P007","S01","2026-09-29T10:23:41.5668576Z",64,64,jpeg,5c7b367099e48f200c3c060a0b938d70bc070ec50e93ec4f670a178007281fc5
"hangul_2030_20260929T102346902Z_ce7ce3f2.jpg","텐",2030,,,pending_review,"P007","S01","2026-09-29T10:23:46.9027801Z",64,64,jpeg,5c7b367099e48f200c3c060a0b938d70bc070ec50e93ec4f670a178007281fc5
"hangul_2031_20260929T102351640Z_e7471d44.jpg","텔",2031,,,pending_review,"P007","S01","2026-09-29T10:23:51.6403140Z",64,64,jpeg,5c7b367099e48f200c3c060a0b938d70bc070ec50e93ec4f670a178007281fc5
"hangul_2032_20260929T102355998Z_8f53eddc.jpg","템",2032,,,pending_review,"P007","S01","2026-09-29T10:23:55.9980041Z",64,64,jpeg,5c7b367099e48f200c3c060a0b938d70bc070ec50e93ec4f670a178007281fc5
"hangul_2033_20260929T102400664Z_ced4e8d3.jpg","텝",2033,,,pending_review,"P007","S01","2026-09-29T10:24:00.6649177Z",64,64,jpeg,5c7b367099e48f200c3c060a0b938d70bc070ec50e93ec4f670a178007281fc5
"hangul_2034_20260929T102404921Z_8bdb4a79.jpg","텟",2034,,,pending_review,"P007","S01","2026-09-29T10:24:04.9219872Z",64,64,jpeg,5c7b367099e48f200c3c060a0b938d70bc070ec50e93ec4f670a178007281fc5
"hangul_2035_20260929T102409021Z_5eb13648.jpg","텡",2035,,,pending_review,"P007","S01","2026-09-29T10:24:09.0218777Z",64,64,jpeg,5c7b367099e48f200c3c060a0b938d70bc070ec50e93ec4f670a178007281fc5
"hangul_2036_20260929T102412560Z_5497e4ea.jpg","텨",2036,,,pending_review,"P007","S01","2026-09-29T10:24:12.5602762Z",64,64,jpeg,5c7b367099e48f200c3c060a0b938d70bc070ec50e93ec4f670a178007281fc5
"hangul_2037_20260929T102416189Z_7719d0e4.jpg","텬",2037,,,pending_review,"P007","S01","2026-09-29T10:24:16.1896284Z",64,64,jpeg,5c7b367099e48f200c3c060a0b938d70bc070ec50e93ec4f670a178007281fc5
"hangul_2038_20260929T102420712Z_6c484587.jpg","텼",2038,,,pending_review,"P007","S01","2026-09-29T10:24:20.7128608Z",64,64,jpeg,5c7b367099e48f200c3c060a0b938d70bc070ec50e93ec4f670a178007281fc5
"hangul_2039_20260929T102424627Z_65ce609e.jpg","톄",2039,,,pending_review,"P007","S01","2026-09-29T10:24:24.6271692Z",64,64,jpeg,5c7b367099e48f200c3c060a0b938d70bc070ec50e93ec4f670a178007281fc5
"hangul_2040_20260929T102428966Z_176e64ba.jpg","톈",2040,,,pending_review,"P007","S01","2026-09-29T10:24:28.9668671Z",64,64,jpeg,5c7b367099e48f200c3c060a0b938d70bc070ec50e93ec4f670a178007281fc5
"hangul_2040_20260929T102433082Z_299d9228.jpg","톈",2040,,,pending_review,"P007","S01","2026-09-29T10:24:33.0823863Z",64,64,jpeg,5c7b367099e48f200c3c060a0b938d70bc070ec50e93ec4f670a178007281fc5
"hangul_2041_20260929T102436214Z_1f2e28a5.jpg","토",2041,,,pending_review,"P007","S01","2026-09-29T10:24:36.2143011Z",64,64,jpeg,5c7b367099e48f200c3c060a0b938d70bc070ec50e93ec4f670a178007281fc5
"hangul_2042_20260929T102439619Z_7d6af82c.jpg","톡",2042,,,pending_review,"P007","S01","2026-09-29T10:24:39.6191312Z",64,64,jpeg,5c7b367099e48f200c3c060a0b938d70bc070ec50e93ec4f670a178007281fc5
"hangul_2043_20260929T102443667Z_c046a197.jpg","톤",2043,,,pending_review,"P007","S01","2026-09-29T10:24:43.6671668Z",64,64,jpeg,5c7b367099e48f200c3c060a0b938d70bc070ec50e93ec4f670a178007281fc5
"hangul_2044_20260929T102447490Z_e120ccc1.jpg","톨",2044,,,pending_review,"P007","S01","2026-09-29T10:24:47.4906773Z",64,64,jpeg,5c7b367099e48f200c3c060a0b938d70bc070ec50e93ec4f670a178007281fc5
"hangul_2045_20260929T102451159Z_078411d6.jpg","톰",2045,,,pending_review,"P007","S01","2026-09-29T10:24:51.1592311Z",64,64,jpeg,5c7b367099e48f200c3c060a0b938d70bc070ec50e93ec4f670a178007281fc5
"hangul_2046_20260929T102455328Z_9c351ede.jpg","톱",2046,,,pending_review,"P007","S01","2026-09-29T10:24:55.3286910Z",64,64,jpeg,5c7b367099e48f200c3c060a0b938d70bc070ec50e93ec4f670a178007281fc5
"hangul_2047_20260929T102459113Z_d7c380ff.jpg","톳",2047,,,pending_review,"P007","S01","2026-09-29T10:24:59.1139919Z",64,64,jpeg,5c7b367099e48f200c3c060a0b938d70bc070ec50e93ec4f670a178007281fc5
"hangul_2048_20260929T102504181Z_adbc4e66.jpg","통",2048,,,pending_review,"P007","S01","2026-09-29T10:25:04.1817980Z",64,64,jpeg,5c7b367099e48f200c3c060a0b938d70bc070ec50e93ec4f670a178007281fc5
"hangul_2049_20260929T102508486Z_e05700a8.jpg","톺",2049,,,pending_review,"P007","S01","2026-09-29T10:25:08.4861408Z",64,64,jpeg,5c7b367099e48f200c3c060a0b938d70bc070ec50e93ec4f670a178007281fc5
"hangul_2069_20260929T102516870Z_e2cb51fa.jpg","튀",2069,,,pending_review,"P007","S01","2026-09-29T10:25:16.8705069Z",64,64,jpeg,5c7b367099e48f200c3c060a0b938d70bc070ec50e93ec4f670a178007281fc5
"hangul_2070_20260929T102520594Z_a9131479.jpg","튁",2070,,,pending_review,"P007","S01","2026-09-29T10:25:20.5946181Z",64,64,jpeg,5c7b367099e48f200c3c060a0b938d70bc070ec50e93ec4f670a178007281fc5
"hangul_2089_20260929T102527524Z_e25b0685.jpg","틋",2089,,,pending_review,"P007","S01","2026-09-29T10:25:27.5249354Z",64,64,jpeg,5c7b367099e48f200c3c060a0b938d70bc070ec50e93ec4f670a178007281fc5
"hangul_2090_20260929T102530931Z_fe9634e5.jpg","틔",2090,,,pending_review,"P007","S01","2026-09-29T10:25:30.9313683Z",64,64,jpeg,5c7b367099e48f200c3c060a0b938d70bc070ec50e93ec4f670a178007281fc5
"hangul_2091_20260929T102534172Z_a9d72d3d.jpg","틘",2091,,,pending_review,"P007","S01","2026-09-29T10:25:34.1724342Z",64,64,jpeg,5c7b367099e48f200c3c060a0b938d70bc070ec50e93ec4f670a178007281fc5
"hangul_2092_20260929T102538818Z_3f025f3f.jpg","틜",2092,,,pending_review,"P007","S01","2026-09-29T10:25:38.8188350Z",64,64,jpeg,5c7b367099e48f200c3c060a0b938d70bc070ec50e93ec4f670a178007281fc5
"hangul_2099_20260929T102545882Z_16fe13bb.jpg","팀",2099,,,pending_review,"P007","S01","2026-09-29T10:25:45.8820781Z",64,64,jpeg,5c7b367099e48f200c3c060a0b938d70bc070ec50e93ec4f670a178007281fc5
"hangul_2100_20260929T102549754Z_19a6ddf2.jpg","팁",2100,,,pending_review,"P007","S01","2026-09-29T10:25:49.7540008Z",64,64,jpeg,5c7b367099e48f200c3c060a0b938d70bc070ec50e93ec4f670a178007281fc5
"hangul_2101_20260929T102553119Z_c30501b4.jpg","팃",2101,,,pending_review,"P007","S01","2026-09-29T10:25:53.1193770Z",64,64,jpeg,5c7b367099e48f200c3c060a0b938d70bc070ec50e93ec4f670a178007281fc5
"hangul_2102_20260929T102556253Z_f8822264.jpg","팅",2102,,,pending_review,"P007","S01","2026-09-29T10:25:56.2533348Z",64,64,jpeg,5c7b367099e48f200c3c060a0b938d70bc070ec50e93ec4f670a178007281fc5
"hangul_2103_20260929T102559548Z_db2636d0.jpg","파",2103,,,pending_review,"P007","S01","2026-09-29T10:25:59.5481739Z",64,64,jpeg,5c7b367099e48f200c3c060a0b938d70bc070ec50e93ec4f670a178007281fc5
"hangul_2104_20260929T102603811Z_a81877ba.jpg","팍",2104,,,pending_review,"P007","S01","2026-09-29T10:26:03.8115538Z",64,64,jpeg,5c7b367099e48f200c3c060a0b938d70bc070ec50e93ec4f670a178007281fc5
"hangul_2105_20260929T102608157Z_8054e57e.jpg","팎",2105,,,pending_review,"P007","S01","2026-09-29T10:26:08.1578156Z",64,64,jpeg,5c7b367099e48f200c3c060a0b938d70bc070ec50e93ec4f670a178007281fc5
"hangul_2106_20260929T102611887Z_85954157.jpg","판",2106,,,pending_review,"P007","S01","2026-09-29T10:26:11.8873778Z",64,64,jpeg,5c7b367099e48f200c3c060a0b938d70bc070ec50e93ec4f670a178007281fc5
"hangul_2107_20260929T102616194Z_1aeb64b8.jpg","팔",2107,,,pending_review,"P007","S01","2026-09-29T10:26:16.1948568Z",64,64,jpeg,5c7b367099e48f200c3c060a0b938d70bc070ec50e93ec4f670a178007281fc5
"hangul_2108_20260929T102621019Z_db364e8f.jpg","팖",2108,,,pending_review,"P007","S01","2026-09-29T10:26:21.0192249Z",64,64,jpeg,5c7b367099e48f200c3c060a0b938d70bc070ec50e93ec4f670a178007281fc5
"hangul_2149_20260929T102628336Z_b4793377.jpg","평",2149,,,pending_review,"P007","S01","2026-09-29T10:26:28.3362650Z",64,64,jpeg,5c7b367099e48f200c3c060a0b938d70bc070ec50e93ec4f670a178007281fc5
"hangul_2149_20260929T102631966Z_b3d10950.jpg","평",2149,,,pending_review,"P007","S01","2026-09-29T10:26:31.9667064Z",64,64,jpeg,5c7b367099e48f200c3c060a0b938d70bc070ec50e93ec4f670a178007281fc5
"hangul_2150_20260929T102635846Z_21bf0e8d.jpg","폐",2150,,,pending_review,"P007","S01","2026-09-29T10:26:35.8461831Z",64,64,jpeg,5c7b367099e48f200c3c060a0b938d70bc070ec50e93ec4f670a178007281fc5
"hangul_2150_20260929T102640028Z_350ead59.jpg","폐",2150,,,pending_review,"P007","S01","2026-09-29T10:26:40.0284479Z",64,64,jpeg,5c7b367099e48f200c3c060a0b938d70bc070ec50e93ec4f670a178007281fc5
"hangul_2151_20260929T102647814Z_8d0bd584.jpg","폘",2151,,,pending_review,"P007","S01","2026-09-29T10:26:47.8144528Z",64,64,jpeg,5c7b367099e48f200c3c060a0b938d70bc070ec50e93ec4f670a178007281fc5
"hangul_2152_20260929T102653265Z_98c47386.jpg","폡",2152,,,pending_review,"P007","S01","2026-09-29T10:26:53.2654657Z",64,64,jpeg,5c7b367099e48f200c3c060a0b938d70bc070ec50e93ec4f670a178007281fc5
"hangul_2152_20260929T102703093Z_22b82759.jpg","폡",2152,,,pending_review,"P007","S01","2026-09-29T10:27:03.0936528Z",64,64,jpeg,5c7b367099e48f200c3c060a0b938d70bc070ec50e93ec4f670a178007281fc5
"hangul_2153_20260929T102713347Z_ba80e99d.jpg","폣",2153,,,pending_review,"P007","S01","2026-09-29T10:27:13.3475907Z",64,64,jpeg,5c7b367099e48f200c3c060a0b938d70bc070ec50e93ec4f670a178007281fc5
"hangul_2154_20260929T102716500Z_b3cf0aae.jpg","포",2154,,,pending_review,"P007","S01","2026-09-29T10:27:16.5005978Z",64,64,jpeg,5c7b367099e48f200c3c060a0b938d70bc070ec50e93ec4f670a178007281fc5
"hangul_2154_20260929T102719668Z_b765e049.jpg","포",2154,,,pending_review,"P007","S01","2026-09-29T10:27:19.6682404Z",64,64,jpeg,5c7b367099e48f200c3c060a0b938d70bc070ec50e93ec4f670a178007281fc5
"hangul_2155_20260929T102723222Z_57d21558.jpg","폭",2155,,,pending_review,"P007","S01","2026-09-29T10:27:23.2227941Z",64,64,jpeg,5c7b367099e48f200c3c060a0b938d70bc070ec50e93ec4f670a178007281fc5
"hangul_2156_20260929T102726871Z_7655cbdc.jpg","폰",2156,,,pending_review,"P007","S01","2026-09-29T10:27:26.8718372Z",64,64,jpeg,5c7b367099e48f200c3c060a0b938d70bc070ec50e93ec4f670a178007281fc5
"hangul_2157_20260929T102730945Z_569a363f.jpg","폴",2157,,,pending_review,"P007","S01","2026-09-29T10:27:30.9450981Z",64,64,jpeg,5c7b367099e48f200c3c060a0b938d70bc070ec50e93ec4f670a178007281fc5
"hangul_2158_20260929T102735127Z_a7e8eaf3.jpg","폼",2158,,,pending_review,"P007","S01","2026-09-29T10:27:35.1272254Z",64,64,jpeg,5c7b367099e48f200c3c060a0b938d70bc070ec50e93ec4f670a178007281fc5
"hangul_2159_20260929T102740455Z_5eb5e534.jpg","폽",2159,,,pending_review,"P007","S01","2026-09-29T10:27:40.4551687Z",64,64,jpeg,5c7b367099e48f200c3c060a0b938d70bc070ec50e93ec4f670a178007281fc5
"hangul_2160_20260929T102744616Z_fd228284.jpg","폿",2160,,,pending_review,"P007","S01","2026-09-29T10:27:44.6169732Z",64,64,jpeg,5c7b367099e48f200c3c060a0b938d70bc070ec50e93ec4f670a178007281fc5
"hangul_2160_20260929T102749648Z_6124d745.jpg","폿",2160,,,pending_review,"P007","S01","2026-09-29T10:27:49.6484269Z",64,64,jpeg,5c7b367099e48f200c3c060a0b938d70bc070ec50e93ec4f670a178007281fc5
"hangul_2161_20260929T102753612Z_ceb8b701.jpg","퐁",2161,,,pending_review,"P007","S01","2026-09-29T10:27:53.6121990Z",64,64,jpeg,5c7b367099e48f200c3c060a0b938d70bc070ec50e93ec4f670a178007281fc5
"hangul_2162_20260929T102801134Z_a4e89fde.jpg","퐈",2162,,,pending_review,"P007","S01","2026-09-29T10:28:01.1346944Z",64,64,jpeg,5c7b367099e48f200c3c060a0b938d70bc070ec50e93ec4f670a178007281fc5
"hangul_2163_20260929T102807844Z_c00b4c46.jpg","퐝",2163,,,pending_review,"P007","S01","2026-09-29T10:28:07.8448792Z",64,64,jpeg,5c7b367099e48f200c3c060a0b938d70bc070ec50e93ec4f670a178007281fc5
"hangul_2164_20260929T102811699Z_1e110b2a.jpg","푀",2164,,,pending_review,"P007","S01","2026-09-29T10:28:11.6998512Z",64,64,jpeg,5c7b367099e48f200c3c060a0b938d70bc070ec50e93ec4f670a178007281fc5
"hangul_2165_20260929T102815658Z_2cd1d636.jpg","푄",2165,,,pending_review,"P007","S01","2026-09-29T10:28:15.6581857Z",64,64,jpeg,5c7b367099e48f200c3c060a0b938d70bc070ec50e93ec4f670a178007281fc5
"hangul_2165_20260929T102820667Z_38970dc2.jpg","푄",2165,,,pending_review,"P007","S01","2026-09-29T10:28:20.6672692Z",64,64,jpeg,5c7b367099e48f200c3c060a0b938d70bc070ec50e93ec4f670a178007281fc5
"hangul_2166_20260929T102827141Z_bd7bf713.jpg","표",2166,,,pending_review,"P007","S01","2026-09-29T10:28:27.1410054Z",64,64,jpeg,5c7b367099e48f200c3c060a0b938d70bc070ec50e93ec4f670a178007281fc5
"hangul_2167_20260929T102831440Z_30ac5042.jpg","푠",2167,,,pending_review,"P007","S01","2026-09-29T10:28:31.4406712Z",64,64,jpeg,5c7b367099e48f200c3c060a0b938d70bc070ec50e93ec4f670a178007281fc5
"hangul_2168_20260929T102836126Z_6fe4c4a7.jpg","푤",2168,,,pending_review,"P007","S01","2026-09-29T10:28:36.1263572Z",64,64,jpeg,5c7b367099e48f200c3c060a0b938d70bc070ec50e93ec4f670a178007281fc5
"hangul_2179_20260929T102846490Z_d13a14d2.jpg","풋",2179,,,pending_review,"P007","S01","2026-09-29T10:28:46.4901944Z",64,64,jpeg,5c7b367099e48f200c3c060a0b938d70bc070ec50e93ec4f670a178007281fc5
"hangul_2180_20260929T102851534Z_8ff12f2a.jpg","풍",2180,,,pending_review,"P007","S01","2026-09-29T10:28:51.5348867Z",64,64,jpeg,5c7b367099e48f200c3c060a0b938d70bc070ec50e93ec4f670a178007281fc5
"hangul_2181_20260929T102855185Z_f337670f.jpg","풔",2181,,,pending_review,"P007","S01","2026-09-29T10:28:55.1853461Z",64,64,jpeg,5c7b367099e48f200c3c060a0b938d70bc070ec50e93ec4f670a178007281fc5
"hangul_2182_20260929T102859208Z_723c04b6.jpg","풩",2182,,,pending_review,"P007","S01","2026-09-29T10:28:59.2088880Z",64,64,jpeg,5c7b367099e48f200c3c060a0b938d70bc070ec50e93ec4f670a178007281fc5
"hangul_2183_20260929T102903343Z_fed2219f.jpg","퓌",2183,,,pending_review,"P007","S01","2026-09-29T10:29:03.3434817Z",64,64,jpeg,5c7b367099e48f200c3c060a0b938d70bc070ec50e93ec4f670a178007281fc5
"hangul_2184_20260929T102908120Z_56ff941f.jpg","퓐",2184,,,pending_review,"P007","S01","2026-09-29T10:29:08.1201656Z",64,64,jpeg,5c7b367099e48f200c3c060a0b938d70bc070ec50e93ec4f670a178007281fc5
"hangul_2185_20260929T102912752Z_de7f120e.jpg","퓔",2185,,,pending_review,"P007","S01","2026-09-29T10:29:12.7529831Z",64,64,jpeg,5c7b367099e48f200c3c060a0b938d70bc070ec50e93ec4f670a178007281fc5
"hangul_2199_20260929T102926221Z_5d69d5e1.jpg","픗",2199,,,pending_review,"P007","S01","2026-09-29T10:29:26.2215419Z",64,64,jpeg,5c7b367099e48f200c3c060a0b938d70bc070ec50e93ec4f670a178007281fc5
"hangul_2200_20260929T102929231Z_9c227704.jpg","피",2200,,,pending_review,"P007","S01","2026-09-29T10:29:29.2310321Z",64,64,jpeg,5c7b367099e48f200c3c060a0b938d70bc070ec50e93ec4f670a178007281fc5
"hangul_2201_20260929T102932624Z_69070b0e.jpg","픽",2201,,,pending_review,"P007","S01","2026-09-29T10:29:32.6248425Z",64,64,jpeg,5c7b367099e48f200c3c060a0b938d70bc070ec50e93ec4f670a178007281fc5
"hangul_2209_20260929T103223967Z_037ffde8.jpg","학",2209,,,pending_review,"P008","S01","2026-09-29T10:32:23.9678034Z",64,64,jpeg,5c7b367099e48f200c3c060a0b938d70bc070ec50e93ec4f670a178007281fc5
"hangul_2210_20260929T103227413Z_93deffab.jpg","한",2210,,,pending_review,"P008","S01","2026-09-29T10:32:27.4135138Z",64,64,jpeg,5c7b367099e48f200c3c060a0b938d70bc070ec50e93ec4f670a178007281fc5
"hangul_2211_20260929T103231280Z_a05eeef6.jpg","할",2211,,,pending_review,"P008","S01","2026-09-29T10:32:31.2808850Z",64,64,jpeg,5c7b367099e48f200c3c060a0b938d70bc070ec50e93ec4f670a178007281fc5
"hangul_2212_20260929T103236744Z_2576d1db.jpg","핥",2212,,,pending_review,"P008","S01","2026-09-29T10:32:36.7445813Z",64,64,jpeg,5c7b367099e48f200c3c060a0b938d70bc070ec50e93ec4f670a178007281fc5
"hangul_2213_20260929T103242050Z_b52b69b8.jpg","함",2213,,,pending_review,"P008","S01","2026-09-29T10:32:42.0508125Z",64,64,jpeg,5c7b367099e48f200c3c060a0b938d70bc070ec50e93ec4f670a178007281fc5
"hangul_2214_20260929T103247029Z_7e08ca99.jpg","합",2214,,,pending_review,"P008","S01","2026-09-29T10:32:47.0291090Z",64,64,jpeg,5c7b367099e48f200c3c060a0b938d70bc070ec50e93ec4f670a178007281fc5
"hangul_2215_20260929T103252104Z_ee6177a4.jpg","핫",2215,,,pending_review,"P008","S01","2026-09-29T10:32:52.1046826Z",64,64,jpeg,5c7b367099e48f200c3c060a0b938d70bc070ec50e93ec4f670a178007281fc5
"hangul_2216_20260929T103256241Z_c9794973.jpg","항",2216,,,pending_review,"P008","S01","2026-09-29T10:32:56.2415272Z",64,64,jpeg,5c7b367099e48f200c3c060a0b938d70bc070ec50e93ec4f670a178007281fc5
"hangul_2217_20260929T103259664Z_726152d3.jpg","해",2217,,,pending_review,"P008","S01","2026-09-29T10:32:59.6646935Z",64,64,jpeg,5c7b367099e48f200c3c060a0b938d70bc070ec50e93ec4f670a178007281fc5
"hangul_2218_20260929T103303507Z_42002187.jpg","핵",2218,,,pending_review,"P008","S01","2026-09-29T10:33:03.5073218Z",64,64,jpeg,5c7b367099e48f200c3c060a0b938d70bc070ec50e93ec4f670a178007281fc5
"hangul_2219_20260929T103307356Z_7f5d1b8b.jpg","핸",2219,,,pending_review,"P008","S01","2026-09-29T10:33:07.3567494Z",64,64,jpeg,5c7b367099e48f200c3c060a0b938d70bc070ec50e93ec4f670a178007281fc5
"hangul_2220_20260929T103311501Z_73a4de65.jpg","핼",2220,,,pending_review,"P008","S01","2026-09-29T10:33:11.5015563Z",64,64,jpeg,5c7b367099e48f200c3c060a0b938d70bc070ec50e93ec4f670a178007281fc5
"hangul_2221_20260929T103316778Z_d7a15888.jpg","햄",2221,,,pending_review,"P008","S01","2026-09-29T10:33:16.7783797Z",64,64,jpeg,5c7b367099e48f200c3c060a0b938d70bc070ec50e93ec4f670a178007281fc5
"hangul_2222_20260929T103322472Z_dc9f3674.jpg","햅",2222,,,pending_review,"P008","S01","2026-09-29T10:33:22.4729696Z",64,64,jpeg,5c7b367099e48f200c3c060a0b938d70bc070ec50e93ec4f670a178007281fc5
"hangul_2223_20260929T103327128Z_2f26b007.jpg","햇",2223,,,pending_review,"P008","S01","2026-09-29T10:33:27.1283387Z",64,64,jpeg,5c7b367099e48f200c3c060a0b938d70bc070ec50e93ec4f670a178007281fc5
"hangul_2224_20260929T103332078Z_ca2acba3.jpg","했",2224,,,pending_review,"P008","S01","2026-09-29T10:33:32.0785949Z",64,64,jpeg,5c7b367099e48f200c3c060a0b938d70bc070ec50e93ec4f670a178007281fc5
"hangul_2225_20260929T103351918Z_d92b4eae.jpg","행",2225,,,pending_review,"P008","S01","2026-09-29T10:33:51.9184828Z",64,64,jpeg,5c7b367099e48f200c3c060a0b938d70bc070ec50e93ec4f670a178007281fc5
"hangul_2226_20260929T103355474Z_bfb084b3.jpg","햐",2226,,,pending_review,"P008","S01","2026-09-29T10:33:55.4744069Z",64,64,jpeg,5c7b367099e48f200c3c060a0b938d70bc070ec50e93ec4f670a178007281fc5
"hangul_2227_20260929T103359333Z_0ea2f734.jpg","향",2227,,,pending_review,"P008","S01","2026-09-29T10:33:59.3336586Z",64,64,jpeg,5c7b367099e48f200c3c060a0b938d70bc070ec50e93ec4f670a178007281fc5
"hangul_2228_20260929T103402450Z_346f7b18.jpg","허",2228,,,pending_review,"P008","S01","2026-09-29T10:34:02.4507857Z",64,64,jpeg,5c7b367099e48f200c3c060a0b938d70bc070ec50e93ec4f670a178007281fc5
"hangul_2249_20260929T103410112Z_07dce631.jpg","혐",2249,,,pending_review,"P008","S01","2026-09-29T10:34:10.1124186Z",64,64,jpeg,5c7b367099e48f200c3c060a0b938d70bc070ec50e93ec4f670a178007281fc5
"hangul_2250_20260929T103420641Z_5d114324.jpg","협",2250,,,pending_review,"P008","S01","2026-09-29T10:34:20.6414766Z",64,64,jpeg,5c7b367099e48f200c3c060a0b938d70bc070ec50e93ec4f670a178007281fc5
"hangul_2251_20260929T103424529Z_c2b690f3.jpg","혓",2251,,,pending_review,"P008","S01","2026-09-29T10:34:24.5293598Z",64,64,jpeg,5c7b367099e48f200c3c060a0b938d70bc070ec50e93ec4f670a178007281fc5
"hangul_2252_20260929T103429954Z_d2402854.jpg","혔",2252,,,pending_review,"P008","S01","2026-09-29T10:34:29.9544296Z",64,64,jpeg,5c7b367099e48f200c3c060a0b938d70bc070ec50e93ec4f670a178007281fc5
"hangul_2253_20260929T103435183Z_3e9a13f4.jpg","형",2253,,,pending_review,"P008","S01","2026-09-29T10:34:35.1836769Z",64,64,jpeg,5c7b367099e48f200c3c060a0b938d70bc070ec50e93ec4f670a178007281fc5
"hangul_2254_20260929T103439518Z_54cf6042.jpg","혜",2254,,,pending_review,"P008","S01","2026-09-29T10:34:39.5184557Z",64,64,jpeg,5c7b367099e48f200c3c060a0b938d70bc070ec50e93ec4f670a178007281fc5
"hangul_2255_20260929T103443614Z_216a1c67.jpg","혠",2255,,,pending_review,"P008","S01","2026-09-29T10:34:43.6147262Z",64,64,jpeg,5c7b367099e48f200c3c060a0b938d70bc070ec50e93ec4f670a178007281fc5
"hangul_2256_20260929T103448194Z_b6b31b4c.jpg","혤",2256,,,pending_review,"P008","S01","2026-09-29T10:34:48.1944655Z",64,64,jpeg,5c7b367099e48f200c3c060a0b938d70bc070ec50e93ec4f670a178007281fc5
"hangul_2257_20260929T103453190Z_d1c25f4a.jpg","혭",2257,,,pending_review,"P008","S01","2026-09-29T10:34:53.1901959Z",64,64,jpeg,5c7b367099e48f200c3c060a0b938d70bc070ec50e93ec4f670a178007281fc5
"hangul_2258_20260929T103456300Z_78b14cad.jpg","호",2258,,,pending_review,"P008","S01","2026-09-29T10:34:56.3008841Z",64,64,jpeg,5c7b367099e48f200c3c060a0b938d70bc070ec50e93ec4f670a178007281fc5
"hangul_2259_20260929T103500032Z_7d3eecfb.jpg","혹",2259,,,pending_review,"P008","S01","2026-09-29T10:35:00.0328475Z",64,64,jpeg,5c7b367099e48f200c3c060a0b938d70bc070ec50e93ec4f670a178007281fc5
"hangul_2260_20260929T103503941Z_265cff95.jpg","혼",2260,,,pending_review,"P008","S01","2026-09-29T10:35:03.9419939Z",64,64,jpeg,5c7b367099e48f200c3c060a0b938d70bc070ec50e93ec4f670a178007281fc5
"hangul_2261_20260929T103509048Z_0b548486.jpg","홀",2261,,,pending_review,"P008","S01","2026-09-29T10:35:09.0487696Z",64,64,jpeg,5c7b367099e48f200c3c060a0b938d70bc070ec50e93ec4f670a178007281fc5
"hangul_2262_20260929T103514957Z_7fec8c81.jpg","홅",2262,,,pending_review,"P008","S01","2026-09-29T10:35:14.9576694Z",64,64,jpeg,5c7b367099e48f200c3c060a0b938d70bc070ec50e93ec4f670a178007281fc5
"hangul_2263_20260929T103535741Z_77423fb3.jpg","홈",2263,,,pending_review,"P008","S01","2026-09-29T10:35:35.7418585Z",64,64,jpeg,5c7b367099e48f200c3c060a0b938d70bc070ec50e93ec4f670a178007281fc5
"hangul_2264_20260929T103540410Z_e33930bb.jpg","홉",2264,,,pending_review,"P008","S01","2026-09-29T10:35:40.4107269Z",64,64,jpeg,5c7b367099e48f200c3c060a0b938d70bc070ec50e93ec4f670a178007281fc5
"hangul_2265_20260929T103544481Z_dfc662ea.jpg","홋",2265,,,pending_review,"P008","S01","2026-09-29T10:35:44.4810328Z",64,64,jpeg,5c7b367099e48f200c3c060a0b938d70bc070ec50e93ec4f670a178007281fc5
"hangul_2266_20260929T103600838Z_a6670046.jpg","홍",2266,,,pending_review,"P008","S01","2026-09-29T10:36:00.8389039Z",64,64,jpeg,5c7b367099e48f200c3c060a0b938d70bc070ec50e93ec4f670a178007281fc5
"hangul_2267_20260929T103606029Z_8c3ac8d1.jpg","홑",2267,,,pending_review,"P008","S01","2026-09-29T10:36:06.0290464Z",64,64,jpeg,5c7b367099e48f200c3c060a0b938d70bc070ec50e93ec4f670a178007281fc5
"hangul_2268_20260929T103610098Z_c3f81995.jpg","화",2268,,,pending_review,"P008","S01","2026-09-29T10:36:10.0985323Z",64,64,jpeg,5c7b367099e48f200c3c060a0b938d70bc070ec50e93ec4f670a178007281fc5
"hangul_2269_20260929T103614659Z_7ed131bd.jpg","확",2269,,,pending_review,"P008","S01","2026-09-29T10:36:14.6593434Z",64,64,jpeg,5c7b367099e48f200c3c060a0b938d70bc070ec50e93ec4f670a178007281fc5
"hangul_2270_20260929T103619004Z_1f8d70e5.jpg","환",2270,,,pending_review,"P008","S01","2026-09-29T10:36:19.0042489Z",64,64,jpeg,5c7b367099e48f200c3c060a0b938d70bc070ec50e93ec4f670a178007281fc5
"hangul_2271_20260929T103623531Z_ba7005ec.jpg","활",2271,,,pending_review,"P008","S01","2026-09-29T10:36:23.5310205Z",64,64,jpeg,5c7b367099e48f200c3c060a0b938d70bc070ec50e93ec4f670a178007281fc5
"hangul_2272_20260929T103628122Z_7fc7170c.jpg","홧",2272,,,pending_review,"P008","S01","2026-09-29T10:36:28.1226867Z",64,64,jpeg,5c7b367099e48f200c3c060a0b938d70bc070ec50e93ec4f670a178007281fc5
"hangul_2273_20260929T103644909Z_bad698ec.jpg","황",2273,,,pending_review,"P008","S01","2026-09-29T10:36:44.9090710Z",64,64,jpeg,5c7b367099e48f200c3c060a0b938d70bc070ec50e93ec4f670a178007281fc5
"hangul_2274_20260929T103648955Z_b053c8a8.jpg","홰",2274,,,pending_review,"P008","S01","2026-09-29T10:36:48.9550720Z",64,64,jpeg,5c7b367099e48f200c3c060a0b938d70bc070ec50e93ec4f670a178007281fc5
"hangul_2275_20260929T103653300Z_332586f2.jpg","홱",2275,,,pending_review,"P008","S01","2026-09-29T10:36:53.3009161Z",64,64,jpeg,5c7b367099e48f200c3c060a0b938d70bc070ec50e93ec4f670a178007281fc5
"hangul_2276_20260929T103657535Z_6e3ffae6.jpg","홴",2276,,,pending_review,"P008","S01","2026-09-29T10:36:57.5357836Z",64,64,jpeg,5c7b367099e48f200c3c060a0b938d70bc070ec50e93ec4f670a178007281fc5
"hangul_2277_20260929T103702319Z_c455f54b.jpg","횃",2277,,,pending_review,"P008","S01","2026-09-29T10:37:02.3193788Z",64,64,jpeg,5c7b367099e48f200c3c060a0b938d70bc070ec50e93ec4f670a178007281fc5
"hangul_2299_20260929T103712305Z_9c1b6dc7.jpg","훠",2299,,,pending_review,"P008","S01","2026-09-29T10:37:12.3050744Z",64,64,jpeg,5c7b367099e48f200c3c060a0b938d70bc070ec50e93ec4f670a178007281fc5
"hangul_2300_20260929T103717267Z_be9b2b47.jpg","훤",2300,,,pending_review,"P008","S01","2026-09-29T10:37:17.2670634Z",64,64,jpeg,5c7b367099e48f200c3c060a0b938d70bc070ec50e93ec4f670a178007281fc5
"hangul_2301_20260929T103722171Z_782b0d11.jpg","훨",2301,,,pending_review,"P008","S01","2026-09-29T10:37:22.1719718Z",64,64,jpeg,5c7b367099e48f200c3c060a0b938d70bc070ec50e93ec4f670a178007281fc5
"hangul_2302_20260929T103727426Z_4adff412.jpg","훰",2302,,,pending_review,"P008","S01","2026-09-29T10:37:27.4262386Z",64,64,jpeg,5c7b367099e48f200c3c060a0b938d70bc070ec50e93ec4f670a178007281fc5
"hangul_2303_20260929T103732699Z_0823df74.jpg","훵",2303,,,pending_review,"P008","S01","2026-09-29T10:37:32.6992482Z",64,64,jpeg,5c7b367099e48f200c3c060a0b938d70bc070ec50e93ec4f670a178007281fc5
"hangul_2304_20260929T103737322Z_8e164942.jpg","훼",2304,,,pending_review,"P008","S01","2026-09-29T10:37:37.3221340Z",64,64,jpeg,5c7b367099e48f200c3c060a0b938d70bc070ec50e93ec4f670a178007281fc5
"hangul_2305_20260929T103742159Z_3728187f.jpg","훽",2305,,,pending_review,"P008","S01","2026-09-29T10:37:42.1596280Z",64,64,jpeg,5c7b367099e48f200c3c060a0b938d70bc070ec50e93ec4f670a178007281fc5
"hangul_2306_20260929T103746361Z_a7b85af6.jpg","휀",2306,,,pending_review,"P008","S01","2026-09-29T10:37:46.3618318Z",64,64,jpeg,5c7b367099e48f200c3c060a0b938d70bc070ec50e93ec4f670a178007281fc5
"hangul_2307_20260929T103751124Z_1905bee1.jpg","휄",2307,,,pending_review,"P008","S01","2026-09-29T10:37:51.1240138Z",64,64,jpeg,5c7b367099e48f200c3c060a0b938d70bc070ec50e93ec4f670a178007281fc5
"hangul_2308_20260929T103756360Z_508ee892.jpg","휑",2308,,,pending_review,"P008","S01","2026-09-29T10:37:56.3606206Z",64,64,jpeg,5c7b367099e48f200c3c060a0b938d70bc070ec50e93ec4f670a178007281fc5
"hangul_2309_20260929T103759879Z_c314d28d.jpg","휘",2309,,,pending_review,"P008","S01","2026-09-29T10:37:59.8798780Z",64,64,jpeg,5c7b367099e48f200c3c060a0b938d70bc070ec50e93ec4f670a178007281fc5
"hangul_2310_20260929T103803545Z_39447777.jpg","휙",2310,,,pending_review,"P008","S01","2026-09-29T10:38:03.5451019Z",64,64,jpeg,5c7b367099e48f200c3c060a0b938d70bc070ec50e93ec4f670a178007281fc5
"hangul_2311_20260929T103807072Z_7a873096.jpg","휜",2311,,,pending_review,"P008","S01","2026-09-29T10:38:07.0728830Z",64,64,jpeg,5c7b367099e48f200c3c060a0b938d70bc070ec50e93ec4f670a178007281fc5
"hangul_2312_20260929T103811023Z_f6f4b946.jpg","휠",2312,,,pending_review,"P008","S01","2026-09-29T10:38:11.0233824Z",64,64,jpeg,5c7b367099e48f200c3c060a0b938d70bc070ec50e93ec4f670a178007281fc5
"hangul_2313_20260929T103814846Z_f1b4b0b2.jpg","휨",2313,,,pending_review,"P008","S01","2026-09-29T10:38:14.8460556Z",64,64,jpeg,5c7b367099e48f200c3c060a0b938d70bc070ec50e93ec4f670a178007281fc5
"hangul_2314_20260929T103819232Z_501293a4.jpg","휩",2314,,,pending_review,"P008","S01","2026-09-29T10:38:19.2329793Z",64,64,jpeg,5c7b367099e48f200c3c060a0b938d70bc070ec50e93ec4f670a178007281fc5
"hangul_2315_20260929T103822825Z_ed4df6a4.jpg","휫",2315,,,pending_review,"P008","S01","2026-09-29T10:38:22.8252686Z",64,64,jpeg,5c7b367099e48f200c3c060a0b938d70bc070ec50e93ec4f670a178007281fc5
"hangul_2316_20260929T103826405Z_0581d218.jpg","휭",2316,,,pending_review,"P008","S01","2026-09-29T10:38:26.4054756Z",64,64,jpeg,5c7b367099e48f200c3c060a0b938d70bc070ec50e93ec4f670a178007281fc5
"hangul_2317_20260929T103829719Z_69ca047c.jpg","휴",2317,,,pending_review,"P008","S01","2026-09-29T10:38:29.7198071Z",64,64,jpeg,5c7b367099e48f200c3c060a0b938d70bc070ec50e93ec4f670a178007281fc5
"hangul_2317_20260929T103832920Z_bac7d923.jpg","휴",2317,,,pending_review,"P008","S01","2026-09-29T10:38:32.9207035Z",64,64,jpeg,5c7b367099e48f200c3c060a0b938d70bc070ec50e93ec4f670a178007281fc5
"hangul_2318_20260929T103836625Z_4deaf28b.jpg","휵",2318,,,pending_review,"P008","S01","2026-09-29T10:38:36.6258738Z",64,64,jpeg,5c7b367099e48f200c3c060a0b938d70bc070ec50e93ec4f670a178007281fc5
"hangul_2319_20260929T103840433Z_c761c1b2.jpg","휸",2319,,,pending_review,"P008","S01","2026-09-29T10:38:40.4333591Z",64,64,jpeg,5c7b367099e48f200c3c060a0b938d70bc070ec50e93ec4f670a178007281fc5
"hangul_2319_20260929T103844134Z_0493ae9e.jpg","휸",2319,,,pending_review,"P008","S01","2026-09-29T10:38:44.1343247Z",64,64,jpeg,5c7b367099e48f200c3c060a0b938d70bc070ec50e93ec4f670a178007281fc5
"hangul_2319_20260929T103849379Z_a297502b.jpg","휸",2319,,,pending_review,"P008","S01","2026-09-29T10:38:49.3792590Z",64,64,jpeg,5c7b367099e48f200c3c060a0b938d70bc070ec50e93ec4f670a178007281fc5
"hangul_2320_20260929T103853721Z_e544e0da.jpg","휼",2320,,,pending_review,"P008","S01","2026-09-29T10:38:53.7217957Z",64,64,jpeg,5c7b367099e48f200c3c060a0b938d70bc070ec50e93ec4f670a178007281fc5
"hangul_2321_20260929T103857829Z_e60d9031.jpg","흄",2321,,,pending_review,"P008","S01","2026-09-29T10:38:57.8297068Z",64,64,jpeg,5c7b367099e48f200c3c060a0b938d70bc070ec50e93ec4f670a178007281fc5
"hangul_2322_20260929T103901905Z_a7ae0547.jpg","흇",2322,,,pending_review,"P008","S01","2026-09-29T10:39:01.9059180Z",64,64,jpeg,5c7b367099e48f200c3c060a0b938d70bc070ec50e93ec4f670a178007281fc5
"hangul_2323_20260929T103905815Z_3f679067.jpg","흉",2323,,,pending_review,"P008","S01","2026-09-29T10:39:05.8150247Z",64,64,jpeg,5c7b367099e48f200c3c060a0b938d70bc070ec50e93ec4f670a178007281fc5
"hangul_2324_20260929T103909159Z_970b3d79.jpg","흐",2324,,,pending_review,"P008","S01","2026-09-29T10:39:09.1591233Z",64,64,jpeg,5c7b367099e48f200c3c060a0b938d70bc070ec50e93ec4f670a178007281fc5
"hangul_2325_20260929T103918892Z_ab9278ba.jpg","흑",2325,,,pending_review,"P008","S01","2026-09-29T10:39:18.8927521Z",64,64,jpeg,5c7b367099e48f200c3c060a0b938d70bc070ec50e93ec4f670a178007281fc5
"hangul_2326_20260929T103922906Z_4b7729dc.jpg","흔",2326,,,pending_review,"P008","S01","2026-09-29T10:39:22.9063127Z",64,64,jpeg,5c7b367099e48f200c3c060a0b938d70bc070ec50e93ec4f670a178007281fc5
"hangul_2327_20260929T103927646Z_6bed1e55.jpg","흖",2327,,,pending_review,"P008","S01","2026-09-29T10:39:27.6461367Z",64,64,jpeg,5c7b367099e48f200c3c060a0b938d70bc070ec50e93ec4f670a178007281fc5
"hangul_2328_20260929T103931030Z_4e14758b.jpg","흗",2328,,,pending_review,"P008","S01","2026-09-29T10:39:31.0303588Z",64,64,jpeg,5c7b367099e48f200c3c060a0b938d70bc070ec50e93ec4f670a178007281fc5
"hangul_2329_20260929T103934602Z_a82c59e6.jpg","흘",2329,,,pending_review,"P008","S01","2026-09-29T10:39:34.6021337Z",64,64,jpeg,5c7b367099e48f200c3c060a0b938d70bc070ec50e93ec4f670a178007281fc5
"hangul_2330_20260929T103939331Z_10524d51.jpg","흙",2330,,,pending_review,"P008","S01","2026-09-29T10:39:39.3316215Z",64,64,jpeg,5c7b367099e48f200c3c060a0b938d70bc070ec50e93ec4f670a178007281fc5
"hangul_2331_20260929T104328623Z_84cfd56d.jpg","흠",2331,,,pending_review,"P008","S01","2026-09-29T10:43:28.6230685Z",64,64,jpeg,5c7b367099e48f200c3c060a0b938d70bc070ec50e93ec4f670a178007281fc5
"hangul_2332_20260929T104333115Z_46ee3167.jpg","흡",2332,,,pending_review,"P008","S01","2026-09-29T10:43:33.1156698Z",64,64,jpeg,5c7b367099e48f200c3c060a0b938d70bc070ec50e93ec4f670a178007281fc5
"hangul_2332_20260929T104337673Z_8fdf40f0.jpg","흡",2332,,,pending_review,"P008","S01","2026-09-29T10:43:37.6736933Z",64,64,jpeg,5c7b367099e48f200c3c060a0b938d70bc070ec50e93ec4f670a178007281fc5
"hangul_2333_20260929T104341153Z_65d29e8e.jpg","흣",2333,,,pending_review,"P008","S01","2026-09-29T10:43:41.1530564Z",64,64,jpeg,5c7b367099e48f200c3c060a0b938d70bc070ec50e93ec4f670a178007281fc5
"hangul_2334_20260929T104344566Z_26a5c3ed.jpg","흥",2334,,,pending_review,"P008","S01","2026-09-29T10:43:44.5664401Z",64,64,jpeg,5c7b367099e48f200c3c060a0b938d70bc070ec50e93ec4f670a178007281fc5
"hangul_2335_20260929T104350589Z_f74dffe0.jpg","흩",2335,,,pending_review,"P008","S01","2026-09-29T10:43:50.5899594Z",64,64,jpeg,5c7b367099e48f200c3c060a0b938d70bc070ec50e93ec4f670a178007281fc5
"hangul_2336_20260929T104354265Z_c490da50.jpg","희",2336,,,pending_review,"P008","S01","2026-09-29T10:43:54.2659465Z",64,64,jpeg,5c7b367099e48f200c3c060a0b938d70bc070ec50e93ec4f670a178007281fc5
"hangul_2337_20260929T104358012Z_fd8a539b.jpg","흰",2337,,,pending_review,"P008","S01","2026-09-29T10:43:58.0128978Z",64,64,jpeg,5c7b367099e48f200c3c060a0b938d70bc070ec50e93ec4f670a178007281fc5
"hangul_2338_20260929T104402954Z_5641b87e.jpg","흴",2338,,,pending_review,"P008","S01","2026-09-29T10:44:02.9543800Z",64,64,jpeg,5c7b367099e48f200c3c060a0b938d70bc070ec50e93ec4f670a178007281fc5
"hangul_2339_20260929T104407312Z_e30012cb.jpg","흼",2339,,,pending_review,"P008","S01","2026-09-29T10:44:07.3123362Z",64,64,jpeg,5c7b367099e48f200c3c060a0b938d70bc070ec50e93ec4f670a178007281fc5
"hangul_2340_20260929T104411459Z_25e3ea85.jpg","흽",2340,,,pending_review,"P008","S01","2026-09-29T10:44:11.4591602Z",64,64,jpeg,5c7b367099e48f200c3c060a0b938d70bc070ec50e93ec4f670a178007281fc5
"hangul_2341_20260929T104415647Z_9037a7bd.jpg","힁",2341,,,pending_review,"P008","S01","2026-09-29T10:44:15.6471615Z",64,64,jpeg,5c7b367099e48f200c3c060a0b938d70bc070ec50e93ec4f670a178007281fc5
"hangul_2342_20260929T104419077Z_30850acd.jpg","히",2342,,,pending_review,"P008","S01","2026-09-29T10:44:19.0774424Z",64,64,jpeg,5c7b367099e48f200c3c060a0b938d70bc070ec50e93ec4f670a178007281fc5
"hangul_2343_20260929T104422710Z_1d2c9ec7.jpg","힉",2343,,,pending_review,"P008","S01","2026-09-29T10:44:22.7107951Z",64,64,jpeg,5c7b367099e48f200c3c060a0b938d70bc070ec50e93ec4f670a178007281fc5
"hangul_2343_20260929T104426393Z_d21d4b1e.jpg","힉",2343,,,pending_review,"P008","S01","2026-09-29T10:44:26.3932323Z",64,64,jpeg,5c7b367099e48f200c3c060a0b938d70bc070ec50e93ec4f670a178007281fc5
"hangul_2344_20260929T104430352Z_2cbc8ea7.jpg","힌",2344,,,pending_review,"P008","S01","2026-09-29T10:44:30.3529690Z",64,64,jpeg,5c7b367099e48f200c3c060a0b938d70bc070ec50e93ec4f670a178007281fc5
"hangul_2345_20260929T104434908Z_3b41926e.jpg","힐",2345,,,pending_review,"P008","S01","2026-09-29T10:44:34.9086311Z",64,64,jpeg,5c7b367099e48f200c3c060a0b938d70bc070ec50e93ec4f670a178007281fc5
"hangul_2346_20260929T104439340Z_2cafc107.jpg","힘",2346,,,pending_review,"P008","S01","2026-09-29T10:44:39.3405051Z",64,64,jpeg,5c7b367099e48f200c3c060a0b938d70bc070ec50e93ec4f670a178007281fc5
"hangul_2347_20260929T104444675Z_e7a4ee6e.jpg","힙",2347,,,pending_review,"P008","S01","2026-09-29T10:44:44.6757765Z",64,64,jpeg,5c7b367099e48f200c3c060a0b938d70bc070ec50e93ec4f670a178007281fc5
"hangul_2348_20260929T104449378Z_85490520.jpg","힛",2348,,,pending_review,"P008","S01","2026-09-29T10:44:49.3788784Z",64,64,jpeg,5c7b367099e48f200c3c060a0b938d70bc070ec50e93ec4f670a178007281fc5
"hangul_2349_20260929T104453860Z_f7aa6da9.jpg","힝",2349,,,pending_review,"P008","S01","2026-09-29T10:44:53.8609824Z",64,64,jpeg,5c7b367099e48f200c3c060a0b938d70bc070ec50e93ec4f670a178007281fc5
"hangul_0000_20260929T104458061Z_d1d2098f.jpg","가",0,,,pending_review,"P008","S01","2026-09-29T10:44:58.0615080Z",64,64,jpeg,5c7b367099e48f200c3c060a0b938d70bc070ec50e93ec4f670a178007281fc5
"hangul_0001_20260929T104501192Z_d96cc6c5.jpg","각",1,,,pending_review,"P008","S01","2026-09-29T10:45:01.1920211Z",64,64,jpeg,5c7b367099e48f200c3c060a0b938d70bc070ec50e93ec4f670a178007281fc5
"hangul_0002_20260929T104504566Z_d3706050.jpg","간",2,,,pending_review,"P008","S01","2026-09-29T10:45:04.5662495Z",64,64,jpeg,5c7b367099e48f200c3c060a0b938d70bc070ec50e93ec4f670a178007281fc5
"hangul_0003_20260929T104508028Z_47f013e1.jpg","갇",3,,,pending_review,"P008","S01","2026-09-29T10:45:08.0284321Z",64,64,jpeg,5c7b367099e48f200c3c060a0b938d70bc070ec50e93ec4f670a178007281fc5
"hangul_0004_20260929T104511902Z_8216f7f1.jpg","갈",4,,,pending_review,"P008","S01","2026-09-29T10:45:11.9023040Z",64,64,jpeg,5c7b367099e48f200c3c060a0b938d70bc070ec50e93ec4f670a178007281fc5
"hangul_0005_20260929T104521767Z_0870159b.jpg","갉",5,,,pending_review,"P008","S01","2026-09-29T10:45:21.7673244Z",64,64,jpeg,5c7b367099e48f200c3c060a0b938d70bc070ec50e93ec4f670a178007281fc5
"hangul_0006_20260929T104526319Z_78112eaa.jpg","갊",6,,,pending_review,"P008","S01","2026-09-29T10:45:26.3191332Z",64,64,jpeg,5c7b367099e48f200c3c060a0b938d70bc070ec50e93ec4f670a178007281fc5
"hangul_0007_20260929T104529771Z_324066ae.jpg","감",7,,,pending_review,"P008","S01","2026-09-29T10:45:29.7710240Z",64,64,jpeg,5c7b367099e48f200c3c060a0b938d70bc070ec50e93ec4f670a178007281fc5
"hangul_0008_20260929T104533141Z_b1581f29.jpg","갑",8,,,pending_review,"P008","S01","2026-09-29T10:45:33.1418859Z",64,64,jpeg,5c7b367099e48f200c3c060a0b938d70bc070ec50e93ec4f670a178007281fc5
"hangul_0009_20260929T104537463Z_14d0a4e3.jpg","값",9,,,pending_review,"P008","S01","2026-09-29T10:45:37.4632885Z",64,64,jpeg,5c7b367099e48f200c3c060a0b938d70bc070ec50e93ec4f670a178007281fc5
"hangul_0010_20260929T104540829Z_157c0ea3.jpg","갓",10,,,pending_review,"P008","S01","2026-09-29T10:45:40.8291736Z",64,64,jpeg,5c7b367099e48f200c3c060a0b938d70bc070ec50e93ec4f670a178007281fc5
"hangul_0011_20260929T104544886Z_b392f986.jpg","갔",11,,,pending_review,"P008","S01","2026-09-29T10:45:44.8863111Z",64,64,jpeg,5c7b367099e48f200c3c060a0b938d70bc070ec50e93ec4f670a178007281fc5
"hangul_0012_20260929T104548383Z_9fc3f50f.jpg","강",12,,,pending_review,"P008","S01","2026-09-29T10:45:48.3838500Z",64,64,jpeg,5c7b367099e48f200c3c060a0b938d70bc070ec50e93ec4f670a178007281fc5
"hangul_0013_20260929T104552145Z_59dc8515.jpg","갖",13,,,pending_review,"P008","S01","2026-09-29T10:45:52.1458072Z",64,64,jpeg,5c7b367099e48f200c3c060a0b938d70bc070ec50e93ec4f670a178007281fc5
"hangul_0013_20260929T104556389Z_db219c2d.jpg","갖",13,,,pending_review,"P008","S01","2026-09-29T10:45:56.3891439Z",64,64,jpeg,5c7b367099e48f200c3c060a0b938d70bc070ec50e93ec4f670a178007281fc5
"hangul_0014_20260929T104600829Z_604637e9.jpg","갗",14,,,pending_review,"P008","S01","2026-09-29T10:46:00.8291635Z",64,64,jpeg,5c7b367099e48f200c3c060a0b938d70bc070ec50e93ec4f670a178007281fc5
"hangul_0015_20260929T104604321Z_81b53afa.jpg","같",15,,,pending_review,"P008","S01","2026-09-29T10:46:04.3214156Z",64,64,jpeg,5c7b367099e48f200c3c060a0b938d70bc070ec50e93ec4f670a178007281fc5
"hangul_0016_20260929T104607920Z_461b85c9.jpg","갚",16,,,pending_review,"P008","S01","2026-09-29T10:46:07.9208083Z",64,64,jpeg,5c7b367099e48f200c3c060a0b938d70bc070ec50e93ec4f670a178007281fc5
"hangul_0017_20260929T104612312Z_5d78fdc7.jpg","갛",17,,,pending_review,"P008","S01","2026-09-29T10:46:12.3125595Z",64,64,jpeg,5c7b367099e48f200c3c060a0b938d70bc070ec50e93ec4f670a178007281fc5
"hangul_0018_20260929T104615764Z_25aa1f83.jpg","개",18,,,pending_review,"P008","S01","2026-09-29T10:46:15.7643625Z",64,64,jpeg,5c7b367099e48f200c3c060a0b938d70bc070ec50e93ec4f670a178007281fc5
"hangul_0018_20260929T104643034Z_cac33095.jpg","개",18,,,pending_review,"P008","S01","2026-09-29T10:46:43.0348748Z",64,64,jpeg,5c7b367099e48f200c3c060a0b938d70bc070ec50e93ec4f670a178007281fc5
"hangul_0019_20260929T104646231Z_a200e00b.jpg","객",19,,,pending_review,"P008","S01","2026-09-29T10:46:46.2315818Z",64,64,jpeg,5c7b367099e48f200c3c060a0b938d70bc070ec50e93ec4f670a178007281fc5
"hangul_0020_20260929T104649782Z_0c1e4fe4.jpg","갠",20,,,pending_review,"P008","S01","2026-09-29T10:46:49.7829226Z",64,64,jpeg,5c7b367099e48f200c3c060a0b938d70bc070ec50e93ec4f670a178007281fc5
"hangul_0021_20260929T104718914Z_3a137889.jpg","갤",21,,,pending_review,"P008","S01","2026-09-29T10:47:18.9147910Z",64,64,jpeg,5c7b367099e48f200c3c060a0b938d70bc070ec50e93ec4f670a178007281fc5
"hangul_0022_20260929T104723744Z_4fd1525e.jpg","갬",22,,,pending_review,"P008","S01","2026-09-29T10:47:23.7444535Z",64,64,jpeg,5c7b367099e48f200c3c060a0b938d70bc070ec50e93ec4f670a178007281fc5
"hangul_0023_20260929T104728556Z_86ce1ae8.jpg","갭",23,,,pending_review,"P008","S01","2026-09-29T10:47:28.5560362Z",64,64,jpeg,5c7b367099e48f200c3c060a0b938d70bc070ec50e93ec4f670a178007281fc5
"hangul_0024_20260929T104732712Z_d3878632.jpg","갯",24,,,pending_review,"P008","S01","2026-09-29T10:47:32.7122335Z",64,64,jpeg,5c7b367099e48f200c3c060a0b938d70bc070ec50e93ec4f670a178007281fc5
"hangul_0025_20260929T104737082Z_71594377.jpg","갰",25,,,pending_review,"P008","S01","2026-09-29T10:47:37.0824490Z",64,64,jpeg,5c7b367099e48f200c3c060a0b938d70bc070ec50e93ec4f670a178007281fc5
"hangul_0026_20260929T104741764Z_bae6e90f.jpg","갱",26,,,pending_review,"P008","S01","2026-09-29T10:47:41.7646663Z",64,64,jpeg,5c7b367099e48f200c3c060a0b938d70bc070ec50e93ec4f670a178007281fc5
"hangul_0027_20260929T104745565Z_a91edacf.jpg","갸",27,,,pending_review,"P008","S01","2026-09-29T10:47:45.5658649Z",64,64,jpeg,5c7b367099e48f200c3c060a0b938d70bc070ec50e93ec4f670a178007281fc5
"hangul_0028_20260929T104750582Z_07f21bd0.jpg","갹",28,,,pending_review,"P008","S01","2026-09-29T10:47:50.5823970Z",64,64,jpeg,5c7b367099e48f200c3c060a0b938d70bc070ec50e93ec4f670a178007281fc5
"hangul_0029_20260929T104754615Z_0a1798ed.jpg","갼",29,,,pending_review,"P008","S01","2026-09-29T10:47:54.6153878Z",64,64,jpeg,5c7b367099e48f200c3c060a0b938d70bc070ec50e93ec4f670a178007281fc5
"hangul_0030_20260929T104759596Z_644f2132.jpg","걀",30,,,pending_review,"P008","S01","2026-09-29T10:47:59.5960131Z",64,64,jpeg,5c7b367099e48f200c3c060a0b938d70bc070ec50e93ec4f670a178007281fc5
"hangul_0031_20260929T104803628Z_b969e111.jpg","걋",31,,,pending_review,"P008","S01","2026-09-29T10:48:03.6287077Z",64,64,jpeg,5c7b367099e48f200c3c060a0b938d70bc070ec50e93ec4f670a178007281fc5
"hangul_0032_20260929T104807722Z_2312a95a.jpg","걍",32,,,pending_review,"P008","S01","2026-09-29T10:48:07.7222694Z",64,64,jpeg,5c7b367099e48f200c3c060a0b938d70bc070ec50e93ec4f670a178007281fc5
"hangul_0033_20260929T104811588Z_fdaaca5e.jpg","걔",33,,,pending_review,"P008","S01","2026-09-29T10:48:11.5880367Z",64,64,jpeg,5c7b367099e48f200c3c060a0b938d70bc070ec50e93ec4f670a178007281fc5
"hangul_0034_20260929T104816007Z_782cc39c.jpg","걘",34,,,pending_review,"P008","S01","2026-09-29T10:48:16.0073754Z",64,64,jpeg,5c7b367099e48f200c3c060a0b938d70bc070ec50e93ec4f670a178007281fc5
"hangul_0035_20260929T104821240Z_b99194d1.jpg","걜",35,,,pending_review,"P008","S01","2026-09-29T10:48:21.2406874Z",64,64,jpeg,5c7b367099e48f200c3c060a0b938d70bc070ec50e93ec4f670a178007281fc5
"hangul_0059_20260929T104833620Z_5bb4dbbb.jpg","겨",59,,,pending_review,"P008","S01","2026-09-29T10:48:33.6205372Z",64,64,jpeg,5c7b367099e48f200c3c060a0b938d70bc070ec50e93ec4f670a178007281fc5
"hangul_0060_20260929T104837280Z_0e03ef83.jpg","격",60,,,pending_review,"P008","S01","2026-09-29T10:48:37.2805208Z",64,64,jpeg,5c7b367099e48f200c3c060a0b938d70bc070ec50e93ec4f670a178007281fc5
"hangul_0061_20260929T104841803Z_d3ac4976.jpg","겪",61,,,pending_review,"P008","S01","2026-09-29T10:48:41.8032636Z",64,64,jpeg,5c7b367099e48f200c3c060a0b938d70bc070ec50e93ec4f670a178007281fc5
"hangul_0062_20260929T104845957Z_f6b21116.jpg","견",62,,,pending_review,"P008","S01","2026-09-29T10:48:45.9571546Z",64,64,jpeg,5c7b367099e48f200c3c060a0b938d70bc070ec50e93ec4f670a178007281fc5
"hangul_0063_20260929T104853567Z_82ac6843.jpg","겯",63,,,pending_review,"P008","S01","2026-09-29T10:48:53.5677362Z",64,64,jpeg,5c7b367099e48f200c3c060a0b938d70bc070ec50e93ec4f670a178007281fc5
"hangul_0064_20260929T104858944Z_da3441e1.jpg","결",64,,,pending_review,"P008","S01","2026-09-29T10:48:58.9441309Z",64,64,jpeg,5c7b367099e48f200c3c060a0b938d70bc070ec50e93ec4f670a178007281fc5
"hangul_0064_20260929T104905966Z_3604b87f.jpg","결",64,,,pending_review,"P008","S01","2026-09-29T10:49:05.9669094Z",64,64,jpeg,5c7b367099e48f200c3c060a0b938d70bc070ec50e93ec4f670a178007281fc5
"hangul_0065_20260929T104911191Z_dbf89681.jpg","겸",65,,,pending_review,"P008","S01","2026-09-29T10:49:11.1917716Z",64,64,jpeg,5c7b367099e48f200c3c060a0b938d70bc070ec50e93ec4f670a178007281fc5
"hangul_0066_20260929T104917633Z_ae961525.jpg","겹",66,,,pending_review,"P008","S01","2026-09-29T10:49:17.6338272Z",64,64,jpeg,5c7b367099e48f200c3c060a0b938d70bc070ec50e93ec4f670a178007281fc5
"hangul_0066_20260929T104925482Z_c89b16c8.jpg","겹",66,,,pending_review,"P008","S01","2026-09-29T10:49:25.4822137Z",64,64,jpeg,5c7b367099e48f200c3c060a0b938d70bc070ec50e93ec4f670a178007281fc5
"hangul_0067_20260929T104938336Z_352e5928.jpg","겻",67,,,pending_review,"P008","S01","2026-09-29T10:49:38.3368340Z",64,64,jpeg,5c7b367099e48f200c3c060a0b938d70bc070ec50e93ec4f670a178007281fc5
"hangul_0068_20260929T104945690Z_49f316fb.jpg","겼",68,,,pending_review,"P008","S01","2026-09-29T10:49:45.6907608Z",64,64,jpeg,5c7b367099e48f200c3c060a0b938d70bc070ec50e93ec4f670a178007281fc5
"hangul_0069_20260929T104949726Z_33b4db42.jpg","경",69,,,pending_review,"P008","S01","2026-09-29T10:49:49.7269986Z",64,64,jpeg,5c7b367099e48f200c3c060a0b938d70bc070ec50e93ec4f670a178007281fc5
"hangul_0070_20260929T104954468Z_7bfcdd93.jpg","곁",70,,,pending_review,"P008","S01","2026-09-29T10:49:54.4686839Z",64,64,jpeg,5c7b367099e48f200c3c060a0b938d70bc070ec50e93ec4f670a178007281fc5
"hangul_0071_20260929T104958357Z_17105d73.jpg","계",71,,,pending_review,"P008","S01","2026-09-29T10:49:58.3571431Z",64,64,jpeg,5c7b367099e48f200c3c060a0b938d70bc070ec50e93ec4f670a178007281fc5
"hangul_0072_20260929T105004055Z_b2d1be47.jpg","곈",72,,,pending_review,"P008","S01","2026-09-29T10:50:04.0558577Z",64,64,jpeg,5c7b367099e48f200c3c060a0b938d70bc070ec50e93ec4f670a178007281fc5
"hangul_0073_20260929T105009968Z_0fc713fd.jpg","곌",73,,,pending_review,"P008","S01","2026-09-29T10:50:09.9686524Z",64,64,jpeg,5c7b367099e48f200c3c060a0b938d70bc070ec50e93ec4f670a178007281fc5
"hangul_0074_20260929T105014757Z_350be323.jpg","곕",74,,,pending_review,"P008","S01","2026-09-29T10:50:14.7574998Z",64,64,jpeg,5c7b367099e48f200c3c060a0b938d70bc070ec50e93ec4f670a178007281fc5
"hangul_0075_20260929T105019499Z_f559a3b9.jpg","곗",75,,,pending_review,"P008","S01","2026-09-29T10:50:19.4991880Z",64,64,jpeg,5c7b367099e48f200c3c060a0b938d70bc070ec50e93ec4f670a178007281fc5
"hangul_0076_20260929T105025248Z_d8eaff33.jpg","고",76,,,pending_review,"P008","S01","2026-09-29T10:50:25.2487926Z",64,64,jpeg,5c7b367099e48f200c3c060a0b938d70bc070ec50e93ec4f670a178007281fc5
"hangul_0077_20260929T105028898Z_be7670b8.jpg","곡",77,,,pending_review,"P008","S01","2026-09-29T10:50:28.8984990Z",64,64,jpeg,5c7b367099e48f200c3c060a0b938d70bc070ec50e93ec4f670a178007281fc5
"hangul_0078_20260929T105041684Z_90fc4686.jpg","곤",78,,,pending_review,"P008","S01","2026-09-29T10:50:41.6841020Z",64,64,jpeg,5c7b367099e48f200c3c060a0b938d70bc070ec50e93ec4f670a178007281fc5
"hangul_0079_20260929T105045422Z_124347df.jpg","곧",79,,,pending_review,"P008","S01","2026-09-29T10:50:45.4222987Z",64,64,jpeg,5c7b367099e48f200c3c060a0b938d70bc070ec50e93ec4f670a178007281fc5
"hangul_0080_20260929T105051716Z_0b5a85e2.jpg","골",80,,,pending_review,"P008","S01","2026-09-29T10:50:51.7162168Z",64,64,jpeg,5c7b367099e48f200c3c060a0b938d70bc070ec50e93ec4f670a178007281fc5
"hangul_0081_20260929T105055955Z_5e934594.jpg","곪",81,,,pending_review,"P008","S01","2026-09-29T10:50:55.9557966Z",64,64,jpeg,5c7b367099e48f200c3c060a0b938d70bc070ec50e93ec4f670a178007281fc5
"hangul_0082_20260929T105059878Z_602c0527.jpg","곬",82,,,pending_review,"P008","S01","2026-09-29T10:50:59.8783395Z",64,64,jpeg,5c7b367099e48f200c3c060a0b938d70bc070ec50e93ec4f670a178007281fc5
"hangul_0083_20260929T105104396Z_d1dd8b7c.jpg","곯",83,,,pending_review,"P008","S01","2026-09-29T10:51:04.3968561Z",64,64,jpeg,5c7b367099e48f200c3c060a0b938d70bc070ec50e93ec4f670a178007281fc5
"hangul_0084_20260929T105108152Z_c88c0418.jpg","곰",84,,,pending_review,"P008","S01","2026-09-29T10:51:08.1526130Z",64,64,jpeg,5c7b367099e48f200c3c060a0b938d70bc070ec50e93ec4f670a178007281fc5
"hangul_0085_20260929T105112324Z_db31c221.jpg","곱",85,,,pending_review,"P008","S01","2026-09-29T10:51:12.3249514Z",64,64,jpeg,5c7b367099e48f200c3c060a0b938d70bc070ec50e93ec4f670a178007281fc5
"hangul_0085_20260929T105117306Z_09d8a332.jpg","곱",85,,,pending_review,"P008","S01","2026-09-29T10:51:17.3067247Z",64,64,jpeg,5c7b367099e48f200c3c060a0b938d70bc070ec50e93ec4f670a178007281fc5
"hangul_0099_20260929T105143917Z_9e8b5c76.jpg","괜",99,,,pending_review,"P008","S01","2026-09-29T10:51:43.9178800Z",64,64,jpeg,5c7b367099e48f200c3c060a0b938d70bc070ec50e93ec4f670a178007281fc5
"hangul_0100_20260929T105148444Z_517ee237.jpg","괠",100,,,pending_review,"P008","S01","2026-09-29T10:51:48.4444549Z",64,64,jpeg,5c7b367099e48f200c3c060a0b938d70bc070ec50e93ec4f670a178007281fc5
"hangul_0101_20260929T105153552Z_2ddeadd8.jpg","괩",101,,,pending_review,"P008","S01","2026-09-29T10:51:53.5520327Z",64,64,jpeg,5c7b367099e48f200c3c060a0b938d70bc070ec50e93ec4f670a178007281fc5
"hangul_0102_20260929T105201450Z_cd91ca95.jpg","괬",102,,,pending_review,"P008","S01","2026-09-29T10:52:01.4503047Z",64,64,jpeg,5c7b367099e48f200c3c060a0b938d70bc070ec50e93ec4f670a178007281fc5
"hangul_0103_20260929T105205834Z_f2feff25.jpg","괭",103,,,pending_review,"P008","S01","2026-09-29T10:52:05.8347861Z",64,64,jpeg,5c7b367099e48f200c3c060a0b938d70bc070ec50e93ec4f670a178007281fc5
"hangul_0104_20260929T105208940Z_6e7668ca.jpg","괴",104,,,pending_review,"P008","S01","2026-09-29T10:52:08.9408060Z",64,64,jpeg,5c7b367099e48f200c3c060a0b938d70bc070ec50e93ec4f670a178007281fc5
"hangul_0105_20260929T105213086Z_5509907e.jpg","괵",105,,,pending_review,"P008","S01","2026-09-29T10:52:13.0865119Z",64,64,jpeg,5c7b367099e48f200c3c060a0b938d70bc070ec50e93ec4f670a178007281fc5
"hangul_0106_20260929T105216627Z_121046dd.jpg","괸",106,,,pending_review,"P008","S01","2026-09-29T10:52:16.6274101Z",64,64,jpeg,5c7b367099e48f200c3c060a0b938d70bc070ec50e93ec4f670a178007281fc5
"hangul_0107_20260929T105221454Z_8bf1da3b.jpg","괼",107,,,pending_review,"P008","S01","2026-09-29T10:52:21.4547640Z",64,64,jpeg,5c7b367099e48f200c3c060a0b938d70bc070ec50e93ec4f670a178007281fc5
"hangul_0108_20260929T105226794Z_c8d3c5a8.jpg","굄",108,,,pending_review,"P008","S01","2026-09-29T10:52:26.7943300Z",64,64,jpeg,5c7b367099e48f200c3c060a0b938d70bc070ec50e93ec4f670a178007281fc5
"hangul_0109_20260929T105231484Z_c8acea3e.jpg","굅",109,,,pending_review,"P008","S01","2026-09-29T10:52:31.4848970Z",64,64,jpeg,5c7b367099e48f200c3c060a0b938d70bc070ec50e93ec4f670a178007281fc5
"hangul_0110_20260929T105238518Z_426719ec.jpg","굇",110,,,pending_review,"P008","S01","2026-09-29T10:52:38.5188184Z",64,64,jpeg,5c7b367099e48f200c3c060a0b938d70bc070ec50e93ec4f670a178007281fc5
"hangul_0111_20260929T105242200Z_5b83e95a.jpg","굉",111,,,pending_review,"P008","S01","2026-09-29T10:52:42.2001718Z",64,64,jpeg,5c7b367099e48f200c3c060a0b938d70bc070ec50e93ec4f670a178007281fc5
"hangul_0112_20260929T105244908Z_948a45a3.jpg","교",112,,,pending_review,"P008","S01","2026-09-29T10:52:44.9082720Z",64,64,jpeg,5c7b367099e48f200c3c060a0b938d70bc070ec50e93ec4f670a178007281fc5
"hangul_0113_20260929T105248138Z_9229f229.jpg","굔",113,,,pending_review,"P008","S01","2026-09-29T10:52:48.1381169Z",64,64,jpeg,5c7b367099e48f200c3c060a0b938d70bc070ec50e93ec4f670a178007281fc5
"hangul_0299_20260929T105257127Z_4fa3d765.jpg","남",299,,,pending_review,"P008","S01","2026-09-29T10:52:57.1277190Z",64,64,jpeg,5c7b367099e48f200c3c060a0b938d70bc070ec50e93ec4f670a178007281fc5
"hangul_0300_20260929T105300912Z_27c53a8b.jpg","납",300,,,pending_review,"P008","S01","2026-09-29T10:53:00.9125953Z",64,64,jpeg,5c7b367099e48f200c3c060a0b938d70bc070ec50e93ec4f670a178007281fc5
"hangul_0301_20260929T105304408Z_2133ffce.jpg","낫",301,,,pending_review,"P008","S01","2026-09-29T10:53:04.4089396Z",64,64,jpeg,5c7b367099e48f200c3c060a0b938d70bc070ec50e93ec4f670a178007281fc5
"hangul_0302_20260929T105308346Z_b6232f20.jpg","났",302,,,pending_review,"P008","S01","2026-09-29T10:53:08.3466213Z",64,64,jpeg,5c7b367099e48f200c3c060a0b938d70bc070ec50e93ec4f670a178007281fc5
"hangul_0303_20260929T105312084Z_fe488559.jpg","낭",303,,,pending_review,"P008","S01","2026-09-29T10:53:12.0843106Z",64,64,jpeg,5c7b367099e48f200c3c060a0b938d70bc070ec50e93ec4f670a178007281fc5
"hangul_0304_20260929T105315923Z_f281ab1b.jpg","낮",304,,,pending_review,"P008","S01","2026-09-29T10:53:15.9232489Z",64,64,jpeg,5c7b367099e48f200c3c060a0b938d70bc070ec50e93ec4f670a178007281fc5
"hangul_0305_20260929T105320422Z_446ee2d2.jpg","낯",305,,,pending_review,"P008","S01","2026-09-29T10:53:20.4223089Z",64,64,jpeg,5c7b367099e48f200c3c060a0b938d70bc070ec50e93ec4f670a178007281fc5
"hangul_0306_20260929T105325904Z_2adfcff6.jpg","낱",306,,,pending_review,"P008","S01","2026-09-29T10:53:25.9045877Z",64,64,jpeg,5c7b367099e48f200c3c060a0b938d70bc070ec50e93ec4f670a178007281fc5
"hangul_0307_20260929T105329615Z_add70f92.jpg","낳",307,,,pending_review,"P008","S01","2026-09-29T10:53:29.6157328Z",64,64,jpeg,5c7b367099e48f200c3c060a0b938d70bc070ec50e93ec4f670a178007281fc5
"hangul_0308_20260929T105332737Z_4c8f2a39.jpg","내",308,,,pending_review,"P008","S01","2026-09-29T10:53:32.7371727Z",64,64,jpeg,5c7b367099e48f200c3c060a0b938d70bc070ec50e93ec4f670a178007281fc5
"hangul_0309_20260929T105335961Z_f7152f78.jpg","낵",309,,,pending_review,"P008","S01","2026-09-29T10:53:35.9619231Z",64,64,jpeg,5c7b367099e48f200c3c060a0b938d70bc070ec50e93ec4f670a178007281fc5
"hangul_0310_20260929T105339133Z_3c7c0964.jpg","낸",310,,,pending_review,"P008","S01","2026-09-29T10:53:39.1333028Z",64,64,jpeg,5c7b367099e48f200c3c060a0b938d70bc070ec50e93ec4f670a178007281fc5
"hangul_0311_20260929T105342936Z_d76bc65b.jpg","낼",311,,,pending_review,"P008","S01","2026-09-29T10:53:42.9362445Z",64,64,jpeg,5c7b367099e48f200c3c060a0b938d70bc070ec50e93ec4f670a178007281fc5
"hangul_0312_20260929T105346639Z_f455f3ee.jpg","냄",312,,,pending_review,"P008","S01","2026-09-29T10:53:46.6396233Z",64,64,jpeg,5c7b367099e48f200c3c060a0b938d70bc070ec50e93ec4f670a178007281fc5
"hangul_0313_20260929T105350295Z_fe6e1bc7.jpg","냅",313,,,pending_review,"P008","S01","2026-09-29T10:53:50.2951415Z",64,64,jpeg,5c7b367099e48f200c3c060a0b938d70bc070ec50e93ec4f670a178007281fc5
"hangul_0314_20260929T105353296Z_71012849.jpg","냇",314,,,pending_review,"P008","S01","2026-09-29T10:53:53.2965788Z",64,64,jpeg,5c7b367099e48f200c3c060a0b938d70bc070ec50e93ec4f670a178007281fc5
"hangul_0315_20260929T105356868Z_e704fda7.jpg","냈",315,,,pending_review,"P008","S01","2026-09-29T10:53:56.8686514Z",64,64,jpeg,5c7b367099e48f200c3c060a0b938d70bc070ec50e93ec4f670a178007281fc5
"hangul_0316_20260929T105400549Z_503e310b.jpg","냉",316,,,pending_review,"P008","S01","2026-09-29T10:54:00.5491107Z",64,64,jpeg,5c7b367099e48f200c3c060a0b938d70bc070ec50e93ec4f670a178007281fc5
"hangul_0317_20260929T105406075Z_eacc063b.jpg","냐",317,,,pending_review,"P008","S01","2026-09-29T10:54:06.0757322Z",64,64,jpeg,5c7b367099e48f200c3c060a0b938d70bc070ec50e93ec4f670a178007281fc5
"hangul_0318_20260929T105409026Z_7b79a4a1.jpg","냑",318,,,pending_review,"P008","S01","2026-09-29T10:54:09.0264166Z",64,64,jpeg,5c7b367099e48f200c3c060a0b938d70bc070ec50e93ec4f670a178007281fc5
"hangul_0319_20260929T105417138Z_1dc6e029.jpg","냔",319,,,pending_review,"P008","S01","2026-09-29T10:54:17.1389881Z",64,64,jpeg,5c7b367099e48f200c3c060a0b938d70bc070ec50e93ec4f670a178007281fc5
"hangul_0349_20260929T105425356Z_811d5bf1.jpg","념",349,,,pending_review,"P008","S01","2026-09-29T10:54:25.3567830Z",64,64,jpeg,5c7b367099e48f200c3c060a0b938d70bc070ec50e93ec4f670a178007281fc5
"hangul_0369_20260929T105433132Z_98a06939.jpg","놜",369,,,pending_review,"P008","S01","2026-09-29T10:54:33.1321703Z",64,64,jpeg,5c7b367099e48f200c3c060a0b938d70bc070ec50e93ec4f670a178007281fc5
"hangul_0370_20260929T105437530Z_f3d43c57.jpg","놨",370,,,pending_review,"P008","S01","2026-09-29T10:54:37.5305288Z",64,64,jpeg,5c7b367099e48f200c3c060a0b938d70bc070ec50e93ec4f670a178007281fc5
"hangul_0399_20260929T105443865Z_2241247f.jpg","뉨",399,,,pending_review,"P008","S01","2026-09-29T10:54:43.8659868Z",64,64,jpeg,5c7b367099e48f200c3c060a0b938d70bc070ec50e93ec4f670a178007281fc5
"hangul_0400_20260929T105447472Z_a88938ef.jpg","뉩",400,,,pending_review,"P008","S01","2026-09-29T10:54:47.4720044Z",64,64,jpeg,5c7b367099e48f200c3c060a0b938d70bc070ec50e93ec4f670a178007281fc5
"hangul_0401_20260929T105451078Z_450b10af.jpg","뉴",401,,,pending_review,"P008","S01","2026-09-29T10:54:51.0784594Z",64,64,jpeg,5c7b367099e48f200c3c060a0b938d70bc070ec50e93ec4f670a178007281fc5
"hangul_0499_20260929T105457511Z_da4b0fe7.jpg","돗",499,,,pending_review,"P008","S01","2026-09-29T10:54:57.5117869Z",64,64,jpeg,5c7b367099e48f200c3c060a0b938d70bc070ec50e93ec4f670a178007281fc5
"hangul_0500_20260929T105500591Z_406cb6f6.jpg","동",500,,,pending_review,"P008","S01","2026-09-29T10:55:00.5919859Z",64,64,jpeg,5c7b367099e48f200c3c060a0b938d70bc070ec50e93ec4f670a178007281fc5
"hangul_0501_20260929T105503958Z_391dd198.jpg","돛",501,,,pending_review,"P008","S01","2026-09-29T10:55:03.9580352Z",64,64,jpeg,5c7b367099e48f200c3c060a0b938d70bc070ec50e93ec4f670a178007281fc5
"hangul_0502_20260929T105507390Z_2a4227cf.jpg","돝",502,,,pending_review,"P008","S01","2026-09-29T10:55:07.3907105Z",64,64,jpeg,5c7b367099e48f200c3c060a0b938d70bc070ec50e93ec4f670a178007281fc5
"hangul_0503_20260929T105510802Z_e4823c7f.jpg","돠",503,,,pending_review,"P008","S01","2026-09-29T10:55:10.8026900Z",64,64,jpeg,5c7b367099e48f200c3c060a0b938d70bc070ec50e93ec4f670a178007281fc5
"hangul_0504_20260929T105514782Z_e21c9129.jpg","돤",504,,,pending_review,"P008","S01","2026-09-29T10:55:14.7822983Z",64,64,jpeg,5c7b367099e48f200c3c060a0b938d70bc070ec50e93ec4f670a178007281fc5
"hangul_0505_20260929T105519145Z_b2921551.jpg","돨",505,,,pending_review,"P008","S01","2026-09-29T10:55:19.1451935Z",64,64,jpeg,5c7b367099e48f200c3c060a0b938d70bc070ec50e93ec4f670a178007281fc5
"hangul_0506_20260929T105525246Z_388f402c.jpg","돼",506,,,pending_review,"P008","S01","2026-09-29T10:55:25.2463096Z",64,64,jpeg,5c7b367099e48f200c3c060a0b938d70bc070ec50e93ec4f670a178007281fc5
"hangul_0507_20260929T105530217Z_ac6532e1.jpg","됐",507,,,pending_review,"P008","S01","2026-09-29T10:55:30.2170491Z",64,64,jpeg,5c7b367099e48f200c3c060a0b938d70bc070ec50e93ec4f670a178007281fc5
"hangul_0508_20260929T105533478Z_f20760f6.jpg","되",508,,,pending_review,"P008","S01","2026-09-29T10:55:33.4787078Z",64,64,jpeg,5c7b367099e48f200c3c060a0b938d70bc070ec50e93ec4f670a178007281fc5
"hangul_0509_20260929T105536809Z_8fb3c54f.jpg","된",509,,,pending_review,"P008","S01","2026-09-29T10:55:36.8096054Z",64,64,jpeg,5c7b367099e48f200c3c060a0b938d70bc070ec50e93ec4f670a178007281fc5
"hangul_0510_20260929T105540499Z_a9f39f2c.jpg","될",510,,,pending_review,"P008","S01","2026-09-29T10:55:40.4992911Z",64,64,jpeg,5c7b367099e48f200c3c060a0b938d70bc070ec50e93ec4f670a178007281fc5
"hangul_0511_20260929T105544143Z_589fc440.jpg","됨",511,,,pending_review,"P008","S01","2026-09-29T10:55:44.1436936Z",64,64,jpeg,5c7b367099e48f200c3c060a0b938d70bc070ec50e93ec4f670a178007281fc5
"hangul_0512_20260929T105548080Z_00de05d5.jpg","됩",512,,,pending_review,"P008","S01","2026-09-29T10:55:48.0802772Z",64,64,jpeg,5c7b367099e48f200c3c060a0b938d70bc070ec50e93ec4f670a178007281fc5
"hangul_0513_20260929T105551418Z_80719b4d.jpg","됫",513,,,pending_review,"P008","S01","2026-09-29T10:55:51.4186056Z",64,64,jpeg,5c7b367099e48f200c3c060a0b938d70bc070ec50e93ec4f670a178007281fc5
"hangul_0514_20260929T105554468Z_6bed562a.jpg","됴",514,,,pending_review,"P008","S01","2026-09-29T10:55:54.4689123Z",64,64,jpeg,5c7b367099e48f200c3c060a0b938d70bc070ec50e93ec4f670a178007281fc5
"hangul_0499_20260929T124747618Z_39b89bad.jpg","돗",499,,,pending_review,"P009","S01","2026-09-29T12:47:47.6186599Z",64,64,jpeg,5c7b367099e48f200c3c060a0b938d70bc070ec50e93ec4f670a178007281fc5
"hangul_0500_20260929T124753993Z_a142f7c9.jpg","동",500,,,pending_review,"P009","S01","2026-09-29T12:47:53.9933858Z",64,64,jpeg,5c7b367099e48f200c3c060a0b938d70bc070ec50e93ec4f670a178007281fc5
"hangul_0501_20260929T124758242Z_a92a5233.jpg","돛",501,,,pending_review,"P009","S01","2026-09-29T12:47:58.2429483Z",64,64,jpeg,5c7b367099e48f200c3c060a0b938d70bc070ec50e93ec4f670a178007281fc5
"hangul_0502_20260929T124802147Z_963045c3.jpg","돝",502,,,pending_review,"P009","S01","2026-09-29T12:48:02.1478963Z",64,64,jpeg,5c7b367099e48f200c3c060a0b938d70bc070ec50e93ec4f670a178007281fc5
"hangul_0503_20260929T124809024Z_33c1fffe.jpg","돠",503,,,pending_review,"P009","S01","2026-09-29T12:48:09.0241665Z",64,64,jpeg,5c7b367099e48f200c3c060a0b938d70bc070ec50e93ec4f670a178007281fc5
"hangul_0504_20260929T124813103Z_7613d777.jpg","돤",504,,,pending_review,"P009","S01","2026-09-29T12:48:13.1036751Z",64,64,jpeg,5c7b367099e48f200c3c060a0b938d70bc070ec50e93ec4f670a178007281fc5
"hangul_0505_20260929T124817447Z_80b79e35.jpg","돨",505,,,pending_review,"P009","S01","2026-09-29T12:48:17.4475357Z",64,64,jpeg,5c7b367099e48f200c3c060a0b938d70bc070ec50e93ec4f670a178007281fc5
"hangul_0506_20260929T124821459Z_5fe7631c.jpg","돼",506,,,pending_review,"P009","S01","2026-09-29T12:48:21.4595130Z",64,64,jpeg,5c7b367099e48f200c3c060a0b938d70bc070ec50e93ec4f670a178007281fc5
"hangul_0507_20260929T124826002Z_9c1bdc41.jpg","됐",507,,,pending_review,"P009","S01","2026-09-29T12:48:26.0023458Z",64,64,jpeg,5c7b367099e48f200c3c060a0b938d70bc070ec50e93ec4f670a178007281fc5
"hangul_0508_20260929T124829796Z_5beb9d5f.jpg","되",508,,,pending_review,"P009","S01","2026-09-29T12:48:29.7962091Z",64,64,jpeg,5c7b367099e48f200c3c060a0b938d70bc070ec50e93ec4f670a178007281fc5
"hangul_0549_20260929T124835138Z_94b5b779.jpg","디",549,,,pending_review,"P009","S01","2026-09-29T12:48:35.1380994Z",64,64,jpeg,5c7b367099e48f200c3c060a0b938d70bc070ec50e93ec4f670a178007281fc5
"hangul_0550_20260929T124838466Z_bf0ff721.jpg","딕",550,,,pending_review,"P009","S01","2026-09-29T12:48:38.4663679Z",64,64,jpeg,5c7b367099e48f200c3c060a0b938d70bc070ec50e93ec4f670a178007281fc5
"hangul_0551_20260929T124841031Z_a5729ff7.jpg","딘",551,,,pending_review,"P009","S01","2026-09-29T12:48:41.0311711Z",64,64,jpeg,5c7b367099e48f200c3c060a0b938d70bc070ec50e93ec4f670a178007281fc5
"hangul_0555_20260929T124845087Z_8aa4c6c8.jpg","딥",555,,,pending_review,"P009","S01","2026-09-29T12:48:45.0870689Z",64,64,jpeg,5c7b367099e48f200c3c060a0b938d70bc070ec50e93ec4f670a178007281fc5
"hangul_0561_20260929T124849887Z_c161d114.jpg","딱",561,,,pending_review,"P009","S01","2026-09-29T12:48:49.8877979Z",64,64,jpeg,5c7b367099e48f200c3c060a0b938d70bc070ec50e93ec4f670a178007281fc5
"hangul_0562_20260929T124854398Z_e03b7f18.jpg","딴",562,,,pending_review,"P009","S01","2026-09-29T12:48:54.3980896Z",64,64,jpeg,5c7b367099e48f200c3c060a0b938d70bc070ec50e93ec4f670a178007281fc5
"hangul_0563_20260929T124859949Z_05b37292.jpg","딸",563,,,pending_review,"P009","S01","2026-09-29T12:48:59.9496810Z",64,64,jpeg,5c7b367099e48f200c3c060a0b938d70bc070ec50e93ec4f670a178007281fc5
"hangul_0564_20260929T124904307Z_d1fbd22a.jpg","땀",564,,,pending_review,"P009","S01","2026-09-29T12:49:04.3073612Z",64,64,jpeg,5c7b367099e48f200c3c060a0b938d70bc070ec50e93ec4f670a178007281fc5
"hangul_0570_20260929T124910050Z_18369e1c.jpg","때",570,,,pending_review,"P009","S01","2026-09-29T12:49:10.0503914Z",64,64,jpeg,5c7b367099e48f200c3c060a0b938d70bc070ec50e93ec4f670a178007281fc5
"hangul_0571_20260929T124924168Z_26af351c.jpg","땍",571,,,pending_review,"P009","S01","2026-09-29T12:49:24.1689870Z",64,64,jpeg,5c7b367099e48f200c3c060a0b938d70bc070ec50e93ec4f670a178007281fc5
"hangul_0572_20260929T124931772Z_20404371.jpg","땐",572,,,pending_review,"P009","S01","2026-09-29T12:49:31.7722946Z",64,64,jpeg,5c7b367099e48f200c3c060a0b938d70bc070ec50e93ec4f670a178007281fc5
"hangul_0573_20260929T124939914Z_3a14ecf5.jpg","땔",573,,,pending_review,"P009","S01","2026-09-29T12:49:39.9142750Z",64,64,jpeg,5c7b367099e48f200c3c060a0b938d70bc070ec50e93ec4f670a178007281fc5
"hangul_0574_20260929T124944555Z_6697ed81.jpg","땜",574,,,pending_review,"P009","S01","2026-09-29T12:49:44.5558335Z",64,64,jpeg,5c7b367099e48f200c3c060a0b938d70bc070ec50e93ec4f670a178007281fc5
"hangul_0575_20260929T124949497Z_8d74d33d.jpg","땝",575,,,pending_review,"P009","S01","2026-09-29T12:49:49.4970753Z",64,64,jpeg,5c7b367099e48f200c3c060a0b938d70bc070ec50e93ec4f670a178007281fc5
"hangul_0576_20260929T124954471Z_25714083.jpg","땟",576,,,pending_review,"P009","S01","2026-09-29T12:49:54.4711497Z",64,64,jpeg,5c7b367099e48f200c3c060a0b938d70bc070ec50e93ec4f670a178007281fc5
"hangul_0577_20260929T125030854Z_77d1f18d.jpg","땠",577,,,pending_review,"P009","S01","2026-09-29T12:50:30.8540250Z",64,64,jpeg,5c7b367099e48f200c3c060a0b938d70bc070ec50e93ec4f670a178007281fc5
"hangul_0578_20260929T125035614Z_a6ff2629.jpg","땡",578,,,pending_review,"P009","S01","2026-09-29T12:50:35.6143651Z",64,64,jpeg,5c7b367099e48f200c3c060a0b938d70bc070ec50e93ec4f670a178007281fc5
"hangul_0579_20260929T125040273Z_d3a8789a.jpg","떠",579,,,pending_review,"P009","S01","2026-09-29T12:50:40.2731618Z",64,64,jpeg,5c7b367099e48f200c3c060a0b938d70bc070ec50e93ec4f670a178007281fc5
"hangul_0580_20260929T125044502Z_e2602959.jpg","떡",580,,,pending_review,"P009","S01","2026-09-29T12:50:44.5026416Z",64,64,jpeg,5c7b367099e48f200c3c060a0b938d70bc070ec50e93ec4f670a178007281fc5
"hangul_0581_20260929T125048819Z_b86122a2.jpg","떤",581,,,pending_review,"P009","S01","2026-09-29T12:50:48.8191214Z",64,64,jpeg,5c7b367099e48f200c3c060a0b938d70bc070ec50e93ec4f670a178007281fc5
"hangul_0582_20260929T125053679Z_94b1ef3e.jpg","떨",582,,,pending_review,"P009","S01","2026-09-29T12:50:53.6794948Z",64,64,jpeg,5c7b367099e48f200c3c060a0b938d70bc070ec50e93ec4f670a178007281fc5
"hangul_0583_20260929T125059543Z_588aafa9.jpg","떪",583,,,pending_review,"P009","S01","2026-09-29T12:50:59.5432729Z",64,64,jpeg,5c7b367099e48f200c3c060a0b938d70bc070ec50e93ec4f670a178007281fc5
"hangul_0599_20260929T125114248Z_5e85d438.jpg","뗑",599,,,pending_review,"P009","S01","2026-09-29T12:51:14.2481468Z",64,64,jpeg,5c7b367099e48f200c3c060a0b938d70bc070ec50e93ec4f670a178007281fc5
"hangul_0600_20260929T125118526Z_0a9a2dae.jpg","뗘",600,,,pending_review,"P009","S01","2026-09-29T12:51:18.5265154Z",64,64,jpeg,5c7b367099e48f200c3c060a0b938d70bc070ec50e93ec4f670a178007281fc5
"hangul_0601_20260929T125128667Z_b4eac1ac.jpg","뗬",601,,,pending_review,"P009","S01","2026-09-29T12:51:28.6678747Z",64,64,jpeg,5c7b367099e48f200c3c060a0b938d70bc070ec50e93ec4f670a178007281fc5
"hangul_0602_20260929T125132118Z_f196afc8.jpg","또",602,,,pending_review,"P009","S01","2026-09-29T12:51:32.1186404Z",64,64,jpeg,5c7b367099e48f200c3c060a0b938d70bc070ec50e93ec4f670a178007281fc5
"hangul_0603_20260929T125136165Z_b161c55a.jpg","똑",603,,,pending_review,"P009","S01","2026-09-29T12:51:36.1652458Z",64,64,jpeg,5c7b367099e48f200c3c060a0b938d70bc070ec50e93ec4f670a178007281fc5
"hangul_0607_20260929T125142393Z_0b20ea75.jpg","똬",607,,,pending_review,"P009","S01","2026-09-29T12:51:42.3936602Z",64,64,jpeg,5c7b367099e48f200c3c060a0b938d70bc070ec50e93ec4f670a178007281fc5
"hangul_0608_20260929T125148540Z_78598c30.jpg","똴",608,,,pending_review,"P009","S01","2026-09-29T12:51:48.5402017Z",64,64,jpeg,5c7b367099e48f200c3c060a0b938d70bc070ec50e93ec4f670a178007281fc5
"hangul_0609_20260929T125153471Z_618d39ac.jpg","뙈",609,,,pending_review,"P009","S01","2026-09-29T12:51:53.4716545Z",64,64,jpeg,5c7b367099e48f200c3c060a0b938d70bc070ec50e93ec4f670a178007281fc5
"hangul_0609_20260929T125158455Z_6f0b2ee3.jpg","뙈",609,,,pending_review,"P009","S01","2026-09-29T12:51:58.4553398Z",64,64,jpeg,5c7b367099e48f200c3c060a0b938d70bc070ec50e93ec4f670a178007281fc5
"hangul_0610_20260929T125203220Z_0501725b.jpg","뙤",610,,,pending_review,"P009","S01","2026-09-29T12:52:03.2203836Z",64,64,jpeg,5c7b367099e48f200c3c060a0b938d70bc070ec50e93ec4f670a178007281fc5
"hangul_0611_20260929T125208632Z_3de18dc3.jpg","뙨",611,,,pending_review,"P009","S01","2026-09-29T12:52:08.6329429Z",64,64,jpeg,5c7b367099e48f200c3c060a0b938d70bc070ec50e93ec4f670a178007281fc5
"hangul_0612_20260929T125212469Z_55f895ed.jpg","뚜",612,,,pending_review,"P009","S01","2026-09-29T12:52:12.4695074Z",64,64,jpeg,5c7b367099e48f200c3c060a0b938d70bc070ec50e93ec4f670a178007281fc5
"hangul_0613_20260929T125216064Z_d0ca4861.jpg","뚝",613,,,pending_review,"P009","S01","2026-09-29T12:52:16.0649446Z",64,64,jpeg,5c7b367099e48f200c3c060a0b938d70bc070ec50e93ec4f670a178007281fc5
"hangul_0621_20260929T125223318Z_eb3cd0cf.jpg","뛴",621,,,pending_review,"P009","S01","2026-09-29T12:52:23.3187086Z",64,64,jpeg,5c7b367099e48f200c3c060a0b938d70bc070ec50e93ec4f670a178007281fc5
"hangul_0622_20260929T125228526Z_976bbbb1.jpg","뛸",622,,,pending_review,"P009","S01","2026-09-29T12:52:28.5265181Z",64,64,jpeg,5c7b367099e48f200c3c060a0b938d70bc070ec50e93ec4f670a178007281fc5
"hangul_0626_20260929T125233079Z_6c25df37.jpg","뜨",626,,,pending_review,"P009","S01","2026-09-29T12:52:33.0794694Z",64,64,jpeg,5c7b367099e48f200c3c060a0b938d70bc070ec50e93ec4f670a178007281fc5
"hangul_0633_20260929T125239660Z_8e37d689.jpg","뜻",633,,,pending_review,"P009","S01","2026-09-29T12:52:39.6601102Z",64,64,jpeg,5c7b367099e48f200c3c060a0b938d70bc070ec50e93ec4f670a178007281fc5
"hangul_0637_20260929T125245973Z_53d6d9a1.jpg","띔",637,,,pending_review,"P009","S01","2026-09-29T12:52:45.9732136Z",64,64,jpeg,5c7b367099e48f200c3c060a0b938d70bc070ec50e93ec4f670a178007281fc5
"hangul_0639_20260929T125250784Z_764a513e.jpg","띠",639,,,pending_review,"P009","S01","2026-09-29T12:52:50.7849871Z",64,64,jpeg,5c7b367099e48f200c3c060a0b938d70bc070ec50e93ec4f670a178007281fc5
"hangul_0646_20260929T125256988Z_9254538f.jpg","라",646,,,pending_review,"P009","S01","2026-09-29T12:52:56.9887997Z",64,64,jpeg,5c7b367099e48f200c3c060a0b938d70bc070ec50e93ec4f670a178007281fc5
"hangul_0646_20260929T125550428Z_b2f8b5f6.jpg","라",646,,,pending_review,"P009","S01","2026-09-29T12:55:50.4286771Z",64,64,jpeg,5c7b367099e48f200c3c060a0b938d70bc070ec50e93ec4f670a178007281fc5
"hangul_0647_20260929T125553963Z_e4d25e91.jpg","락",647,,,pending_review,"P009","S01","2026-09-29T12:55:53.9637295Z",64,64,jpeg,5c7b367099e48f200c3c060a0b938d70bc070ec50e93ec4f670a178007281fc5
"hangul_0648_20260929T125557607Z_55026b7a.jpg","란",648,,,pending_review,"P009","S01","2026-09-29T12:55:57.6070435Z",64,64,jpeg,5c7b367099e48f200c3c060a0b938d70bc070ec50e93ec4f670a178007281fc5
"hangul_0669_20260929T125608244Z_bda87758.jpg","랸",669,,,pending_review,"P009","S01","2026-09-29T12:56:08.2444454Z",64,64,jpeg,5c7b367099e48f200c3c060a0b938d70bc070ec50e93ec4f670a178007281fc5
"hangul_0670_20260929T125612951Z_0c7bf1ae.jpg","럇",670,,,pending_review,"P009","S01","2026-09-29T12:56:12.9513654Z",64,64,jpeg,5c7b367099e48f200c3c060a0b938d70bc070ec50e93ec4f670a178007281fc5
"hangul_0671_20260929T125616741Z_54593431.jpg","량",671,,,pending_review,"P009","S01","2026-09-29T12:56:16.7411996Z",64,64,jpeg,5c7b367099e48f200c3c060a0b938d70bc070ec50e93ec4f670a178007281fc5
"hangul_0674_20260929T125621146Z_26bab243.jpg","런",674,,,pending_review,"P009","S01","2026-09-29T12:56:21.1469913Z",64,64,jpeg,5c7b367099e48f200c3c060a0b938d70bc070ec50e93ec4f670a178007281fc5
"hangul_0675_20260929T125624932Z_12095e6e.jpg","럴",675,,,pending_review,"P009","S01","2026-09-29T12:56:24.9327269Z",64,64,jpeg,5c7b367099e48f200c3c060a0b938d70bc070ec50e93ec4f670a178007281fc5
"hangul_0676_20260929T125655826Z_bf4ab270.jpg","럼",676,,,pending_review,"P009","S01","2026-09-29T12:56:55.8265395Z",64,64,jpeg,5c7b367099e48f200c3c060a0b938d70bc070ec50e93ec4f670a178007281fc5
"hangul_0677_20260929T125700941Z_a8a531b3.jpg","럽",677,,,pending_review,"P009","S01","2026-09-29T12:57:00.9415926Z",64,64,jpeg,5c7b367099e48f200c3c060a0b938d70bc070ec50e93ec4f670a178007281fc5
"hangul_0678_20260929T125705582Z_85e9fcb7.jpg","럿",678,,,pending_review,"P009","S01","2026-09-29T12:57:05.5822397Z",64,64,jpeg,5c7b367099e48f200c3c060a0b938d70bc070ec50e93ec4f670a178007281fc5
"hangul_0679_20260929T125711515Z_a4ddde63.jpg","렀",679,,,pending_review,"P009","S01","2026-09-29T12:57:11.5155014Z",64,64,jpeg,5c7b367099e48f200c3c060a0b938d70bc070ec50e93ec4f670a178007281fc5
"hangul_0699_20260929T125719827Z_1407468e.jpg","례",699,,,pending_review,"P009","S01","2026-09-29T12:57:19.8275602Z",64,64,jpeg,5c7b367099e48f200c3c060a0b938d70bc070ec50e93ec4f670a178007281fc5
"hangul_0704_20260929T125727346Z_05172ea4.jpg","록",704,,,pending_review,"P009","S01","2026-09-29T12:57:27.3461428Z",64,64,jpeg,5c7b367099e48f200c3c060a0b938d70bc070ec50e93ec4f670a178007281fc5
"hangul_0705_20260929T125730401Z_26282a72.jpg","론",705,,,pending_review,"P009","S01","2026-09-29T12:57:30.4015513Z",64,64,jpeg,5c7b367099e48f200c3c060a0b938d70bc070ec50e93ec4f670a178007281fc5
"hangul_0706_20260929T125734677Z_66fd948a.jpg","롤",706,,,pending_review,"P009","S01","2026-09-29T12:57:34.6779402Z",64,64,jpeg,5c7b367099e48f200c3c060a0b938d70bc070ec50e93ec4f670a178007281fc5
"hangul_0711_20260929T125740814Z_b28a383f.jpg","롸",711,,,pending_review,"P009","S01","2026-09-29T12:57:40.8141960Z",64,64,jpeg,5c7b367099e48f200c3c060a0b938d70bc070ec50e93ec4f670a178007281fc5
"hangul_0711_20260929T125804265Z_2427e713.jpg","롸",711,,,pending_review,"P009","S01","2026-09-29T12:58:04.2659159Z",64,64,jpeg,5c7b367099e48f200c3c060a0b938d70bc070ec50e93ec4f670a178007281fc5
"hangul_0712_20260929T125808777Z_b403e7b3.jpg","롼",712,,,pending_review,"P009","S01","2026-09-29T12:58:08.7772507Z",64,64,jpeg,5c7b367099e48f200c3c060a0b938d70bc070ec50e93ec4f670a178007281fc5
"hangul_0714_20260929T125816925Z_2f680113.jpg","뢨",714,,,pending_review,"P009","S01","2026-09-29T12:58:16.9250386Z",64,64,jpeg,5c7b367099e48f200c3c060a0b938d70bc070ec50e93ec4f670a178007281fc5
"hangul_0715_20260929T125820440Z_f46e0231.jpg","뢰",715,,,pending_review,"P009","S01","2026-09-29T12:58:20.4406602Z",64,64,jpeg,5c7b367099e48f200c3c060a0b938d70bc070ec50e93ec4f670a178007281fc5
"hangul_0723_20260929T125828331Z_ad5f6647.jpg","룐",723,,,pending_review,"P009","S01","2026-09-29T12:58:28.3316779Z",64,64,jpeg,5c7b367099e48f200c3c060a0b938d70bc070ec50e93ec4f670a178007281fc5
"hangul_0724_20260929T125833646Z_3123f4f9.jpg","룔",724,,,pending_review,"P009","S01","2026-09-29T12:58:33.6467491Z",64,64,jpeg,5c7b367099e48f200c3c060a0b938d70bc070ec50e93ec4f670a178007281fc5
"hangul_0728_20260929T125841911Z_cf182ecc.jpg","루",728,,,pending_review,"P009","S01","2026-09-29T12:58:41.9110348Z",64,64,jpeg,5c7b367099e48f200c3c060a0b938d70bc070ec50e93ec4f670a178007281fc5
"hangul_0729_20260929T125845517Z_fbbeb4b0.jpg","룩",729,,,pending_review,"P009","S01","2026-09-29T12:58:45.5171835Z",64,64,jpeg,5c7b367099e48f200c3c060a0b938d70bc070ec50e93ec4f670a178007281fc5
"hangul_0734_20260929T125854898Z_e5d65587.jpg","룻",734,,,pending_review,"P009","S01","2026-09-29T12:58:54.8987972Z",64,64,jpeg,5c7b367099e48f200c3c060a0b938d70bc070ec50e93ec4f670a178007281fc5
"hangul_0737_20260929T125900901Z_e8ecbb87.jpg","뤘",737,,,pending_review,"P009","S01","2026-09-29T12:59:00.9017242Z",64,64,jpeg,5c7b367099e48f200c3c060a0b938d70bc070ec50e93ec4f670a178007281fc5
"hangul_0738_20260929T125913693Z_300d6748.jpg","뤠",738,,,pending_review,"P009","S01","2026-09-29T12:59:13.6932950Z",64,64,jpeg,5c7b367099e48f200c3c060a0b938d70bc070ec50e93ec4f670a178007281fc5
"hangul_0739_20260929T125917432Z_b2584858.jpg","뤼",739,,,pending_review,"P009","S01","2026-09-29T12:59:17.4325876Z",64,64,jpeg,5c7b367099e48f200c3c060a0b938d70bc070ec50e93ec4f670a178007281fc5
"hangul_0741_20260929T125922729Z_259b8312.jpg","륀",741,,,pending_review,"P009","S01","2026-09-29T12:59:22.7298380Z",64,64,jpeg,5c7b367099e48f200c3c060a0b938d70bc070ec50e93ec4f670a178007281fc5
"hangul_0746_20260929T125928371Z_ff690bdb.jpg","류",746,,,pending_review,"P009","S01","2026-09-29T12:59:28.3713245Z",64,64,jpeg,5c7b367099e48f200c3c060a0b938d70bc070ec50e93ec4f670a178007281fc5
"hangul_0747_20260929T125932379Z_0e329ac1.jpg","륙",747,,,pending_review,"P009","S01","2026-09-29T12:59:32.3790903Z",64,64,jpeg,5c7b367099e48f200c3c060a0b938d70bc070ec50e93ec4f670a178007281fc5
"hangul_0755_20260929T125938713Z_60c40b3d.jpg","륵",755,,,pending_review,"P009","S01","2026-09-29T12:59:38.7136572Z",64,64,jpeg,5c7b367099e48f200c3c060a0b938d70bc070ec50e93ec4f670a178007281fc5
"hangul_0756_20260929T125941698Z_45794c0b.jpg","른",756,,,pending_review,"P009","S01","2026-09-29T12:59:41.6989938Z",64,64,jpeg,5c7b367099e48f200c3c060a0b938d70bc070ec50e93ec4f670a178007281fc5
"hangul_0766_20260929T125947208Z_e73e9f4c.jpg","릭",766,,,pending_review,"P009","S01","2026-09-29T12:59:47.2086102Z",64,64,jpeg,5c7b367099e48f200c3c060a0b938d70bc070ec50e93ec4f670a178007281fc5
"hangul_0768_20260929T125951646Z_250bd366.jpg","릴",768,,,pending_review,"P009","S01","2026-09-29T12:59:51.6464520Z",64,64,jpeg,5c7b367099e48f200c3c060a0b938d70bc070ec50e93ec4f670a178007281fc5
"hangul_0773_20260929T125959150Z_70d2782f.jpg","마",773,,,pending_review,"P009","S01","2026-09-29T12:59:59.1504955Z",64,64,jpeg,5c7b367099e48f200c3c060a0b938d70bc070ec50e93ec4f670a178007281fc5
"hangul_0774_20260929T130002427Z_842291e9.jpg","막",774,,,pending_review,"P009","S01","2026-09-29T13:00:02.4277273Z",64,64,jpeg,5c7b367099e48f200c3c060a0b938d70bc070ec50e93ec4f670a178007281fc5
"hangul_0775_20260929T130006834Z_fa10a1e9.jpg","만",775,,,pending_review,"P009","S01","2026-09-29T13:00:06.8349881Z",64,64,jpeg,5c7b367099e48f200c3c060a0b938d70bc070ec50e93ec4f670a178007281fc5
"hangul_0776_20260929T130012430Z_b024bc65.jpg","많",776,,,pending_review,"P009","S01","2026-09-29T13:00:12.4305957Z",64,64,jpeg,5c7b367099e48f200c3c060a0b938d70bc070ec50e93ec4f670a178007281fc5
"hangul_0777_20260929T130015881Z_4fd69211.jpg","맏",777,,,pending_review,"P009","S01","2026-09-29T13:00:15.8816512Z",64,64,jpeg,5c7b367099e48f200c3c060a0b938d70bc070ec50e93ec4f670a178007281fc5
"hangul_0778_20260929T130019641Z_42bda852.jpg","말",778,,,pending_review,"P009","S01","2026-09-29T13:00:19.6417060Z",64,64,jpeg,5c7b367099e48f200c3c060a0b938d70bc070ec50e93ec4f670a178007281fc5
"hangul_0779_20260929T130023858Z_19dff4c7.jpg","맑",779,,,pending_review,"P009","S01","2026-09-29T13:00:23.8589500Z",64,64,jpeg,5c7b367099e48f200c3c060a0b938d70bc070ec50e93ec4f670a178007281fc5
"hangul_0780_20260929T130028959Z_a73501ff.jpg","맒",780,,,pending_review,"P009","S01","2026-09-29T13:00:28.9598240Z",64,64,jpeg,5c7b367099e48f200c3c060a0b938d70bc070ec50e93ec4f670a178007281fc5
"hangul_0790_20260929T130035149Z_310997b8.jpg","맨",790,,,pending_review,"P009","S01","2026-09-29T13:00:35.1499144Z",64,64,jpeg,5c7b367099e48f200c3c060a0b938d70bc070ec50e93ec4f670a178007281fc5
"hangul_0791_20260929T130039581Z_10153f5a.jpg","맬",791,,,pending_review,"P009","S01","2026-09-29T13:00:39.5819195Z",64,64,jpeg,5c7b367099e48f200c3c060a0b938d70bc070ec50e93ec4f670a178007281fc5
"hangul_0792_20260929T130043418Z_80d1b382.jpg","맴",792,,,pending_review,"P009","S01","2026-09-29T13:00:43.4189503Z",64,64,jpeg,5c7b367099e48f200c3c060a0b938d70bc070ec50e93ec4f670a178007281fc5
"hangul_0793_20260929T130047259Z_583fcdd9.jpg","맵",793,,,pending_review,"P009","S01","2026-09-29T13:00:47.2598823Z",64,64,jpeg,5c7b367099e48f200c3c060a0b938d70bc070ec50e93ec4f670a178007281fc5
"hangul_0801_20260929T130107377Z_42066b35.jpg","먕",801,,,pending_review,"P009","S01","2026-09-29T13:01:07.3772060Z",64,64,jpeg,5c7b367099e48f200c3c060a0b938d70bc070ec50e93ec4f670a178007281fc5
"hangul_0802_20260929T130110630Z_f8d1146e.jpg","머",802,,,pending_review,"P009","S01","2026-09-29T13:01:10.6309573Z",64,64,jpeg,5c7b367099e48f200c3c060a0b938d70bc070ec50e93ec4f670a178007281fc5
"hangul_0803_20260929T130114369Z_03fe5b7f.jpg","먹",803,,,pending_review,"P009","S01","2026-09-29T13:01:14.3696440Z",64,64,jpeg,5c7b367099e48f200c3c060a0b938d70bc070ec50e93ec4f670a178007281fc5
"hangul_0804_20260929T130117354Z_058a7e9a.jpg","먼",804,,,pending_review,"P009","S01","2026-09-29T13:01:17.3543519Z",64,64,jpeg,5c7b367099e48f200c3c060a0b938d70bc070ec50e93ec4f670a178007281fc5
"hangul_0819_20260929T130126160Z_40eff2bf.jpg","멧",819,,,pending_review,"P009","S01","2026-09-29T13:01:26.1607326Z",64,64,jpeg,5c7b367099e48f200c3c060a0b938d70bc070ec50e93ec4f670a178007281fc5
"hangul_0820_20260929T130130659Z_96e19732.jpg","멨",820,,,pending_review,"P009","S01","2026-09-29T13:01:30.6599196Z",64,64,jpeg,5c7b367099e48f200c3c060a0b938d70bc070ec50e93ec4f670a178007281fc5
"hangul_0821_20260929T130134389Z_37a6492e.jpg","멩",821,,,pending_review,"P009","S01","2026-09-29T13:01:34.3890089Z",64,64,jpeg,5c7b367099e48f200c3c060a0b938d70bc070ec50e93ec4f670a178007281fc5
"hangul_0822_20260929T130137765Z_1b0729f7.jpg","며",822,,,pending_review,"P009","S01","2026-09-29T13:01:37.7654711Z",64,64,jpeg,5c7b367099e48f200c3c060a0b938d70bc070ec50e93ec4f670a178007281fc5
"hangul_0823_20260929T130141582Z_4ab82eaa.jpg","멱",823,,,pending_review,"P009","S01","2026-09-29T13:01:41.5825427Z",64,64,jpeg,5c7b367099e48f200c3c060a0b938d70bc070ec50e93ec4f670a178007281fc5
"hangul_0827_20260929T130148370Z_7ae081b8.jpg","몄",827,,,pending_review,"P009","S01","2026-09-29T13:01:48.3706951Z",64,64,jpeg,5c7b367099e48f200c3c060a0b938d70bc070ec50e93ec4f670a178007281fc5
"hangul_0828_20260929T130152207Z_ae2ea8bb.jpg","명",828,,,pending_review,"P009","S01","2026-09-29T13:01:52.2075197Z",64,64,jpeg,5c7b367099e48f200c3c060a0b938d70bc070ec50e93ec4f670a178007281fc5
"hangul_0829_20260929T130156582Z_57cdb5bd.jpg","몇",829,,,pending_review,"P009","S01","2026-09-29T13:01:56.5822565Z",64,64,jpeg,5c7b367099e48f200c3c060a0b938d70bc070ec50e93ec4f670a178007281fc5
"hangul_0830_20260929T130204139Z_b0d5bf87.jpg","몌",830,,,pending_review,"P009","S01","2026-09-29T13:02:04.1398031Z",64,64,jpeg,5c7b367099e48f200c3c060a0b938d70bc070ec50e93ec4f670a178007281fc5
"hangul_0831_20260929T130207896Z_d5245582.jpg","모",831,,,pending_review,"P009","S01","2026-09-29T13:02:07.8962259Z",64,64,jpeg,5c7b367099e48f200c3c060a0b938d70bc070ec50e93ec4f670a178007281fc5
"hangul_0832_20260929T130212629Z_7a9efcfe.jpg","목",832,,,pending_review,"P009","S01","2026-09-29T13:02:12.6295503Z",64,64,jpeg,5c7b367099e48f200c3c060a0b938d70bc070ec50e93ec4f670a178007281fc5
"hangul_0833_20260929T130220545Z_66e7f061.jpg","몫",833,,,pending_review,"P009","S01","2026-09-29T13:02:20.5455034Z",64,64,jpeg,5c7b367099e48f200c3c060a0b938d70bc070ec50e93ec4f670a178007281fc5
"hangul_0834_20260929T130225168Z_948394ce.jpg","몬",834,,,pending_review,"P009","S01","2026-09-29T13:02:25.1684261Z",64,64,jpeg,5c7b367099e48f200c3c060a0b938d70bc070ec50e93ec4f670a178007281fc5
"hangul_0835_20260929T130229044Z_0a85b75f.jpg","몰",835,,,pending_review,"P009","S01","2026-09-29T13:02:29.0443953Z",64,64,jpeg,5c7b367099e48f200c3c060a0b938d70bc070ec50e93ec4f670a178007281fc5
"hangul_0836_20260929T130233457Z_4abb7b9c.jpg","몲",836,,,pending_review,"P009","S01","2026-09-29T13:02:33.4578593Z",64,64,jpeg,5c7b367099e48f200c3c060a0b938d70bc070ec50e93ec4f670a178007281fc5
"hangul_0837_20260929T130237235Z_ebe37717.jpg","몸",837,,,pending_review,"P009","S01","2026-09-29T13:02:37.2352983Z",64,64,jpeg,5c7b367099e48f200c3c060a0b938d70bc070ec50e93ec4f670a178007281fc5
"hangul_0849_20260929T130244782Z_912a309e.jpg","묏",849,,,pending_review,"P009","S01","2026-09-29T13:02:44.7822845Z",64,64,jpeg,5c7b367099e48f200c3c060a0b938d70bc070ec50e93ec4f670a178007281fc5
"hangul_0850_20260929T130252214Z_f7ae74eb.jpg","묑",850,,,pending_review,"P009","S01","2026-09-29T13:02:52.2140272Z",64,64,jpeg,5c7b367099e48f200c3c060a0b938d70bc070ec50e93ec4f670a178007281fc5
"hangul_0851_20260929T130256108Z_62d9107f.jpg","묘",851,,,pending_review,"P009","S01","2026-09-29T13:02:56.1088423Z",64,64,jpeg,5c7b367099e48f200c3c060a0b938d70bc070ec50e93ec4f670a178007281fc5
"hangul_0852_20260929T130259841Z_22a2c5da.jpg","묜",852,,,pending_review,"P009","S01","2026-09-29T13:02:59.8412913Z",64,64,jpeg,5c7b367099e48f200c3c060a0b938d70bc070ec50e93ec4f670a178007281fc5
"hangul_0857_20260929T130307176Z_47bd29f8.jpg","묵",857,,,pending_review,"P009","S01","2026-09-29T13:03:07.1766249Z",64,64,jpeg,5c7b367099e48f200c3c060a0b938d70bc070ec50e93ec4f670a178007281fc5
"hangul_0858_20260929T130311307Z_a0dd7a4d.jpg","묶",858,,,pending_review,"P009","S01","2026-09-29T13:03:11.3073454Z",64,64,jpeg,5c7b367099e48f200c3c060a0b938d70bc070ec50e93ec4f670a178007281fc5
"hangul_0859_20260929T130316038Z_c07b1796.jpg","문",859,,,pending_review,"P009","S01","2026-09-29T13:03:16.0384705Z",64,64,jpeg,5c7b367099e48f200c3c060a0b938d70bc070ec50e93ec4f670a178007281fc5
"hangul_0860_20260929T130320449Z_41b30421.jpg","묻",860,,,pending_review,"P009","S01","2026-09-29T13:03:20.4497097Z",64,64,jpeg,5c7b367099e48f200c3c060a0b938d70bc070ec50e93ec4f670a178007281fc5
"hangul_0860_20260929T130326638Z_a15121b6.jpg","묻",860,,,pending_review,"P009","S01","2026-09-29T13:03:26.6389346Z",64,64,jpeg,5c7b367099e48f200c3c060a0b938d70bc070ec50e93ec4f670a178007281fc5
"hangul_0861_20260929T130331326Z_bdd6da18.jpg","물",861,,,pending_review,"P009","S01","2026-09-29T13:03:31.3267358Z",64,64,jpeg,5c7b367099e48f200c3c060a0b938d70bc070ec50e93ec4f670a178007281fc5
"hangul_0861_20260929T130335297Z_746a04c1.jpg","물",861,,,pending_review,"P009","S01","2026-09-29T13:03:35.2972313Z",64,64,jpeg,5c7b367099e48f200c3c060a0b938d70bc070ec50e93ec4f670a178007281fc5
"hangul_0862_20260929T130348580Z_2f56c523.jpg","묽",862,,,pending_review,"P009","S01","2026-09-29T13:03:48.5801025Z",64,64,jpeg,5c7b367099e48f200c3c060a0b938d70bc070ec50e93ec4f670a178007281fc5
"hangul_0862_20260929T130354129Z_816e04eb.jpg","묽",862,,,pending_review,"P009","S01","2026-09-29T13:03:54.1295606Z",64,64,jpeg,5c7b367099e48f200c3c060a0b938d70bc070ec50e93ec4f670a178007281fc5
"hangul_0863_20260929T130359716Z_427b0a9e.jpg","묾",863,,,pending_review,"P009","S01","2026-09-29T13:03:59.7160457Z",64,64,jpeg,5c7b367099e48f200c3c060a0b938d70bc070ec50e93ec4f670a178007281fc5
"hangul_0864_20260929T130404481Z_1dcb0cf5.jpg","뭄",864,,,pending_review,"P009","S01","2026-09-29T13:04:04.4818982Z",64,64,jpeg,5c7b367099e48f200c3c060a0b938d70bc070ec50e93ec4f670a178007281fc5
"hangul_0889_20260929T130414356Z_a300df15.jpg","미",889,,,pending_review,"P009","S01","2026-09-29T13:04:14.3565520Z",64,64,jpeg,5c7b367099e48f200c3c060a0b938d70bc070ec50e93ec4f670a178007281fc5
"hangul_0890_20260929T130418021Z_264fa4eb.jpg","믹",890,,,pending_review,"P009","S01","2026-09-29T13:04:18.0210698Z",64,64,jpeg,5c7b367099e48f200c3c060a0b938d70bc070ec50e93ec4f670a178007281fc5
"hangul_0891_20260929T130426534Z_f3e02b40.jpg","민",891,,,pending_review,"P009","S01","2026-09-29T13:04:26.5342699Z",64,64,jpeg,5c7b367099e48f200c3c060a0b938d70bc070ec50e93ec4f670a178007281fc5
"hangul_0892_20260929T130431499Z_371373a2.jpg","믿",892,,,pending_review,"P009","S01","2026-09-29T13:04:31.4998682Z",64,64,jpeg,5c7b367099e48f200c3c060a0b938d70bc070ec50e93ec4f670a178007281fc5
"hangul_0898_20260929T130438086Z_7d8f1735.jpg","밌",898,,,pending_review,"P009","S01","2026-09-29T13:04:38.0861695Z",64,64,jpeg,5c7b367099e48f200c3c060a0b938d70bc070ec50e93ec4f670a178007281fc5
"hangul_0900_20260929T130444026Z_f82850eb.jpg","및",900,,,pending_review,"P009","S01","2026-09-29T13:04:44.0268529Z",64,64,jpeg,5c7b367099e48f200c3c060a0b938d70bc070ec50e93ec4f670a178007281fc5
"hangul_0901_20260929T130448057Z_9d15d3fe.jpg","밑",901,,,pending_review,"P009","S01","2026-09-29T13:04:48.0576036Z",64,64,jpeg,5c7b367099e48f200c3c060a0b938d70bc070ec50e93ec4f670a178007281fc5
"hangul_0894_20260929T130456243Z_52856ce8.jpg","밂",894,,,pending_review,"P009","S01","2026-09-29T13:04:56.2439469Z",64,64,jpeg,5c7b367099e48f200c3c060a0b938d70bc070ec50e93ec4f670a178007281fc5
"hangul_0902_20260929T130502832Z_02600c99.jpg","바",902,,,pending_review,"P009","S01","2026-09-29T13:05:02.8320543Z",64,64,jpeg,5c7b367099e48f200c3c060a0b938d70bc070ec50e93ec4f670a178007281fc5
"hangul_0903_20260929T130506982Z_6c7a401d.jpg","박",903,,,pending_review,"P009","S01","2026-09-29T13:05:06.9824270Z",64,64,jpeg,5c7b367099e48f200c3c060a0b938d70bc070ec50e93ec4f670a178007281fc5
"hangul_0904_20260929T130511338Z_a95262a6.jpg","밖",904,,,pending_review,"P009","S01","2026-09-29T13:05:11.3387220Z",64,64,jpeg,5c7b367099e48f200c3c060a0b938d70bc070ec50e93ec4f670a178007281fc5
"hangul_0905_20260929T130515976Z_1f68a90b.jpg","밗",905,,,pending_review,"P009","S01","2026-09-29T13:05:15.9762651Z",64,64,jpeg,5c7b367099e48f200c3c060a0b938d70bc070ec50e93ec4f670a178007281fc5
"hangul_0906_20260929T130519772Z_08b612b7.jpg","반",906,,,pending_review,"P009","S01","2026-09-29T13:05:19.7729490Z",64,64,jpeg,5c7b367099e48f200c3c060a0b938d70bc070ec50e93ec4f670a178007281fc5
"hangul_0907_20260929T130524459Z_c97bfce6.jpg","받",907,,,pending_review,"P009","S01","2026-09-29T13:05:24.4591936Z",64,64,jpeg,5c7b367099e48f200c3c060a0b938d70bc070ec50e93ec4f670a178007281fc5
"hangul_0909_20260929T130535828Z_f89989fc.jpg","밝",909,,,pending_review,"P009","S01","2026-09-29T13:05:35.8286334Z",64,64,jpeg,5c7b367099e48f200c3c060a0b938d70bc070ec50e93ec4f670a178007281fc5
"hangul_0910_20260929T130542215Z_1f7f11b4.jpg","밞",910,,,pending_review,"P009","S01","2026-09-29T13:05:42.2151302Z",64,64,jpeg,5c7b367099e48f200c3c060a0b938d70bc070ec50e93ec4f670a178007281fc5
"hangul_0911_20260929T130548410Z_9a997296.jpg","밟",911,,,pending_review,"P009","S01","2026-09-29T13:05:48.4100362Z",64,64,jpeg,5c7b367099e48f200c3c060a0b938d70bc070ec50e93ec4f670a178007281fc5
"hangul_0912_20260929T130553055Z_f3cbdd8e.jpg","밤",912,,,pending_review,"P009","S01","2026-09-29T13:05:53.0557135Z",64,64,jpeg,5c7b367099e48f200c3c060a0b938d70bc070ec50e93ec4f670a178007281fc5
"hangul_0949_20260929T130615559Z_eb96e68a.jpg","벳",949,,,pending_review,"P009","S01","2026-09-29T13:06:15.5592986Z",64,64,jpeg,5c7b367099e48f200c3c060a0b938d70bc070ec50e93ec4f670a178007281fc5
"hangul_0950_20260929T130620597Z_2e6ca0e4.jpg","벴",950,,,pending_review,"P009","S01","2026-09-29T13:06:20.5979801Z",64,64,jpeg,5c7b367099e48f200c3c060a0b938d70bc070ec50e93ec4f670a178007281fc5
"hangul_0951_20260929T130633881Z_cdb1d0cf.jpg","벵",951,,,pending_review,"P009","S01","2026-09-29T13:06:33.8815237Z",64,64,jpeg,5c7b367099e48f200c3c060a0b938d70bc070ec50e93ec4f670a178007281fc5
"hangul_0952_20260929T130638750Z_f5ecb04e.jpg","벼",952,,,pending_review,"P009","S01","2026-09-29T13:06:38.7507486Z",64,64,jpeg,5c7b367099e48f200c3c060a0b938d70bc070ec50e93ec4f670a178007281fc5
"hangul_0953_20260929T130648337Z_da35f7be.jpg","벽",953,,,pending_review,"P009","S01","2026-09-29T13:06:48.3375423Z",64,64,jpeg,5c7b367099e48f200c3c060a0b938d70bc070ec50e93ec4f670a178007281fc5
"hangul_0956_20260929T130656893Z_279e2f5f.jpg","볍",956,,,pending_review,"P009","S01","2026-09-29T13:06:56.8936660Z",64,64,jpeg,5c7b367099e48f200c3c060a0b938d70bc070ec50e93ec4f670a178007281fc5
"hangul_0958_20260929T130702526Z_69061787.jpg","볐",958,,,pending_review,"P009","S01","2026-09-29T13:07:02.5260056Z",64,64,jpeg,5c7b367099e48f200c3c060a0b938d70bc070ec50e93ec4f670a178007281fc5
"hangul_0961_20260929T130707770Z_b27c6a46.jpg","볘",961,,,pending_review,"P009","S01","2026-09-29T13:07:07.7705040Z",64,64,jpeg,5c7b367099e48f200c3c060a0b938d70bc070ec50e93ec4f670a178007281fc5
"hangul_0962_20260929T130711857Z_8f05c961.jpg","볜",962,,,pending_review,"P009","S01","2026-09-29T13:07:11.8574930Z",64,64,jpeg,5c7b367099e48f200c3c060a0b938d70bc070ec50e93ec4f670a178007281fc5
"hangul_0963_20260929T130715292Z_b0c7e7d3.jpg","보",963,,,pending_review,"P009","S01","2026-09-29T13:07:15.2922778Z",64,64,jpeg,5c7b367099e48f200c3c060a0b938d70bc070ec50e93ec4f670a178007281fc5
"hangul_0964_20260929T130723378Z_95e3db05.jpg","복",964,,,pending_review,"P009","S01","2026-09-29T13:07:23.3780113Z",64,64,jpeg,5c7b367099e48f200c3c060a0b938d70bc070ec50e93ec4f670a178007281fc5
"hangul_0965_20260929T130729008Z_53f0dd9d.jpg","볶",965,,,pending_review,"P009","S01","2026-09-29T13:07:29.0089167Z",64,64,jpeg,5c7b367099e48f200c3c060a0b938d70bc070ec50e93ec4f670a178007281fc5
"hangul_0966_20260929T130737285Z_b0a7cd55.jpg","본",966,,,pending_review,"P009","S01","2026-09-29T13:07:37.2851109Z",64,64,jpeg,5c7b367099e48f200c3c060a0b938d70bc070ec50e93ec4f670a178007281fc5
"hangul_0966_20260929T130742399Z_3b9d27ae.jpg","본",966,,,pending_review,"P009","S01","2026-09-29T13:07:42.3994536Z",64,64,jpeg,5c7b367099e48f200c3c060a0b938d70bc070ec50e93ec4f670a178007281fc5
"hangul_0967_20260929T130752079Z_163370a1.jpg","볼",967,,,pending_review,"P009","S01","2026-09-29T13:07:52.0799634Z",64,64,jpeg,5c7b367099e48f200c3c060a0b938d70bc070ec50e93ec4f670a178007281fc5
"hangul_0974_20260929T130800711Z_bcb36965.jpg","봤",974,,,pending_review,"P009","S01","2026-09-29T13:08:00.7115151Z",64,64,jpeg,5c7b367099e48f200c3c060a0b938d70bc070ec50e93ec4f670a178007281fc5
"hangul_0975_20260929T130805300Z_a8ff7733.jpg","봬",975,,,pending_review,"P009","S01","2026-09-29T13:08:05.3004077Z",64,64,jpeg,5c7b367099e48f200c3c060a0b938d70bc070ec50e93ec4f670a178007281fc5
"hangul_0977_20260929T130811810Z_9a65d523.jpg","뵈",977,,,pending_review,"P009","S01","2026-09-29T13:08:11.8108300Z",64,64,jpeg,5c7b367099e48f200c3c060a0b938d70bc070ec50e93ec4f670a178007281fc5
"hangul_0978_20260929T130816380Z_bb9d8acd.jpg","뵉",978,,,pending_review,"P009","S01","2026-09-29T13:08:16.3807117Z",64,64,jpeg,5c7b367099e48f200c3c060a0b938d70bc070ec50e93ec4f670a178007281fc5
"hangul_0979_20260929T130823309Z_085c3d9f.jpg","뵌",979,,,pending_review,"P009","S01","2026-09-29T13:08:23.3090855Z",64,64,jpeg,5c7b367099e48f200c3c060a0b938d70bc070ec50e93ec4f670a178007281fc5
"hangul_0980_20260929T130828727Z_a80e093b.jpg","뵐",980,,,pending_review,"P009","S01","2026-09-29T13:08:28.7272424Z",64,64,jpeg,5c7b367099e48f200c3c060a0b938d70bc070ec50e93ec4f670a178007281fc5
"hangul_0981_20260929T130844007Z_7e0c0267.jpg","뵘",981,,,pending_review,"P009","S01","2026-09-29T13:08:44.0075968Z",64,64,jpeg,5c7b367099e48f200c3c060a0b938d70bc070ec50e93ec4f670a178007281fc5
"hangul_0983_20260929T130849112Z_fec54476.jpg","뵤",983,,,pending_review,"P009","S01","2026-09-29T13:08:49.1120339Z",64,64,jpeg,5c7b367099e48f200c3c060a0b938d70bc070ec50e93ec4f670a178007281fc5
"hangul_0984_20260929T130853065Z_d0172728.jpg","뵨",984,,,pending_review,"P009","S01","2026-09-29T13:08:53.0655724Z",64,64,jpeg,5c7b367099e48f200c3c060a0b938d70bc070ec50e93ec4f670a178007281fc5
"hangul_0985_20260929T130856680Z_18c9eca0.jpg","부",985,,,pending_review,"P009","S01","2026-09-29T13:08:56.6806006Z",64,64,jpeg,5c7b367099e48f200c3c060a0b938d70bc070ec50e93ec4f670a178007281fc5
"hangul_0986_20260929T130859975Z_ba87ecbc.jpg","북",986,,,pending_review,"P009","S01","2026-09-29T13:08:59.9753638Z",64,64,jpeg,5c7b367099e48f200c3c060a0b938d70bc070ec50e93ec4f670a178007281fc5
"hangul_0987_20260929T130908648Z_4e51c209.jpg","분",987,,,pending_review,"P009","S01","2026-09-29T13:09:08.6480667Z",64,64,jpeg,5c7b367099e48f200c3c060a0b938d70bc070ec50e93ec4f670a178007281fc5
"hangul_0990_20260929T130916415Z_827ddb70.jpg","붉",990,,,pending_review,"P009","S01","2026-09-29T13:09:16.4151931Z",64,64,jpeg,5c7b367099e48f200c3c060a0b938d70bc070ec50e93ec4f670a178007281fc5
"hangul_0991_20260929T130924187Z_6eb2417a.jpg","붊",991,,,pending_review,"P009","S01","2026-09-29T13:09:24.1871763Z",64,64,jpeg,5c7b367099e48f200c3c060a0b938d70bc070ec50e93ec4f670a178007281fc5
"hangul_0992_20260929T130928411Z_f0efd669.jpg","붐",992,,,pending_review,"P009","S01","2026-09-29T13:09:28.4110277Z",64,64,jpeg,5c7b367099e48f200c3c060a0b938d70bc070ec50e93ec4f670a178007281fc5
"hangul_0998_20260929T130935162Z_14d7224d.jpg","붜",998,,,pending_review,"P009","S01","2026-09-29T13:09:35.1623164Z",64,64,jpeg,5c7b367099e48f200c3c060a0b938d70bc070ec50e93ec4f670a178007281fc5
"hangul_0999_20260929T130939957Z_efb9de6f.jpg","붤",999,,,pending_review,"P009","S01","2026-09-29T13:09:39.9571245Z",64,64,jpeg,5c7b367099e48f200c3c060a0b938d70bc070ec50e93ec4f670a178007281fc5
"hangul_1000_20260929T130945098Z_b7b82ecc.jpg","붰",1000,,,pending_review,"P009","S01","2026-09-29T13:09:45.0983623Z",64,64,jpeg,5c7b367099e48f200c3c060a0b938d70bc070ec50e93ec4f670a178007281fc5
"hangul_1001_20260929T130949234Z_56b0f1f0.jpg","붸",1001,,,pending_review,"P009","S01","2026-09-29T13:09:49.2349290Z",64,64,jpeg,5c7b367099e48f200c3c060a0b938d70bc070ec50e93ec4f670a178007281fc5
"hangul_1001_20260929T130953070Z_d3d87f2e.jpg","붸",1001,,,pending_review,"P009","S01","2026-09-29T13:09:53.0700599Z",64,64,jpeg,5c7b367099e48f200c3c060a0b938d70bc070ec50e93ec4f670a178007281fc5
"hangul_1002_20260929T130956750Z_c0e8aa87.jpg","뷔",1002,,,pending_review,"P009","S01","2026-09-29T13:09:56.7506309Z",64,64,jpeg,5c7b367099e48f200c3c060a0b938d70bc070ec50e93ec4f670a178007281fc5
"hangul_1003_20260929T131000781Z_d5c765d8.jpg","뷕",1003,,,pending_review,"P009","S01","2026-09-29T13:10:00.7813063Z",64,64,jpeg,5c7b367099e48f200c3c060a0b938d70bc070ec50e93ec4f670a178007281fc5
"hangul_1004_20260929T131004861Z_651c6c77.jpg","뷘",1004,,,pending_review,"P009","S01","2026-09-29T13:10:04.8619515Z",64,64,jpeg,5c7b367099e48f200c3c060a0b938d70bc070ec50e93ec4f670a178007281fc5
"hangul_1006_20260929T131012801Z_424ab507.jpg","뷩",1006,,,pending_review,"P009","S01","2026-09-29T13:10:12.8011471Z",64,64,jpeg,5c7b367099e48f200c3c060a0b938d70bc070ec50e93ec4f670a178007281fc5
"hangul_1007_20260929T131016922Z_0ddbbcae.jpg","뷰",1007,,,pending_review,"P009","S01","2026-09-29T13:10:16.9229490Z",64,64,jpeg,5c7b367099e48f200c3c060a0b938d70bc070ec50e93ec4f670a178007281fc5
"hangul_1008_20260929T131022250Z_5c023acf.jpg","뷴",1008,,,pending_review,"P009","S01","2026-09-29T13:10:22.2509971Z",64,64,jpeg,5c7b367099e48f200c3c060a0b938d70bc070ec50e93ec4f670a178007281fc5
"hangul_1013_20260929T131031460Z_2c1f43af.jpg","브",1013,,,pending_review,"P009","S01","2026-09-29T13:10:31.4603639Z",64,64,jpeg,5c7b367099e48f200c3c060a0b938d70bc070ec50e93ec4f670a178007281fc5
"hangul_1019_20260929T131037992Z_c7857708.jpg","븟",1019,,,pending_review,"P009","S01","2026-09-29T13:10:37.9924081Z",64,64,jpeg,5c7b367099e48f200c3c060a0b938d70bc070ec50e93ec4f670a178007281fc5
"hangul_1020_20260929T131041069Z_7290d43f.jpg","비",1020,,,pending_review,"P009","S01","2026-09-29T13:10:41.0697850Z",64,64,jpeg,5c7b367099e48f200c3c060a0b938d70bc070ec50e93ec4f670a178007281fc5
"hangul_1023_20260929T131050709Z_dc59b069.jpg","빌",1023,,,pending_review,"P009","S01","2026-09-29T13:10:50.7090385Z",64,64,jpeg,5c7b367099e48f200c3c060a0b938d70bc070ec50e93ec4f670a178007281fc5
"hangul_1024_20260929T131058394Z_ed63fe7f.jpg","빎",1024,,,pending_review,"P009","S01","2026-09-29T13:10:58.3948596Z",64,64,jpeg,5c7b367099e48f200c3c060a0b938d70bc070ec50e93ec4f670a178007281fc5
"hangul_1026_20260929T131115811Z_787ce50b.jpg","빕",1026,,,pending_review,"P009","S01","2026-09-29T13:11:15.8110115Z",64,64,jpeg,5c7b367099e48f200c3c060a0b938d70bc070ec50e93ec4f670a178007281fc5
"hangul_1028_20260929T131120291Z_c1970040.jpg","빙",1028,,,pending_review,"P009","S01","2026-09-29T13:11:20.2912386Z",64,64,jpeg,5c7b367099e48f200c3c060a0b938d70bc070ec50e93ec4f670a178007281fc5
"hangul_1035_20260929T131130919Z_de50df3d.jpg","빪",1035,,,pending_review,"P009","S01","2026-09-29T13:11:30.9196444Z",64,64,jpeg,5c7b367099e48f200c3c060a0b938d70bc070ec50e93ec4f670a178007281fc5
"hangul_1036_20260929T131139646Z_1fb375a4.jpg","빰",1036,,,pending_review,"P009","S01","2026-09-29T13:11:39.6464832Z",64,64,jpeg,5c7b367099e48f200c3c060a0b938d70bc070ec50e93ec4f670a178007281fc5
"hangul_1038_20260929T131147248Z_55347534.jpg","빳",1038,,,pending_review,"P009","S01","2026-09-29T13:11:47.2484263Z",64,64,jpeg,5c7b367099e48f200c3c060a0b938d70bc070ec50e93ec4f670a178007281fc5
"hangul_1040_20260929T131155784Z_6249fe3a.jpg","빵",1040,,,pending_review,"P009","S01","2026-09-29T13:11:55.7846563Z",64,64,jpeg,5c7b367099e48f200c3c060a0b938d70bc070ec50e93ec4f670a178007281fc5
"hangul_1041_20260929T131201908Z_1d740478.jpg","빻",1041,,,pending_review,"P009","S01","2026-09-29T13:12:01.9081079Z",64,64,jpeg,5c7b367099e48f200c3c060a0b938d70bc070ec50e93ec4f670a178007281fc5
"hangul_1048_20260929T131210845Z_61a88f31.jpg","뺏",1048,,,pending_review,"P009","S01","2026-09-29T13:12:10.8458302Z",64,64,jpeg,5c7b367099e48f200c3c060a0b938d70bc070ec50e93ec4f670a178007281fc5
"hangul_1052_20260929T131217692Z_ef055f55.jpg","뺙",1052,,,pending_review,"P009","S01","2026-09-29T13:12:17.6928835Z",64,64,jpeg,5c7b367099e48f200c3c060a0b938d70bc070ec50e93ec4f670a178007281fc5
"hangul_1055_20260929T131224608Z_ec7525be.jpg","뻑",1055,,,pending_review,"P009","S01","2026-09-29T13:12:24.6084330Z",64,64,jpeg,5c7b367099e48f200c3c060a0b938d70bc070ec50e93ec4f670a178007281fc5
"hangul_1066_20260929T131232961Z_5726c8da.jpg","뼉",1066,,,pending_review,"P009","S01","2026-09-29T13:12:32.9611129Z",64,64,jpeg,5c7b367099e48f200c3c060a0b938d70bc070ec50e93ec4f670a178007281fc5
"hangul_1073_20260929T131240054Z_3483becd.jpg","뽁",1073,,,pending_review,"P009","S01","2026-09-29T13:12:40.0543547Z",64,64,jpeg,5c7b367099e48f200c3c060a0b938d70bc070ec50e93ec4f670a178007281fc5
"hangul_1075_20260929T131247058Z_c685edc0.jpg","뽈",1075,,,pending_review,"P009","S01","2026-09-29T13:12:47.0580314Z",64,64,jpeg,5c7b367099e48f200c3c060a0b938d70bc070ec50e93ec4f670a178007281fc5
"hangul_1079_20260929T131301541Z_dcb4002e.jpg","뾔",1079,,,pending_review,"P009","S01","2026-09-29T13:13:01.5412134Z",64,64,jpeg,5c7b367099e48f200c3c060a0b938d70bc070ec50e93ec4f670a178007281fc5
"hangul_1080_20260929T131309589Z_94f72b12.jpg","뾰",1080,,,pending_review,"P009","S01","2026-09-29T13:13:09.5890318Z",64,64,jpeg,5c7b367099e48f200c3c060a0b938d70bc070ec50e93ec4f670a178007281fc5
"hangul_1081_20260929T131320321Z_ce9830c5.jpg","뿅",1081,,,pending_review,"P009","S01","2026-09-29T13:13:20.3217547Z",64,64,jpeg,5c7b367099e48f200c3c060a0b938d70bc070ec50e93ec4f670a178007281fc5
"hangul_1082_20260929T131324703Z_182dccce.jpg","뿌",1082,,,pending_review,"P009","S01","2026-09-29T13:13:24.7036764Z",64,64,jpeg,5c7b367099e48f200c3c060a0b938d70bc070ec50e93ec4f670a178007281fc5
"hangul_1083_20260929T131329057Z_862ec72e.jpg","뿍",1083,,,pending_review,"P009","S01","2026-09-29T13:13:29.0579481Z",64,64,jpeg,5c7b367099e48f200c3c060a0b938d70bc070ec50e93ec4f670a178007281fc5
"hangul_1084_20260929T131333265Z_fcee9871.jpg","뿐",1084,,,pending_review,"P009","S01","2026-09-29T13:13:33.2658261Z",64,64,jpeg,5c7b367099e48f200c3c060a0b938d70bc070ec50e93ec4f670a178007281fc5
"hangul_1091_20260929T131341109Z_63f1ff75.jpg","쁘",1091,,,pending_review,"P009","S01","2026-09-29T13:13:41.1098465Z",64,64,jpeg,5c7b367099e48f200c3c060a0b938d70bc070ec50e93ec4f670a178007281fc5
"hangul_1093_20260929T131357062Z_4177e44b.jpg","쁠",1093,,,pending_review,"P009","S01","2026-09-29T13:13:57.0627768Z",64,64,jpeg,5c7b367099e48f200c3c060a0b938d70bc070ec50e93ec4f670a178007281fc5
"hangul_1096_20260929T131501699Z_9f81d966.jpg","삐",1096,,,pending_review,"P009","S01","2026-09-29T13:15:01.6996301Z",64,64,jpeg,5c7b367099e48f200c3c060a0b938d70bc070ec50e93ec4f670a178007281fc5
"hangul_1199_20260929T131510949Z_81592d33.jpg","쇠",1199,,,pending_review,"P009","S01","2026-09-29T13:15:10.9499733Z",64,64,jpeg,5c7b367099e48f200c3c060a0b938d70bc070ec50e93ec4f670a178007281fc5
"hangul_1202_20260929T131515690Z_c892931c.jpg","쇰",1202,,,pending_review,"P009","S01","2026-09-29T13:15:15.6905345Z",64,64,jpeg,5c7b367099e48f200c3c060a0b938d70bc070ec50e93ec4f670a178007281fc5
"hangul_1219_20260929T131522955Z_1c285bd5.jpg","숩",1219,,,pending_review,"P009","S01","2026-09-29T13:15:22.9550460Z",64,64,jpeg,5c7b367099e48f200c3c060a0b938d70bc070ec50e93ec4f670a178007281fc5
"hangul_1220_20260929T131526062Z_6821c743.jpg","숫",1220,,,pending_review,"P009","S01","2026-09-29T13:15:26.0626557Z",64,64,jpeg,5c7b367099e48f200c3c060a0b938d70bc070ec50e93ec4f670a178007281fc5
"hangul_1225_20260929T131529873Z_7a6d9f14.jpg","숴",1225,,,pending_review,"P009","S01","2026-09-29T13:15:29.8737262Z",64,64,jpeg,5c7b367099e48f200c3c060a0b938d70bc070ec50e93ec4f670a178007281fc5
"hangul_1226_20260929T131533948Z_8fd128e9.jpg","쉈",1226,,,pending_review,"P009","S01","2026-09-29T13:15:33.9489046Z",64,64,jpeg,5c7b367099e48f200c3c060a0b938d70bc070ec50e93ec4f670a178007281fc5
"hangul_1227_20260929T131537506Z_6e5c30d4.jpg","쉐",1227,,,pending_review,"P009","S01","2026-09-29T13:15:37.5064795Z",64,64,jpeg,5c7b367099e48f200c3c060a0b938d70bc070ec50e93ec4f670a178007281fc5
"hangul_1233_20260929T131542265Z_5d39856f.jpg","쉬",1233,,,pending_review,"P009","S01","2026-09-29T13:15:42.2658296Z",64,64,jpeg,5c7b367099e48f200c3c060a0b938d70bc070ec50e93ec4f670a178007281fc5
"hangul_1240_20260929T131547269Z_67cbd0a7.jpg","슁",1240,,,pending_review,"P009","S01","2026-09-29T13:15:47.2694796Z",64,64,jpeg,5c7b367099e48f200c3c060a0b938d70bc070ec50e93ec4f670a178007281fc5
