filename,target_label,target_class_id,verified_label,verified_class_id,label_status,participant_id,session_id,utc_time,width,height,format,labels_sha256
"hangul_0000_20260928T184707735Z_71063da4.jpg","가",0,,,pending_review,"P001","S01","2026-09-28T18:47:07.7352465Z",64,64,jpeg,5c7b367099e48f200c3c060a0b938d70bc070ec50e93ec4f670a178007281fc5
"hangul_0000_20260928T184716152Z_7986515b.jpg","가",0,,,pending_review,"P001","S01","2026-09-28T18:47:16.1523987Z",64,64,jpeg,5c7b367099e48f200c3c060a0b938d70bc070ec50e93ec4f670a178007281fc5
"hangul_0001_20260928T184729767Z_728a5d0b.jpg","각",1,,,pending_review,"P001","S01","2026-09-28T18:47:29.7674091Z",64,64,jpeg,5c7b367099e48f200c3c060a0b938d70bc070ec50e93ec4f670a178007281fc5
"hangul_0002_20260928T184735290Z_80ad91c2.jpg","간",2,,,pending_review,"P001","S01","2026-09-28T18:47:35.2901829Z",64,64,jpeg,5c7b367099e48f200c3c060a0b938d70bc070ec50e93ec4f670a178007281fc5
"hangul_0003_20260928T184742177Z_4e89ba06.jpg","갇",3,,,pending_review,"P001","S01","2026-09-28T18:47:42.1774136Z",64,64,jpeg,5c7b367099e48f200c3c060a0b938d70bc070ec50e93ec4f670a178007281fc5
"hangul_0004_20260928T184747127Z_634e3440.jpg","갈",4,,,pending_review,"P001","S01","2026-09-28T18:47:47.1275016Z",64,64,jpeg,5c7b367099e48f200c3c060a0b938d70bc070ec50e93ec4f670a178007281fc5
"hangul_0005_20260928T184752502Z_cfb2b64f.jpg","갉",5,,,pending_review,"P001","S01","2026-09-28T18:47:52.5026198Z",64,64,jpeg,5c7b367099e48f200c3c060a0b938d70bc070ec50e93ec4f670a178007281fc5
"hangul_0006_20260928T184757942Z_20da6844.jpg","갊",6,,,pending_review,"P001","S01","2026-09-28T18:47:57.9422495Z",64,64,jpeg,5c7b367099e48f200c3c060a0b938d70bc070ec50e93ec4f670a178007281fc5
"hangul_0007_20260928T184804370Z_1be85691.jpg","감",7,,,pending_review,"P001","S01","2026-09-28T18:48:04.3707609Z",64,64,jpeg,5c7b367099e48f200c3c060a0b938d70bc070ec50e93ec4f670a178007281fc5
"hangul_0008_20260928T184809073Z_43c151d9.jpg","갑",8,,,pending_review,"P001","S01","2026-09-28T18:48:09.0737317Z",64,64,jpeg,5c7b367099e48f200c3c060a0b938d70bc070ec50e93ec4f670a178007281fc5
"hangul_0009_20260928T184816361Z_5fcd5b7b.jpg","값",9,,,pending_review,"P001","S01","2026-09-28T18:48:16.3615313Z",64,64,jpeg,5c7b367099e48f200c3c060a0b938d70bc070ec50e93ec4f670a178007281fc5
"hangul_0010_20260928T184819921Z_c1368bce.jpg","갓",10,,,pending_review,"P001","S01","2026-09-28T18:48:19.9214539Z",64,64,jpeg,5c7b367099e48f200c3c060a0b938d70bc070ec50e93ec4f670a178007281fc5
"hangul_0011_20260928T184823927Z_8c803197.jpg","갔",11,,,pending_review,"P001","S01","2026-09-28T18:48:23.9277863Z",64,64,jpeg,5c7b367099e48f200c3c060a0b938d70bc070ec50e93ec4f670a178007281fc5
"hangul_0012_20260928T184829216Z_1b005ab2.jpg","강",12,,,pending_review,"P001","S01","2026-09-28T18:48:29.2160804Z",64,64,jpeg,5c7b367099e48f200c3c060a0b938d70bc070ec50e93ec4f670a178007281fc5
"hangul_0013_20260928T184833215Z_4a455232.jpg","갖",13,,,pending_review,"P001","S01","2026-09-28T18:48:33.2154398Z",64,64,jpeg,5c7b367099e48f200c3c060a0b938d70bc070ec50e93ec4f670a178007281fc5
"hangul_0014_20260928T184836304Z_159d4e07.jpg","갗",14,,,pending_review,"P001","S01","2026-09-28T18:48:36.3048812Z",64,64,jpeg,5c7b367099e48f200c3c060a0b938d70bc070ec50e93ec4f670a178007281fc5
"hangul_0015_20260928T184839259Z_8283dd37.jpg","같",15,,,pending_review,"P001","S01","2026-09-28T18:48:39.2593118Z",64,64,jpeg,5c7b367099e48f200c3c060a0b938d70bc070ec50e93ec4f670a178007281fc5
"hangul_0016_20260928T184842780Z_0b4f6ff8.jpg","갚",16,,,pending_review,"P001","S01","2026-09-28T18:48:42.7800812Z",64,64,jpeg,5c7b367099e48f200c3c060a0b938d70bc070ec50e93ec4f670a178007281fc5
"hangul_0017_20260928T184852609Z_66044531.jpg","갛",17,,,pending_review,"P001","S01","2026-09-28T18:48:52.6094706Z",64,64,jpeg,5c7b367099e48f200c3c060a0b938d70bc070ec50e93ec4f670a178007281fc5
"hangul_0018_20260928T184856085Z_232d140b.jpg","개",18,,,pending_review,"P001","S01","2026-09-28T18:48:56.0855493Z",64,64,jpeg,5c7b367099e48f200c3c060a0b938d70bc070ec50e93ec4f670a178007281fc5
"hangul_0019_20260928T184858932Z_7067643d.jpg","객",19,,,pending_review,"P001","S01","2026-09-28T18:48:58.9328147Z",64,64,jpeg,5c7b367099e48f200c3c060a0b938d70bc070ec50e93ec4f670a178007281fc5
"hangul_0020_20260928T184901827Z_f7302e82.jpg","갠",20,,,pending_review,"P001","S01","2026-09-28T18:49:01.8276335Z",64,64,jpeg,5c7b367099e48f200c3c060a0b938d70bc070ec50e93ec4f670a178007281fc5
"hangul_0020_20260928T184907717Z_ba730486.jpg","갠",20,,,pending_review,"P001","S01","2026-09-28T18:49:07.7176740Z",64,64,jpeg,5c7b367099e48f200c3c060a0b938d70bc070ec50e93ec4f670a178007281fc5
"hangul_0021_20260928T184911470Z_9d09b4ff.jpg","갤",21,,,pending_review,"P001","S01","2026-09-28T18:49:11.4709808Z",64,64,jpeg,5c7b367099e48f200c3c060a0b938d70bc070ec50e93ec4f670a178007281fc5
"hangul_0022_20260928T184914260Z_2726084e.jpg","갬",22,,,pending_review,"P001","S01","2026-09-28T18:49:14.2601714Z",64,64,jpeg,5c7b367099e48f200c3c060a0b938d70bc070ec50e93ec4f670a178007281fc5
"hangul_0023_20260928T184917154Z_d9dc6e02.jpg","갭",23,,,pending_review,"P001","S01","2026-09-28T18:49:17.1544660Z",64,64,jpeg,5c7b367099e48f200c3c060a0b938d70bc070ec50e93ec4f670a178007281fc5
"hangul_0023_20260928T184921036Z_a96c4ddd.jpg","갭",23,,,pending_review,"P001","S01","2026-09-28T18:49:21.0362031Z",64,64,jpeg,5c7b367099e48f200c3c060a0b938d70bc070ec50e93ec4f670a178007281fc5
"hangul_0024_20260928T184925778Z_48407311.jpg","갯",24,,,pending_review,"P001","S01","2026-09-28T18:49:25.7783800Z",64,64,jpeg,5c7b367099e48f200c3c060a0b938d70bc070ec50e93ec4f670a178007281fc5
"hangul_0025_20260928T184928501Z_599881a0.jpg","갰",25,,,pending_review,"P001","S01","2026-09-28T18:49:28.5016080Z",64,64,jpeg,5c7b367099e48f200c3c060a0b938d70bc070ec50e93ec4f670a178007281fc5
"hangul_0026_20260928T184931112Z_2d0f9283.jpg","갱",26,,,pending_review,"P001","S01","2026-09-28T18:49:31.1128232Z",64,64,jpeg,5c7b367099e48f200c3c060a0b938d70bc070ec50e93ec4f670a178007281fc5
"hangul_0027_20260928T184933421Z_8f8cf2fd.jpg","갸",27,,,pending_review,"P001","S01","2026-09-28T18:49:33.4216870Z",64,64,jpeg,5c7b367099e48f200c3c060a0b938d70bc070ec50e93ec4f670a178007281fc5
"hangul_0028_20260928T184935857Z_b79953ca.jpg","갹",28,,,pending_review,"P001","S01","2026-09-28T18:49:35.8577055Z",64,64,jpeg,5c7b367099e48f200c3c060a0b938d70bc070ec50e93ec4f670a178007281fc5
"hangul_0029_20260928T184938282Z_95e3cdac.jpg","갼",29,,,pending_review,"P001","S01","2026-09-28T18:49:38.2823686Z",64,64,jpeg,5c7b367099e48f200c3c060a0b938d70bc070ec50e93ec4f670a178007281fc5
"hangul_0030_20260928T184941063Z_6e6c33cf.jpg","걀",30,,,pending_review,"P001","S01","2026-09-28T18:49:41.0636794Z",64,64,jpeg,5c7b367099e48f200c3c060a0b938d70bc070ec50e93ec4f670a178007281fc5
"hangul_0031_20260928T184944522Z_7e28c97c.jpg","걋",31,,,pending_review,"P001","S01","2026-09-28T18:49:44.5228774Z",64,64,jpeg,5c7b367099e48f200c3c060a0b938d70bc070ec50e93ec4f670a178007281fc5
"hangul_0032_20260928T184946876Z_10439b1f.jpg","걍",32,,,pending_review,"P001","S01","2026-09-28T18:49:46.8763637Z",64,64,jpeg,5c7b367099e48f200c3c060a0b938d70bc070ec50e93ec4f670a178007281fc5
"hangul_0033_20260928T184949134Z_e6001e33.jpg","걔",33,,,pending_review,"P001","S01","2026-09-28T18:49:49.1341602Z",64,64,jpeg,5c7b367099e48f200c3c060a0b938d70bc070ec50e93ec4f670a178007281fc5
"hangul_0034_20260928T184951624Z_e23aad45.jpg","걘",34,,,pending_review,"P001","S01","2026-09-28T18:49:51.6246723Z",64,64,jpeg,5c7b367099e48f200c3c060a0b938d70bc070ec50e93ec4f670a178007281fc5
"hangul_0035_20260928T184954032Z_a3427abb.jpg","걜",35,,,pending_review,"P001","S01","2026-09-28T18:49:54.0324991Z",64,64,jpeg,5c7b367099e48f200c3c060a0b938d70bc070ec50e93ec4f670a178007281fc5
"hangul_0036_20260928T184956177Z_4e662620.jpg","거",36,,,pending_review,"P001","S01","2026-09-28T18:49:56.1774547Z",64,64,jpeg,5c7b367099e48f200c3c060a0b938d70bc070ec50e93ec4f670a178007281fc5
"hangul_0037_20260928T185000503Z_0b45b91d.jpg","걱",37,,,pending_review,"P001","S01","2026-09-28T18:50:00.5037756Z",64,64,jpeg,5c7b367099e48f200c3c060a0b938d70bc070ec50e93ec4f670a178007281fc5
"hangul_0038_20260928T185002799Z_00fc49e1.jpg","건",38,,,pending_review,"P001","S01","2026-09-28T18:50:02.7992776Z",64,64,jpeg,5c7b367099e48f200c3c060a0b938d70bc070ec50e93ec4f670a178007281fc5
"hangul_0039_20260928T185006486Z_fd2fb839.jpg","걷",39,,,pending_review,"P001","S01","2026-09-28T18:50:06.4865910Z",64,64,jpeg,5c7b367099e48f200c3c060a0b938d70bc070ec50e93ec4f670a178007281fc5
"hangul_0040_20260928T185009907Z_28113922.jpg","걸",40,,,pending_review,"P001","S01","2026-09-28T18:50:09.9077264Z",64,64,jpeg,5c7b367099e48f200c3c060a0b938d70bc070ec50e93ec4f670a178007281fc5
"hangul_0041_20260928T185016021Z_8624b43e.jpg","걺",41,,,pending_review,"P001","S01","2026-09-28T18:50:16.0218474Z",64,64,jpeg,5c7b367099e48f200c3c060a0b938d70bc070ec50e93ec4f670a178007281fc5
"hangul_0042_20260928T185019087Z_edb9dd51.jpg","검",42,,,pending_review,"P001","S01","2026-09-28T18:50:19.0879434Z",64,64,jpeg,5c7b367099e48f200c3c060a0b938d70bc070ec50e93ec4f670a178007281fc5
"hangul_0043_20260928T185024422Z_87a0d3bb.jpg","겁",43,,,pending_review,"P001","S01","2026-09-28T18:50:24.4226198Z",64,64,jpeg,5c7b367099e48f200c3c060a0b938d70bc070ec50e93ec4f670a178007281fc5
"hangul_0044_20260928T185029262Z_5d494cf6.jpg","것",44,,,pending_review,"P001","S01","2026-09-28T18:50:29.2620935Z",64,64,jpeg,5c7b367099e48f200c3c060a0b938d70bc070ec50e93ec4f670a178007281fc5
"hangul_0045_20260928T185033046Z_1de72488.jpg","겄",45,,,pending_review,"P001","S01","2026-09-28T18:50:33.0465771Z",64,64,jpeg,5c7b367099e48f200c3c060a0b938d70bc070ec50e93ec4f670a178007281fc5
"hangul_0046_20260928T185036253Z_e5cb2d8d.jpg","겅",46,,,pending_review,"P001","S01","2026-09-28T18:50:36.2530256Z",64,64,jpeg,5c7b367099e48f200c3c060a0b938d70bc070ec50e93ec4f670a178007281fc5
"hangul_0047_20260928T185039946Z_6c188488.jpg","겆",47,,,pending_review,"P001","S01","2026-09-28T18:50:39.9465038Z",64,64,jpeg,5c7b367099e48f200c3c060a0b938d70bc070ec50e93ec4f670a178007281fc5
"hangul_0048_20260928T185053484Z_6f794a6c.jpg","겉",48,,,pending_review,"P001","S01","2026-09-28T18:50:53.4843479Z",64,64,jpeg,5c7b367099e48f200c3c060a0b938d70bc070ec50e93ec4f670a178007281fc5
"hangul_0049_20260928T185121061Z_99532f64.jpg","겊",49,,,pending_review,"P001","S01","2026-09-28T18:51:21.0610674Z",64,64,jpeg,5c7b367099e48f200c3c060a0b938d70bc070ec50e93ec4f670a178007281fc5
"hangul_0050_20260928T185128620Z_cb2acbee.jpg","겋",50,,,pending_review,"P001","S01","2026-09-28T18:51:28.6200893Z",64,64,jpeg,5c7b367099e48f200c3c060a0b938d70bc070ec50e93ec4f670a178007281fc5
"hangul_0051_20260928T185135082Z_ff98c475.jpg","게",51,,,pending_review,"P001","S01","2026-09-28T18:51:35.0821901Z",64,64,jpeg,5c7b367099e48f200c3c060a0b938d70bc070ec50e93ec4f670a178007281fc5
"hangul_0052_20260928T185139008Z_d67dad04.jpg","겐",52,,,pending_review,"P001","S01","2026-09-28T18:51:39.0086565Z",64,64,jpeg,5c7b367099e48f200c3c060a0b938d70bc070ec50e93ec4f670a178007281fc5
"hangul_0053_20260928T185143476Z_0f2ab2ae.jpg","겔",53,,,pending_review,"P001","S01","2026-09-28T18:51:43.4763482Z",64,64,jpeg,5c7b367099e48f200c3c060a0b938d70bc070ec50e93ec4f670a178007281fc5
"hangul_0054_20260928T185147038Z_cfd3301f.jpg","겜",54,,,pending_review,"P001","S01","2026-09-28T18:51:47.0384619Z",64,64,jpeg,5c7b367099e48f200c3c060a0b938d70bc070ec50e93ec4f670a178007281fc5
"hangul_0055_20260928T185154526Z_c8e3ab37.jpg","겝",55,,,pending_review,"P001","S01","2026-09-28T18:51:54.5264598Z",64,64,jpeg,5c7b367099e48f200c3c060a0b938d70bc070ec50e93ec4f670a178007281fc5
"hangul_0055_20260928T185200349Z_a911a8a1.jpg","겝",55,,,pending_review,"P001","S01","2026-09-28T18:52:00.3491077Z",64,64,jpeg,5c7b367099e48f200c3c060a0b938d70bc070ec50e93ec4f670a178007281fc5
"hangul_0056_20260928T185204791Z_05c6c67c.jpg","겟",56,,,pending_review,"P001","S01","2026-09-28T18:52:04.7915829Z",64,64,jpeg,5c7b367099e48f200c3c060a0b938d70bc070ec50e93ec4f670a178007281fc5
"hangul_0057_20260928T185209521Z_484aea48.jpg","겠",57,,,pending_review,"P001","S01","2026-09-28T18:52:09.5214550Z",64,64,jpeg,5c7b367099e48f200c3c060a0b938d70bc070ec50e93ec4f670a178007281fc5
"hangul_0058_20260928T185222154Z_af729c34.jpg","겡",58,,,pending_review,"P001","S01","2026-09-28T18:52:22.1548464Z",64,64,jpeg,5c7b367099e48f200c3c060a0b938d70bc070ec50e93ec4f670a178007281fc5
"hangul_0059_20260928T185225991Z_808e3704.jpg","겨",59,,,pending_review,"P001","S01","2026-09-28T18:52:25.9914492Z",64,64,jpeg,5c7b367099e48f200c3c060a0b938d70bc070ec50e93ec4f670a178007281fc5
"hangul_0060_20260928T185229464Z_7cc02d43.jpg","격",60,,,pending_review,"P001","S01","2026-09-28T18:52:29.4646940Z",64,64,jpeg,5c7b367099e48f200c3c060a0b938d70bc070ec50e93ec4f670a178007281fc5
"hangul_0061_20260928T185233249Z_b413e46f.jpg","겪",61,,,pending_review,"P001","S01","2026-09-28T18:52:33.2494605Z",64,64,jpeg,5c7b367099e48f200c3c060a0b938d70bc070ec50e93ec4f670a178007281fc5
"hangul_0062_20260928T185237155Z_d2edded8.jpg","견",62,,,pending_review,"P001","S01","2026-09-28T18:52:37.1559487Z",64,64,jpeg,5c7b367099e48f200c3c060a0b938d70bc070ec50e93ec4f670a178007281fc5
"hangul_0063_20260928T185240717Z_ef922bd8.jpg","겯",63,,,pending_review,"P001","S01","2026-09-28T18:52:40.7175690Z",64,64,jpeg,5c7b367099e48f200c3c060a0b938d70bc070ec50e93ec4f670a178007281fc5
"hangul_0064_20260928T185244293Z_7e5d4b9a.jpg","결",64,,,pending_review,"P001","S01","2026-09-28T18:52:44.2935445Z",64,64,jpeg,5c7b367099e48f200c3c060a0b938d70bc070ec50e93ec4f670a178007281fc5
"hangul_0065_20260928T185247546Z_5bba58e9.jpg","겸",65,,,pending_review,"P001","S01","2026-09-28T18:52:47.5462837Z",64,64,jpeg,5c7b367099e48f200c3c060a0b938d70bc070ec50e93ec4f670a178007281fc5
"hangul_0066_20260928T185250930Z_bdbd0323.jpg","겹",66,,,pending_review,"P001","S01","2026-09-28T18:52:50.9304518Z",64,64,jpeg,5c7b367099e48f200c3c060a0b938d70bc070ec50e93ec4f670a178007281fc5
"hangul_0067_20260928T185254599Z_3041c157.jpg","겻",67,,,pending_review,"P001","S01","2026-09-28T18:52:54.5994263Z",64,64,jpeg,5c7b367099e48f200c3c060a0b938d70bc070ec50e93ec4f670a178007281fc5
"hangul_0068_20260928T185257827Z_91ce6dac.jpg","겼",68,,,pending_review,"P001","S01","2026-09-28T18:52:57.8279423Z",64,64,jpeg,5c7b367099e48f200c3c060a0b938d70bc070ec50e93ec4f670a178007281fc5
"hangul_0069_20260928T185300868Z_3a038b43.jpg","경",69,,,pending_review,"P001","S01","2026-09-28T18:53:00.8689843Z",64,64,jpeg,5c7b367099e48f200c3c060a0b938d70bc070ec50e93ec4f670a178007281fc5
"hangul_0070_20260928T185304656Z_efd2d959.jpg","곁",70,,,pending_review,"P001","S01","2026-09-28T18:53:04.6565795Z",64,64,jpeg,5c7b367099e48f200c3c060a0b938d70bc070ec50e93ec4f670a178007281fc5
"hangul_0071_20260928T185311569Z_6abae368.jpg","계",71,,,pending_review,"P001","S01","2026-09-28T18:53:11.5690399Z",64,64,jpeg,5c7b367099e48f200c3c060a0b938d70bc070ec50e93ec4f670a178007281fc5
"hangul_0072_20260928T185316719Z_be8caaeb.jpg","곈",72,,,pending_review,"P001","S01","2026-09-28T18:53:16.7196705Z",64,64,jpeg,5c7b367099e48f200c3c060a0b938d70bc070ec50e93ec4f670a178007281fc5
"hangul_0073_20260928T185319958Z_893c0465.jpg","곌",73,,,pending_review,"P001","S01","2026-09-28T18:53:19.9589338Z",64,64,jpeg,5c7b367099e48f200c3c060a0b938d70bc070ec50e93ec4f670a178007281fc5
"hangul_0074_20260928T185325118Z_6e2ae173.jpg","곕",74,,,pending_review,"P001","S01","2026-09-28T18:53:25.1186592Z",64,64,jpeg,5c7b367099e48f200c3c060a0b938d70bc070ec50e93ec4f670a178007281fc5
"hangul_0075_20260928T185330016Z_cd473be4.jpg","곗",75,,,pending_review,"P001","S01","2026-09-28T18:53:30.0166548Z",64,64,jpeg,5c7b367099e48f200c3c060a0b938d70bc070ec50e93ec4f670a178007281fc5
"hangul_0076_20260928T185332448Z_bd4055a5.jpg","고",76,,,pending_review,"P001","S01","2026-09-28T18:53:32.4489616Z",64,64,jpeg,5c7b367099e48f200c3c060a0b938d70bc070ec50e93ec4f670a178007281fc5
"hangul_0077_20260928T185336417Z_6747a390.jpg","곡",77,,,pending_review,"P001","S01","2026-09-28T18:53:36.4174485Z",64,64,jpeg,5c7b367099e48f200c3c060a0b938d70bc070ec50e93ec4f670a178007281fc5
"hangul_0078_20260928T185341064Z_f37d6002.jpg","곤",78,,,pending_review,"P001","S01","2026-09-28T18:53:41.0645212Z",64,64,jpeg,5c7b367099e48f200c3c060a0b938d70bc070ec50e93ec4f670a178007281fc5
"hangul_0079_20260928T185344074Z_d9f67125.jpg","곧",79,,,pending_review,"P001","S01","2026-09-28T18:53:44.0747731Z",64,64,jpeg,5c7b367099e48f200c3c060a0b938d70bc070ec50e93ec4f670a178007281fc5
"hangul_0080_20260928T185346876Z_42d10a9a.jpg","골",80,,,pending_review,"P001","S01","2026-09-28T18:53:46.8764559Z",64,64,jpeg,5c7b367099e48f200c3c060a0b938d70bc070ec50e93ec4f670a178007281fc5
"hangul_0081_20260928T185350805Z_ea6f6908.jpg","곪",81,,,pending_review,"P001","S01","2026-09-28T18:53:50.8054426Z",64,64,jpeg,5c7b367099e48f200c3c060a0b938d70bc070ec50e93ec4f670a178007281fc5
"hangul_0082_20260928T185354310Z_b1fbdd9f.jpg","곬",82,,,pending_review,"P001","S01","2026-09-28T18:53:54.3103452Z",64,64,jpeg,5c7b367099e48f200c3c060a0b938d70bc070ec50e93ec4f670a178007281fc5
"hangul_0083_20260928T185358457Z_80a5b193.jpg","곯",83,,,pending_review,"P001","S01","2026-09-28T18:53:58.4579667Z",64,64,jpeg,5c7b367099e48f200c3c060a0b938d70bc070ec50e93ec4f670a178007281fc5
"hangul_0084_20260928T185402511Z_1a34690c.jpg","곰",84,,,pending_review,"P001","S01","2026-09-28T18:54:02.5115117Z",64,64,jpeg,5c7b367099e48f200c3c060a0b938d70bc070ec50e93ec4f670a178007281fc5
"hangul_0085_20260928T185406627Z_0c72bee4.jpg","곱",85,,,pending_review,"P001","S01","2026-09-28T18:54:06.6272440Z",64,64,jpeg,5c7b367099e48f200c3c060a0b938d70bc070ec50e93ec4f670a178007281fc5
"hangul_0086_20260928T185409634Z_e6eb6ca0.jpg","곳",86,,,pending_review,"P001","S01","2026-09-28T18:54:09.6344218Z",64,64,jpeg,5c7b367099e48f200c3c060a0b938d70bc070ec50e93ec4f670a178007281fc5
"hangul_0087_20260928T185413011Z_e8cbe5f8.jpg","공",87,,,pending_review,"P001","S01","2026-09-28T18:54:13.0116987Z",64,64,jpeg,5c7b367099e48f200c3c060a0b938d70bc070ec50e93ec4f670a178007281fc5
"hangul_0088_20260928T185416085Z_fdda4064.jpg","곶",88,,,pending_review,"P001","S01","2026-09-28T18:54:16.0853516Z",64,64,jpeg,5c7b367099e48f200c3c060a0b938d70bc070ec50e93ec4f670a178007281fc5
"hangul_0089_20260928T185419836Z_ec2f1080.jpg","과",89,,,pending_review,"P001","S01","2026-09-28T18:54:19.8362684Z",64,64,jpeg,5c7b367099e48f200c3c060a0b938d70bc070ec50e93ec4f670a178007281fc5
"hangul_0090_20260928T185423414Z_907eda81.jpg","곽",90,,,pending_review,"P001","S01","2026-09-28T18:54:23.4143462Z",64,64,jpeg,5c7b367099e48f200c3c060a0b938d70bc070ec50e93ec4f670a178007281fc5
"hangul_0091_20260928T185426794Z_da38c5c4.jpg","관",91,,,pending_review,"P001","S01","2026-09-28T18:54:26.7941691Z",64,64,jpeg,5c7b367099e48f200c3c060a0b938d70bc070ec50e93ec4f670a178007281fc5
"hangul_0092_20260928T185431901Z_fdbde2be.jpg","괄",92,,,pending_review,"P001","S01","2026-09-28T18:54:31.9016303Z",64,64,jpeg,5c7b367099e48f200c3c060a0b938d70bc070ec50e93ec4f670a178007281fc5
"hangul_0092_20260928T185436957Z_4f253b15.jpg","괄",92,,,pending_review,"P001","S01","2026-09-28T18:54:36.9575427Z",64,64,jpeg,5c7b367099e48f200c3c060a0b938d70bc070ec50e93ec4f670a178007281fc5
"hangul_0093_20260928T185442733Z_d96c232e.jpg","괆",93,,,pending_review,"P001","S01","2026-09-28T18:54:42.7330348Z",64,64,jpeg,5c7b367099e48f200c3c060a0b938d70bc070ec50e93ec4f670a178007281fc5
"hangul_0093_20260928T185450456Z_d67f1100.jpg","괆",93,,,pending_review,"P001","S01","2026-09-28T18:54:50.4562532Z",64,64,jpeg,5c7b367099e48f200c3c060a0b938d70bc070ec50e93ec4f670a178007281fc5
"hangul_0094_20260928T185455714Z_edd0b701.jpg","괌",94,,,pending_review,"P001","S01","2026-09-28T18:54:55.7148151Z",64,64,jpeg,5c7b367099e48f200c3c060a0b938d70bc070ec50e93ec4f670a178007281fc5
"hangul_0095_20260928T185500272Z_b5337050.jpg","괍",95,,,pending_review,"P001","S01","2026-09-28T18:55:00.2723495Z",64,64,jpeg,5c7b367099e48f200c3c060a0b938d70bc070ec50e93ec4f670a178007281fc5
"hangul_0096_20260928T185504080Z_814f17d4.jpg","괏",96,,,pending_review,"P001","S01","2026-09-28T18:55:04.0806718Z",64,64,jpeg,5c7b367099e48f200c3c060a0b938d70bc070ec50e93ec4f670a178007281fc5
"hangul_0097_20260928T185508115Z_077fb3df.jpg","광",97,,,pending_review,"P001","S01","2026-09-28T18:55:08.1152823Z",64,64,jpeg,5c7b367099e48f200c3c060a0b938d70bc070ec50e93ec4f670a178007281fc5
"hangul_0098_20260928T185511379Z_036e5794.jpg","괘",98,,,pending_review,"P001","S01","2026-09-28T18:55:11.3793686Z",64,64,jpeg,5c7b367099e48f200c3c060a0b938d70bc070ec50e93ec4f670a178007281fc5
"hangul_0099_20260928T185514631Z_40f0e0d1.jpg","괜",99,,,pending_review,"P001","S01","2026-09-28T18:55:14.6314655Z",64,64,jpeg,5c7b367099e48f200c3c060a0b938d70bc070ec50e93ec4f670a178007281fc5
"hangul_0100_20260928T185519902Z_c89a5dd2.jpg","괠",100,,,pending_review,"P001","S01","2026-09-28T18:55:19.9027091Z",64,64,jpeg,5c7b367099e48f200c3c060a0b938d70bc070ec50e93ec4f670a178007281fc5
"hangul_0101_20260928T185524826Z_6b8e135f.jpg","괩",101,,,pending_review,"P001","S01","2026-09-28T18:55:24.8262425Z",64,64,jpeg,5c7b367099e48f200c3c060a0b938d70bc070ec50e93ec4f670a178007281fc5
"hangul_0102_20260928T185530839Z_bcb2dbba.jpg","괬",102,,,pending_review,"P001","S01","2026-09-28T18:55:30.8396520Z",64,64,jpeg,5c7b367099e48f200c3c060a0b938d70bc070ec50e93ec4f670a178007281fc5
"hangul_0103_20260928T185535108Z_dadd9248.jpg","괭",103,,,pending_review,"P001","S01","2026-09-28T18:55:35.1089032Z",64,64,jpeg,5c7b367099e48f200c3c060a0b938d70bc070ec50e93ec4f670a178007281fc5
"hangul_0104_20260928T185538228Z_7296fcfc.jpg","괴",104,,,pending_review,"P001","S01","2026-09-28T18:55:38.2284035Z",64,64,jpeg,5c7b367099e48f200c3c060a0b938d70bc070ec50e93ec4f670a178007281fc5
"hangul_0105_20260928T185542133Z_4e23e125.jpg","괵",105,,,pending_review,"P001","S01","2026-09-28T18:55:42.1330497Z",64,64,jpeg,5c7b367099e48f200c3c060a0b938d70bc070ec50e93ec4f670a178007281fc5
"hangul_0106_20260928T185544809Z_64e248ad.jpg","괸",106,,,pending_review,"P001","S01","2026-09-28T18:55:44.8099726Z",64,64,jpeg,5c7b367099e48f200c3c060a0b938d70bc070ec50e93ec4f670a178007281fc5
"hangul_0107_20260928T185547976Z_36a57d51.jpg","괼",107,,,pending_review,"P001","S01","2026-09-28T18:55:47.9762195Z",64,64,jpeg,5c7b367099e48f200c3c060a0b938d70bc070ec50e93ec4f670a178007281fc5
"hangul_0108_20260928T185550959Z_f8dc29d6.jpg","굄",108,,,pending_review,"P001","S01","2026-09-28T18:55:50.9599495Z",64,64,jpeg,5c7b367099e48f200c3c060a0b938d70bc070ec50e93ec4f670a178007281fc5
"hangul_0109_20260928T185555814Z_862fe1ca.jpg","굅",109,,,pending_review,"P001","S01","2026-09-28T18:55:55.8142192Z",64,64,jpeg,5c7b367099e48f200c3c060a0b938d70bc070ec50e93ec4f670a178007281fc5
"hangul_0110_20260928T185559264Z_53238f92.jpg","굇",110,,,pending_review,"P001","S01","2026-09-28T18:55:59.2640311Z",64,64,jpeg,5c7b367099e48f200c3c060a0b938d70bc070ec50e93ec4f670a178007281fc5
"hangul_0111_20260928T185603147Z_c870678a.jpg","굉",111,,,pending_review,"P001","S01","2026-09-28T18:56:03.1476518Z",64,64,jpeg,5c7b367099e48f200c3c060a0b938d70bc070ec50e93ec4f670a178007281fc5
"hangul_0112_20260928T185606372Z_c16eddd4.jpg","교",112,,,pending_review,"P001","S01","2026-09-28T18:56:06.3727384Z",64,64,jpeg,5c7b367099e48f200c3c060a0b938d70bc070ec50e93ec4f670a178007281fc5
"hangul_0113_20260928T185609891Z_b765d6e7.jpg","굔",113,,,pending_review,"P001","S01","2026-09-28T18:56:09.8917274Z",64,64,jpeg,5c7b367099e48f200c3c060a0b938d70bc070ec50e93ec4f670a178007281fc5
"hangul_0114_20260928T185614967Z_67bb0143.jpg","굘",114,,,pending_review,"P001","S01","2026-09-28T18:56:14.9677360Z",64,64,jpeg,5c7b367099e48f200c3c060a0b938d70bc070ec50e93ec4f670a178007281fc5
"hangul_0115_20260928T185623620Z_11e6981b.jpg","굡",115,,,pending_review,"P001","S01","2026-09-28T18:56:23.6207483Z",64,64,jpeg,5c7b367099e48f200c3c060a0b938d70bc070ec50e93ec4f670a178007281fc5
"hangul_0116_20260928T185627522Z_dc529c16.jpg","굣",116,,,pending_review,"P001","S01","2026-09-28T18:56:27.5221907Z",64,64,jpeg,5c7b367099e48f200c3c060a0b938d70bc070ec50e93ec4f670a178007281fc5
"hangul_0117_20260928T185630646Z_c18b422a.jpg","구",117,,,pending_review,"P001","S01","2026-09-28T18:56:30.6467063Z",64,64,jpeg,5c7b367099e48f200c3c060a0b938d70bc070ec50e93ec4f670a178007281fc5
"hangul_0118_20260928T185634294Z_70a95bec.jpg","국",118,,,pending_review,"P001","S01","2026-09-28T18:56:34.2944592Z",64,64,jpeg,5c7b367099e48f200c3c060a0b938d70bc070ec50e93ec4f670a178007281fc5
"hangul_0119_20260928T185637087Z_8976b97c.jpg","군",119,,,pending_review,"P001","S01","2026-09-28T18:56:37.0878125Z",64,64,jpeg,5c7b367099e48f200c3c060a0b938d70bc070ec50e93ec4f670a178007281fc5
"hangul_0120_20260928T185640372Z_262bc827.jpg","굳",120,,,pending_review,"P001","S01","2026-09-28T18:56:40.3728400Z",64,64,jpeg,5c7b367099e48f200c3c060a0b938d70bc070ec50e93ec4f670a178007281fc5
"hangul_0121_20260928T185642954Z_4dd8b578.jpg","굴",121,,,pending_review,"P001","S01","2026-09-28T18:56:42.9549045Z",64,64,jpeg,5c7b367099e48f200c3c060a0b938d70bc070ec50e93ec4f670a178007281fc5
"hangul_0122_20260928T185647151Z_250c1ef1.jpg","굵",122,,,pending_review,"P001","S01","2026-09-28T18:56:47.1519902Z",64,64,jpeg,5c7b367099e48f200c3c060a0b938d70bc070ec50e93ec4f670a178007281fc5
"hangul_0123_20260928T185651705Z_0106ca0c.jpg","굶",123,,,pending_review,"P001","S01","2026-09-28T18:56:51.7057362Z",64,64,jpeg,5c7b367099e48f200c3c060a0b938d70bc070ec50e93ec4f670a178007281fc5
"hangul_0124_20260928T185659673Z_2002454e.jpg","굻",124,,,pending_review,"P001","S01","2026-09-28T18:56:59.6736911Z",64,64,jpeg,5c7b367099e48f200c3c060a0b938d70bc070ec50e93ec4f670a178007281fc5
"hangul_0125_20260928T185703237Z_515f18b4.jpg","굼",125,,,pending_review,"P001","S01","2026-09-28T18:57:03.2375620Z",64,64,jpeg,5c7b367099e48f200c3c060a0b938d70bc070ec50e93ec4f670a178007281fc5
"hangul_0126_20260928T185707276Z_bb296493.jpg","굽",126,,,pending_review,"P001","S01","2026-09-28T18:57:07.2766457Z",64,64,jpeg,5c7b367099e48f200c3c060a0b938d70bc070ec50e93ec4f670a178007281fc5
"hangul_0127_20260928T185710116Z_c21dceb1.jpg","굿",127,,,pending_review,"P001","S01","2026-09-28T18:57:10.1165275Z",64,64,jpeg,5c7b367099e48f200c3c060a0b938d70bc070ec50e93ec4f670a178007281fc5
"hangul_0128_20260928T185713958Z_c558ef53.jpg","궁",128,,,pending_review,"P001","S01","2026-09-28T18:57:13.9588261Z",64,64,jpeg,5c7b367099e48f200c3c060a0b938d70bc070ec50e93ec4f670a178007281fc5
"hangul_0129_20260928T185718367Z_9c3730e8.jpg","궂",129,,,pending_review,"P001","S01","2026-09-28T18:57:18.3677582Z",64,64,jpeg,5c7b367099e48f200c3c060a0b938d70bc070ec50e93ec4f670a178007281fc5
"hangul_0130_20260928T185721297Z_d3e6429c.jpg","궈",130,,,pending_review,"P001","S01","2026-09-28T18:57:21.2976554Z",64,64,jpeg,5c7b367099e48f200c3c060a0b938d70bc070ec50e93ec4f670a178007281fc5
"hangul_0131_20260928T185725158Z_6c50c722.jpg","궉",131,,,pending_review,"P001","S01","2026-09-28T18:57:25.1582191Z",64,64,jpeg,5c7b367099e48f200c3c060a0b938d70bc070ec50e93ec4f670a178007281fc5
"hangul_0132_20260928T185730361Z_d5b524ec.jpg","권",132,,,pending_review,"P001","S01","2026-09-28T18:57:30.3619050Z",64,64,jpeg,5c7b367099e48f200c3c060a0b938d70bc070ec50e93ec4f670a178007281fc5
"hangul_0133_20260928T185735353Z_4c0a00e1.jpg","궐",133,,,pending_review,"P001","S01","2026-09-28T18:57:35.3539629Z",64,64,jpeg,5c7b367099e48f200c3c060a0b938d70bc070ec50e93ec4f670a178007281fc5
"hangul_0134_20260928T185739322Z_e91478ce.jpg","궜",134,,,pending_review,"P001","S01","2026-09-28T18:57:39.3222508Z",64,64,jpeg,5c7b367099e48f200c3c060a0b938d70bc070ec50e93ec4f670a178007281fc5
"hangul_0135_20260928T185742935Z_0c83cc06.jpg","궝",135,,,pending_review,"P001","S01","2026-09-28T18:57:42.9358603Z",64,64,jpeg,5c7b367099e48f200c3c060a0b938d70bc070ec50e93ec4f670a178007281fc5
"hangul_0136_20260928T185747073Z_a7ee70df.jpg","궤",136,,,pending_review,"P001","S01","2026-09-28T18:57:47.0730923Z",64,64,jpeg,5c7b367099e48f200c3c060a0b938d70bc070ec50e93ec4f670a178007281fc5
"hangul_0137_20260928T185751388Z_d9d0c003.jpg","궷",137,,,pending_review,"P001","S01","2026-09-28T18:57:51.3886425Z",64,64,jpeg,5c7b367099e48f200c3c060a0b938d70bc070ec50e93ec4f670a178007281fc5
"hangul_0138_20260928T185754788Z_790d0f4f.jpg","귀",138,,,pending_review,"P001","S01","2026-09-28T18:57:54.7886712Z",64,64,jpeg,5c7b367099e48f200c3c060a0b938d70bc070ec50e93ec4f670a178007281fc5
"hangul_0139_20260928T185806841Z_a06e3cc8.jpg","귁",139,,,pending_review,"P001","S01","2026-09-28T18:58:06.8411645Z",64,64,jpeg,5c7b367099e48f200c3c060a0b938d70bc070ec50e93ec4f670a178007281fc5
"hangul_0140_20260928T185811543Z_45ba946c.jpg","귄",140,,,pending_review,"P001","S01","2026-09-28T18:58:11.5437895Z",64,64,jpeg,5c7b367099e48f200c3c060a0b938d70bc070ec50e93ec4f670a178007281fc5
"hangul_0141_20260928T185830161Z_37c2da53.jpg","귈",141,,,pending_review,"P001","S01","2026-09-28T18:58:30.1613790Z",64,64,jpeg,5c7b367099e48f200c3c060a0b938d70bc070ec50e93ec4f670a178007281fc5
"hangul_0142_20260928T185835616Z_decf8b50.jpg","귐",142,,,pending_review,"P001","S01","2026-09-28T18:58:35.6160819Z",64,64,jpeg,5c7b367099e48f200c3c060a0b938d70bc070ec50e93ec4f670a178007281fc5
"hangul_0143_20260928T185844938Z_aa4e132c.jpg","귑",143,,,pending_review,"P001","S01","2026-09-28T18:58:44.9386706Z",64,64,jpeg,5c7b367099e48f200c3c060a0b938d70bc070ec50e93ec4f670a178007281fc5
"hangul_0143_20260928T185901420Z_1eeb1d36.jpg","귑",143,,,pending_review,"P001","S01","2026-09-28T18:59:01.4202074Z",64,64,jpeg,5c7b367099e48f200c3c060a0b938d70bc070ec50e93ec4f670a178007281fc5
"hangul_0144_20260928T185911776Z_f82a3080.jpg","귓",144,,,pending_review,"P001","S01","2026-09-28T18:59:11.7767437Z",64,64,jpeg,5c7b367099e48f200c3c060a0b938d70bc070ec50e93ec4f670a178007281fc5
"hangul_0145_20260928T185916318Z_f95e7acb.jpg","규",145,,,pending_review,"P001","S01","2026-09-28T18:59:16.3188659Z",64,64,jpeg,5c7b367099e48f200c3c060a0b938d70bc070ec50e93ec4f670a178007281fc5
"hangul_0146_20260928T185920287Z_a0659e94.jpg","균",146,,,pending_review,"P001","S01","2026-09-28T18:59:20.2878908Z",64,64,jpeg,5c7b367099e48f200c3c060a0b938d70bc070ec50e93ec4f670a178007281fc5
"hangul_0147_20260928T185926090Z_d95b2912.jpg","귤",147,,,pending_review,"P001","S01","2026-09-28T18:59:26.0904076Z",64,64,jpeg,5c7b367099e48f200c3c060a0b938d70bc070ec50e93ec4f670a178007281fc5
"hangul_0148_20260928T185928758Z_54149bdb.jpg","그",148,,,pending_review,"P001","S01","2026-09-28T18:59:28.7589933Z",64,64,jpeg,5c7b367099e48f200c3c060a0b938d70bc070ec50e93ec4f670a178007281fc5
"hangul_0149_20260928T185933328Z_e22952d0.jpg","극",149,,,pending_review,"P001","S01","2026-09-28T18:59:33.3282336Z",64,64,jpeg,5c7b367099e48f200c3c060a0b938d70bc070ec50e93ec4f670a178007281fc5
"hangul_0150_20260928T185936472Z_a0abbc3e.jpg","근",150,,,pending_review,"P001","S01","2026-09-28T18:59:36.4723420Z",64,64,jpeg,5c7b367099e48f200c3c060a0b938d70bc070ec50e93ec4f670a178007281fc5
"hangul_0151_20260928T185939812Z_0c2b7043.jpg","귿",151,,,pending_review,"P001","S01","2026-09-28T18:59:39.8126076Z",64,64,jpeg,5c7b367099e48f200c3c060a0b938d70bc070ec50e93ec4f670a178007281fc5
"hangul_0152_20260928T185944566Z_94210162.jpg","글",152,,,pending_review,"P001","S01","2026-09-28T18:59:44.5661845Z",64,64,jpeg,5c7b367099e48f200c3c060a0b938d70bc070ec50e93ec4f670a178007281fc5
"hangul_0153_20260928T185948502Z_8b143696.jpg","긁",153,,,pending_review,"P001","S01","2026-09-28T18:59:48.5020773Z",64,64,jpeg,5c7b367099e48f200c3c060a0b938d70bc070ec50e93ec4f670a178007281fc5
"hangul_0154_20260928T185952268Z_a949ecec.jpg","금",154,,,pending_review,"P001","S01","2026-09-28T18:59:52.2689849Z",64,64,jpeg,5c7b367099e48f200c3c060a0b938d70bc070ec50e93ec4f670a178007281fc5
"hangul_0155_20260928T185955474Z_397f6f2f.jpg","급",155,,,pending_review,"P001","S01","2026-09-28T18:59:55.4744984Z",64,64,jpeg,5c7b367099e48f200c3c060a0b938d70bc070ec50e93ec4f670a178007281fc5
"hangul_0156_20260928T185958477Z_3d04981a.jpg","긋",156,,,pending_review,"P001","S01","2026-09-28T18:59:58.4777207Z",64,64,jpeg,5c7b367099e48f200c3c060a0b938d70bc070ec50e93ec4f670a178007281fc5
"hangul_0157_20260928T190002025Z_c234624b.jpg","긍",157,,,pending_review,"P001","S01","2026-09-28T19:00:02.0252117Z",64,64,jpeg,5c7b367099e48f200c3c060a0b938d70bc070ec50e93ec4f670a178007281fc5
"hangul_0158_20260928T190004771Z_52ed6a02.jpg","긔",158,,,pending_review,"P001","S01","2026-09-28T19:00:04.7711017Z",64,64,jpeg,5c7b367099e48f200c3c060a0b938d70bc070ec50e93ec4f670a178007281fc5
"hangul_0159_20260928T190007141Z_ed8621b8.jpg","기",159,,,pending_review,"P001","S01","2026-09-28T19:00:07.1418754Z",64,64,jpeg,5c7b367099e48f200c3c060a0b938d70bc070ec50e93ec4f670a178007281fc5
"hangul_0160_20260928T190009848Z_02e01e3f.jpg","긱",160,,,pending_review,"P001","S01","2026-09-28T19:00:09.8486858Z",64,64,jpeg,5c7b367099e48f200c3c060a0b938d70bc070ec50e93ec4f670a178007281fc5
"hangul_0161_20260928T190012466Z_94ea9aed.jpg","긴",161,,,pending_review,"P001","S01","2026-09-28T19:00:12.4664603Z",64,64,jpeg,5c7b367099e48f200c3c060a0b938d70bc070ec50e93ec4f670a178007281fc5
"hangul_0162_20260928T190015779Z_ae9dc682.jpg","긷",162,,,pending_review,"P001","S01","2026-09-28T19:00:15.7792248Z",64,64,jpeg,5c7b367099e48f200c3c060a0b938d70bc070ec50e93ec4f670a178007281fc5
"hangul_0163_20260928T190019082Z_df8e1d2b.jpg","길",163,,,pending_review,"P001","S01","2026-09-28T19:00:19.0822873Z",64,64,jpeg,5c7b367099e48f200c3c060a0b938d70bc070ec50e93ec4f670a178007281fc5
"hangul_0164_20260928T190022147Z_3849a1bb.jpg","긺",164,,,pending_review,"P001","S01","2026-09-28T19:00:22.1475131Z",64,64,jpeg,5c7b367099e48f200c3c060a0b938d70bc070ec50e93ec4f670a178007281fc5
"hangul_0165_20260928T190025503Z_682af6c6.jpg","김",165,,,pending_review,"P001","S01","2026-09-28T19:00:25.5032750Z",64,64,jpeg,5c7b367099e48f200c3c060a0b938d70bc070ec50e93ec4f670a178007281fc5
"hangul_0165_20260928T190104608Z_ceb79b2d.jpg","김",165,,,pending_review,"P001","S01","2026-09-28T19:01:04.6087005Z",64,64,jpeg,5c7b367099e48f200c3c060a0b938d70bc070ec50e93ec4f670a178007281fc5
"hangul_0165_20260928T190121198Z_6780bb7b.jpg","김",165,,,pending_review,"P001","S01","2026-09-28T19:01:21.1980954Z",64,64,jpeg,5c7b367099e48f200c3c060a0b938d70bc070ec50e93ec4f670a178007281fc5
"hangul_0166_20260928T190125511Z_bef2458e.jpg","깁",166,,,pending_review,"P001","S01","2026-09-28T19:01:25.5115234Z",64,64,jpeg,5c7b367099e48f200c3c060a0b938d70bc070ec50e93ec4f670a178007281fc5
"hangul_0167_20260928T190128657Z_ab69941a.jpg","깃",167,,,pending_review,"P001","S01","2026-09-28T19:01:28.6579241Z",64,64,jpeg,5c7b367099e48f200c3c060a0b938d70bc070ec50e93ec4f670a178007281fc5
"hangul_0168_20260928T190134857Z_db574fb4.jpg","깅",168,,,pending_review,"P001","S01","2026-09-28T19:01:34.8571108Z",64,64,jpeg,5c7b367099e48f200c3c060a0b938d70bc070ec50e93ec4f670a178007281fc5
"hangul_0169_20260928T190140541Z_546744d1.jpg","깆",169,,,pending_review,"P001","S01","2026-09-28T19:01:40.5413098Z",64,64,jpeg,5c7b367099e48f200c3c060a0b938d70bc070ec50e93ec4f670a178007281fc5
"hangul_0170_20260928T190144657Z_27e8449d.jpg","깊",170,,,pending_review,"P001","S01","2026-09-28T19:01:44.6577730Z",64,64,jpeg,5c7b367099e48f200c3c060a0b938d70bc070ec50e93ec4f670a178007281fc5
"hangul_0171_20260928T190147364Z_ada0047e.jpg","까",171,,,pending_review,"P001","S01","2026-09-28T19:01:47.3649518Z",64,64,jpeg,5c7b367099e48f200c3c060a0b938d70bc070ec50e93ec4f670a178007281fc5
"hangul_0172_20260928T190150632Z_26d66a15.jpg","깍",172,,,pending_review,"P001","S01","2026-09-28T19:01:50.6322434Z",64,64,jpeg,5c7b367099e48f200c3c060a0b938d70bc070ec50e93ec4f670a178007281fc5
"hangul_0173_20260928T190158125Z_5f5bedd5.jpg","깎",173,,,pending_review,"P001","S01","2026-09-28T19:01:58.1253684Z",64,64,jpeg,5c7b367099e48f200c3c060a0b938d70bc070ec50e93ec4f670a178007281fc5
"hangul_0174_20260928T190201624Z_07df0272.jpg","깐",174,,,pending_review,"P001","S01","2026-09-28T19:02:01.6242106Z",64,64,jpeg,5c7b367099e48f200c3c060a0b938d70bc070ec50e93ec4f670a178007281fc5
"hangul_0175_20260928T190205359Z_52b2306d.jpg","깔",175,,,pending_review,"P001","S01","2026-09-28T19:02:05.3598639Z",64,64,jpeg,5c7b367099e48f200c3c060a0b938d70bc070ec50e93ec4f670a178007281fc5
"hangul_0176_20260928T190209034Z_ba8e8a66.jpg","깖",176,,,pending_review,"P001","S01","2026-09-28T19:02:09.0341118Z",64,64,jpeg,5c7b367099e48f200c3c060a0b938d70bc070ec50e93ec4f670a178007281fc5
"hangul_0176_20260928T190350041Z_99db7310.jpg","깖",176,,,pending_review,"P001","S01","2026-09-28T19:03:50.0411477Z",64,64,jpeg,5c7b367099e48f200c3c060a0b938d70bc070ec50e93ec4f670a178007281fc5
"hangul_0177_20260928T190354492Z_53465444.jpg","깜",177,,,pending_review,"P001","S01","2026-09-28T19:03:54.4925337Z",64,64,jpeg,5c7b367099e48f200c3c060a0b938d70bc070ec50e93ec4f670a178007281fc5
"hangul_0178_20260928T190358740Z_42bce0d2.jpg","깝",178,,,pending_review,"P001","S01","2026-09-28T19:03:58.7404999Z",64,64,jpeg,5c7b367099e48f200c3c060a0b938d70bc070ec50e93ec4f670a178007281fc5
"hangul_0178_20260928T190402543Z_dcc1bdf8.jpg","깝",178,,,pending_review,"P001","S01","2026-09-28T19:04:02.5430068Z",64,64,jpeg,5c7b367099e48f200c3c060a0b938d70bc070ec50e93ec4f670a178007281fc5
"hangul_0179_20260928T190405870Z_3cbe91d1.jpg","깟",179,,,pending_review,"P001","S01","2026-09-28T19:04:05.8701026Z",64,64,jpeg,5c7b367099e48f200c3c060a0b938d70bc070ec50e93ec4f670a178007281fc5
"hangul_0180_20260928T190409657Z_e1e1dc3f.jpg","깠",180,,,pending_review,"P001","S01","2026-09-28T19:04:09.6578624Z",64,64,jpeg,5c7b367099e48f200c3c060a0b938d70bc070ec50e93ec4f670a178007281fc5
"hangul_0181_20260928T190412808Z_549c8548.jpg","깡",181,,,pending_review,"P001","S01","2026-09-28T19:04:12.8080112Z",64,64,jpeg,5c7b367099e48f200c3c060a0b938d70bc070ec50e93ec4f670a178007281fc5
"hangul_0182_20260928T190417450Z_7134b162.jpg","깥",182,,,pending_review,"P001","S01","2026-09-28T19:04:17.4507832Z",64,64,jpeg,5c7b367099e48f200c3c060a0b938d70bc070ec50e93ec4f670a178007281fc5
"hangul_0183_20260928T190420557Z_e360684e.jpg","깨",183,,,pending_review,"P001","S01","2026-09-28T19:04:20.5574905Z",64,64,jpeg,5c7b367099e48f200c3c060a0b938d70bc070ec50e93ec4f670a178007281fc5
"hangul_0184_20260928T190423883Z_f5ecbe22.jpg","깩",184,,,pending_review,"P001","S01","2026-09-28T19:04:23.8835098Z",64,64,jpeg,5c7b367099e48f200c3c060a0b938d70bc070ec50e93ec4f670a178007281fc5
"hangul_0185_20260928T190429635Z_641c7e9d.jpg","깬",185,,,pending_review,"P001","S01","2026-09-28T19:04:29.6350836Z",64,64,jpeg,5c7b367099e48f200c3c060a0b938d70bc070ec50e93ec4f670a178007281fc5
"hangul_0186_20260928T190433193Z_8b2d8670.jpg","깰",186,,,pending_review,"P001","S01","2026-09-28T19:04:33.1934689Z",64,64,jpeg,5c7b367099e48f200c3c060a0b938d70bc070ec50e93ec4f670a178007281fc5
"hangul_0187_20260928T190446120Z_05896be8.jpg","깸",187,,,pending_review,"P001","S01","2026-09-28T19:04:46.1209865Z",64,64,jpeg,5c7b367099e48f200c3c060a0b938d70bc070ec50e93ec4f670a178007281fc5
"hangul_0188_20260928T190550812Z_3279a950.jpg","깹",188,,,pending_review,"P001","S01","2026-09-28T19:05:50.8122312Z",64,64,jpeg,5c7b367099e48f200c3c060a0b938d70bc070ec50e93ec4f670a178007281fc5
"hangul_0189_20260928T190558515Z_15c81ece.jpg","깻",189,,,pending_review,"P001","S01","2026-09-28T19:05:58.5156385Z",64,64,jpeg,5c7b367099e48f200c3c060a0b938d70bc070ec50e93ec4f670a178007281fc5
"hangul_0190_20260928T190603335Z_e9489a6c.jpg","깼",190,,,pending_review,"P001","S01","2026-09-28T19:06:03.3357868Z",64,64,jpeg,5c7b367099e48f200c3c060a0b938d70bc070ec50e93ec4f670a178007281fc5
"hangul_0191_20260928T190616337Z_3de798e0.jpg","깽",191,,,pending_review,"P001","S01","2026-09-28T19:06:16.3379348Z",64,64,jpeg,5c7b367099e48f200c3c060a0b938d70bc070ec50e93ec4f670a178007281fc5
"hangul_0192_20260928T190620062Z_4ff07128.jpg","꺄",192,,,pending_review,"P001","S01","2026-09-28T19:06:20.0624831Z",64,64,jpeg,5c7b367099e48f200c3c060a0b938d70bc070ec50e93ec4f670a178007281fc5
"hangul_0193_20260928T190625143Z_a562ccd9.jpg","꺅",193,,,pending_review,"P001","S01","2026-09-28T19:06:25.1433645Z",64,64,jpeg,5c7b367099e48f200c3c060a0b938d70bc070ec50e93ec4f670a178007281fc5
"hangul_0194_20260928T190629914Z_ec443dab.jpg","꺌",194,,,pending_review,"P001","S01","2026-09-28T19:06:29.9142469Z",64,64,jpeg,5c7b367099e48f200c3c060a0b938d70bc070ec50e93ec4f670a178007281fc5
"hangul_0195_20260928T190633949Z_69d500a0.jpg","꺼",195,,,pending_review,"P001","S01","2026-09-28T19:06:33.9493782Z",64,64,jpeg,5c7b367099e48f200c3c060a0b938d70bc070ec50e93ec4f670a178007281fc5
"hangul_0196_20260928T190637239Z_3807bb33.jpg","꺽",196,,,pending_review,"P001","S01","2026-09-28T19:06:37.2397777Z",64,64,jpeg,5c7b367099e48f200c3c060a0b938d70bc070ec50e93ec4f670a178007281fc5
"hangul_0197_20260928T190642741Z_9e43c472.jpg","꺾",197,,,pending_review,"P001","S01","2026-09-28T19:06:42.7419442Z",64,64,jpeg,5c7b367099e48f200c3c060a0b938d70bc070ec50e93ec4f670a178007281fc5
"hangul_0198_20260928T190646911Z_46b4a3e8.jpg","껀",198,,,pending_review,"P001","S01","2026-09-28T19:06:46.9118897Z",64,64,jpeg,5c7b367099e48f200c3c060a0b938d70bc070ec50e93ec4f670a178007281fc5
"hangul_0199_20260928T190653470Z_e96aa27a.jpg","껄",199,,,pending_review,"P001","S01","2026-09-28T19:06:53.4708148Z",64,64,jpeg,5c7b367099e48f200c3c060a0b938d70bc070ec50e93ec4f670a178007281fc5
"hangul_0200_20260928T190659391Z_31de278b.jpg","껌",200,,,pending_review,"P001","S01","2026-09-28T19:06:59.3914687Z",64,64,jpeg,5c7b367099e48f200c3c060a0b938d70bc070ec50e93ec4f670a178007281fc5
"hangul_0200_20260928T190703276Z_4618f36d.jpg","껌",200,,,pending_review,"P001","S01","2026-09-28T19:07:03.2763112Z",64,64,jpeg,5c7b367099e48f200c3c060a0b938d70bc070ec50e93ec4f670a178007281fc5
"hangul_0201_20260928T190709017Z_6d89c5f2.jpg","껍",201,,,pending_review,"P001","S01","2026-09-28T19:07:09.0178549Z",64,64,jpeg,5c7b367099e48f200c3c060a0b938d70bc070ec50e93ec4f670a178007281fc5
"hangul_0202_20260928T190712983Z_bb7620a3.jpg","껏",202,,,pending_review,"P001","S01","2026-09-28T19:07:12.9839769Z",64,64,jpeg,5c7b367099e48f200c3c060a0b938d70bc070ec50e93ec4f670a178007281fc5
"hangul_0203_20260928T190716664Z_b412d02c.jpg","껐",203,,,pending_review,"P001","S01","2026-09-28T19:07:16.6647618Z",64,64,jpeg,5c7b367099e48f200c3c060a0b938d70bc070ec50e93ec4f670a178007281fc5
"hangul_0204_20260928T190720355Z_a80d6f24.jpg","껑",204,,,pending_review,"P001","S01","2026-09-28T19:07:20.3558730Z",64,64,jpeg,5c7b367099e48f200c3c060a0b938d70bc070ec50e93ec4f670a178007281fc5
"hangul_0205_20260928T190723475Z_34eeb8d4.jpg","께",205,,,pending_review,"P001","S01","2026-09-28T19:07:23.4759997Z",64,64,jpeg,5c7b367099e48f200c3c060a0b938d70bc070ec50e93ec4f670a178007281fc5
"hangul_0206_20260928T190727238Z_a969a8c3.jpg","껙",206,,,pending_review,"P001","S01","2026-09-28T19:07:27.2387023Z",64,64,jpeg,5c7b367099e48f200c3c060a0b938d70bc070ec50e93ec4f670a178007281fc5
"hangul_0207_20260928T190731213Z_59c0cce8.jpg","껜",207,,,pending_review,"P001","S01","2026-09-28T19:07:31.2133669Z",64,64,jpeg,5c7b367099e48f200c3c060a0b938d70bc070ec50e93ec4f670a178007281fc5
"hangul_0208_20260928T190735433Z_70d28a85.jpg","껨",208,,,pending_review,"P001","S01","2026-09-28T19:07:35.4335890Z",64,64,jpeg,5c7b367099e48f200c3c060a0b938d70bc070ec50e93ec4f670a178007281fc5
"hangul_0209_20260928T190739244Z_4bbc9b03.jpg","껫",209,,,pending_review,"P001","S01","2026-09-28T19:07:39.2446567Z",64,64,jpeg,5c7b367099e48f200c3c060a0b938d70bc070ec50e93ec4f670a178007281fc5
"hangul_0210_20260928T190743208Z_b8fc40d1.jpg","껭",210,,,pending_review,"P001","S01","2026-09-28T19:07:43.2089317Z",64,64,jpeg,5c7b367099e48f200c3c060a0b938d70bc070ec50e93ec4f670a178007281fc5
"hangul_0211_20260928T190746333Z_46a2fed9.jpg","껴",211,,,pending_review,"P001","S01","2026-09-28T19:07:46.3335854Z",64,64,jpeg,5c7b367099e48f200c3c060a0b938d70bc070ec50e93ec4f670a178007281fc5
"hangul_0212_20260928T190750175Z_f03a128d.jpg","껸",212,,,pending_review,"P001","S01","2026-09-28T19:07:50.1754479Z",64,64,jpeg,5c7b367099e48f200c3c060a0b938d70bc070ec50e93ec4f670a178007281fc5
"hangul_0213_20260928T190754444Z_54e655c4.jpg","껼",213,,,pending_review,"P001","S01","2026-09-28T19:07:54.4447656Z",64,64,jpeg,5c7b367099e48f200c3c060a0b938d70bc070ec50e93ec4f670a178007281fc5
"hangul_0226_20260928T191022896Z_ac8e8eee.jpg","꽁",226,,,pending_review,"P002","S01","2026-09-28T19:10:22.8962220Z",64,64,jpeg,5c7b367099e48f200c3c060a0b938d70bc070ec50e93ec4f670a178007281fc5
"hangul_0227_20260928T191028285Z_ee332485.jpg","꽂",227,,,pending_review,"P002","S01","2026-09-28T19:10:28.2854890Z",64,64,jpeg,5c7b367099e48f200c3c060a0b938d70bc070ec50e93ec4f670a178007281fc5
"hangul_0228_20260928T191032641Z_8657b1e2.jpg","꽃",228,,,pending_review,"P002","S01","2026-09-28T19:10:32.6414201Z",64,64,jpeg,5c7b367099e48f200c3c060a0b938d70bc070ec50e93ec4f670a178007281fc5
"hangul_0229_20260928T191036744Z_ddc85a0c.jpg","꽈",229,,,pending_review,"P002","S01","2026-09-28T19:10:36.7445002Z",64,64,jpeg,5c7b367099e48f200c3c060a0b938d70bc070ec50e93ec4f670a178007281fc5
"hangul_0230_20260928T191042962Z_a2d6b9fe.jpg","꽉",230,,,pending_review,"P002","S01","2026-09-28T19:10:42.9620419Z",64,64,jpeg,5c7b367099e48f200c3c060a0b938d70bc070ec50e93ec4f670a178007281fc5
"hangul_0231_20260928T191048000Z_e9a40b1a.jpg","꽐",231,,,pending_review,"P002","S01","2026-09-28T19:10:48.0004967Z",64,64,jpeg,5c7b367099e48f200c3c060a0b938d70bc070ec50e93ec4f670a178007281fc5
"hangul_0232_20260928T191053149Z_d66401ef.jpg","꽜",232,,,pending_review,"P002","S01","2026-09-28T19:10:53.1491869Z",64,64,jpeg,5c7b367099e48f200c3c060a0b938d70bc070ec50e93ec4f670a178007281fc5
"hangul_0233_20260928T191106823Z_fab30f5c.jpg","꽝",233,,,pending_review,"P002","S01","2026-09-28T19:11:06.8239567Z",64,64,jpeg,5c7b367099e48f200c3c060a0b938d70bc070ec50e93ec4f670a178007281fc5
"hangul_0234_20260928T191112515Z_1de8c57c.jpg","꽤",234,,,pending_review,"P002","S01","2026-09-28T19:11:12.5152514Z",64,64,jpeg,5c7b367099e48f200c3c060a0b938d70bc070ec50e93ec4f670a178007281fc5
"hangul_0235_20260928T191117318Z_1de6e53c.jpg","꽥",235,,,pending_review,"P002","S01","2026-09-28T19:11:17.3181023Z",64,64,jpeg,5c7b367099e48f200c3c060a0b938d70bc070ec50e93ec4f670a178007281fc5
"hangul_0236_20260928T191122696Z_662bda64.jpg","꽹",236,,,pending_review,"P002","S01","2026-09-28T19:11:22.6963921Z",64,64,jpeg,5c7b367099e48f200c3c060a0b938d70bc070ec50e93ec4f670a178007281fc5
"hangul_0237_20260928T191126579Z_11eecfe6.jpg","꾀",237,,,pending_review,"P002","S01","2026-09-28T19:11:26.5793442Z",64,64,jpeg,5c7b367099e48f200c3c060a0b938d70bc070ec50e93ec4f670a178007281fc5
"hangul_0238_20260928T191130808Z_9afe1e56.jpg","꾄",238,,,pending_review,"P002","S01","2026-09-28T19:11:30.8081465Z",64,64,jpeg,5c7b367099e48f200c3c060a0b938d70bc070ec50e93ec4f670a178007281fc5
"hangul_0239_20260928T191135100Z_e9a4f58f.jpg","꾈",239,,,pending_review,"P002","S01","2026-09-28T19:11:35.1006550Z",64,64,jpeg,5c7b367099e48f200c3c060a0b938d70bc070ec50e93ec4f670a178007281fc5
"hangul_0240_20260928T191140274Z_9e769a15.jpg","꾐",240,,,pending_review,"P002","S01","2026-09-28T19:11:40.2749513Z",64,64,jpeg,5c7b367099e48f200c3c060a0b938d70bc070ec50e93ec4f670a178007281fc5
"hangul_0240_20260928T191202603Z_80f36275.jpg","꾐",240,,,pending_review,"P002","S01","2026-09-28T19:12:02.6038495Z",64,64,jpeg,5c7b367099e48f200c3c060a0b938d70bc070ec50e93ec4f670a178007281fc5
"hangul_0241_20260928T191207983Z_e0400667.jpg","꾑",241,,,pending_review,"P002","S01","2026-09-28T19:12:07.9830263Z",64,64,jpeg,5c7b367099e48f200c3c060a0b938d70bc070ec50e93ec4f670a178007281fc5
"hangul_0242_20260928T191211430Z_a83074bb.jpg","꾕",242,,,pending_review,"P002","S01","2026-09-28T19:12:11.4305228Z",64,64,jpeg,5c7b367099e48f200c3c060a0b938d70bc070ec50e93ec4f670a178007281fc5
"hangul_0243_20260928T191216121Z_acdd26d5.jpg","꾜",243,,,pending_review,"P002","S01","2026-09-28T19:12:16.1214423Z",64,64,jpeg,5c7b367099e48f200c3c060a0b938d70bc070ec50e93ec4f670a178007281fc5
"hangul_0244_20260928T191220597Z_5308b874.jpg","꾸",244,,,pending_review,"P002","S01","2026-09-28T19:12:20.5975405Z",64,64,jpeg,5c7b367099e48f200c3c060a0b938d70bc070ec50e93ec4f670a178007281fc5
"hangul_0245_20260928T191228194Z_a4667baa.jpg","꾹",245,,,pending_review,"P002","S01","2026-09-28T19:12:28.1945416Z",64,64,jpeg,5c7b367099e48f200c3c060a0b938d70bc070ec50e93ec4f670a178007281fc5
"hangul_0246_20260928T191231823Z_ad91878d.jpg","꾼",246,,,pending_review,"P002","S01","2026-09-28T19:12:31.8234203Z",64,64,jpeg,5c7b367099e48f200c3c060a0b938d70bc070ec50e93ec4f670a178007281fc5
"hangul_0247_20260928T191238310Z_f78b4298.jpg","꿀",247,,,pending_review,"P002","S01","2026-09-28T19:12:38.3104221Z",64,64,jpeg,5c7b367099e48f200c3c060a0b938d70bc070ec50e93ec4f670a178007281fc5
"hangul_0248_20260928T191245206Z_d351ccff.jpg","꿇",248,,,pending_review,"P002","S01","2026-09-28T19:12:45.2061507Z",64,64,jpeg,5c7b367099e48f200c3c060a0b938d70bc070ec50e93ec4f670a178007281fc5
"hangul_0249_20260928T191253757Z_2f13ae97.jpg","꿈",249,,,pending_review,"P002","S01","2026-09-28T19:12:53.7576074Z",64,64,jpeg,5c7b367099e48f200c3c060a0b938d70bc070ec50e93ec4f670a178007281fc5
"hangul_0250_20260928T191302410Z_bf7eb071.jpg","꿉",250,,,pending_review,"P002","S01","2026-09-28T19:13:02.4108313Z",64,64,jpeg,5c7b367099e48f200c3c060a0b938d70bc070ec50e93ec4f670a178007281fc5
"hangul_0251_20260928T191309698Z_12212235.jpg","꿋",251,,,pending_review,"P002","S01","2026-09-28T19:13:09.6983314Z",64,64,jpeg,5c7b367099e48f200c3c060a0b938d70bc070ec50e93ec4f670a178007281fc5
"hangul_0251_20260928T191346736Z_526e2a1f.jpg","꿋",251,,,pending_review,"P002","S01","2026-09-28T19:13:46.7363200Z",64,64,jpeg,5c7b367099e48f200c3c060a0b938d70bc070ec50e93ec4f670a178007281fc5
"hangul_0252_20260928T191351055Z_e723996d.jpg","꿍",252,,,pending_review,"P002","S01","2026-09-28T19:13:51.0557274Z",64,64,jpeg,5c7b367099e48f200c3c060a0b938d70bc070ec50e93ec4f670a178007281fc5
"hangul_0253_20260928T191356232Z_c3f43699.jpg","꿎",253,,,pending_review,"P002","S01","2026-09-28T19:13:56.2321552Z",64,64,jpeg,5c7b367099e48f200c3c060a0b938d70bc070ec50e93ec4f670a178007281fc5
"hangul_0254_20260928T191401291Z_7299f05b.jpg","꿔",254,,,pending_review,"P002","S01","2026-09-28T19:14:01.2911019Z",64,64,jpeg,5c7b367099e48f200c3c060a0b938d70bc070ec50e93ec4f670a178007281fc5
"hangul_0255_20260928T191409140Z_d7e01f92.jpg","꿜",255,,,pending_review,"P002","S01","2026-09-28T19:14:09.1402381Z",64,64,jpeg,5c7b367099e48f200c3c060a0b938d70bc070ec50e93ec4f670a178007281fc5
"hangul_0256_20260928T191418623Z_32336b78.jpg","꿨",256,,,pending_review,"P002","S01","2026-09-28T19:14:18.6233121Z",64,64,jpeg,5c7b367099e48f200c3c060a0b938d70bc070ec50e93ec4f670a178007281fc5
"hangul_0257_20260928T191426579Z_5b76c81d.jpg","꿩",257,,,pending_review,"P002","S01","2026-09-28T19:14:26.5793957Z",64,64,jpeg,5c7b367099e48f200c3c060a0b938d70bc070ec50e93ec4f670a178007281fc5
"hangul_0258_20260928T191434925Z_609e3d20.jpg","꿰",258,,,pending_review,"P002","S01","2026-09-28T19:14:34.9253920Z",64,64,jpeg,5c7b367099e48f200c3c060a0b938d70bc070ec50e93ec4f670a178007281fc5
"hangul_0259_20260928T191447602Z_de3b1f8b.jpg","꿱",259,,,pending_review,"P002","S01","2026-09-28T19:14:47.6029961Z",64,64,jpeg,5c7b367099e48f200c3c060a0b938d70bc070ec50e93ec4f670a178007281fc5
"hangul_0260_20260928T191457897Z_465591dd.jpg","꿴",260,,,pending_review,"P002","S01","2026-09-28T19:14:57.8977530Z",64,64,jpeg,5c7b367099e48f200c3c060a0b938d70bc070ec50e93ec4f670a178007281fc5
"hangul_0261_20260928T191601073Z_1caf8cb6.jpg","꿸",261,,,pending_review,"P002","S01","2026-09-28T19:16:01.0737013Z",64,64,jpeg,5c7b367099e48f200c3c060a0b938d70bc070ec50e93ec4f670a178007281fc5
"hangul_0262_20260928T191607182Z_9e9cddc0.jpg","뀀",262,,,pending_review,"P002","S01","2026-09-28T19:16:07.1820389Z",64,64,jpeg,5c7b367099e48f200c3c060a0b938d70bc070ec50e93ec4f670a178007281fc5
"hangul_0263_20260928T191612150Z_dfa5aa77.jpg","뀁",263,,,pending_review,"P002","S01","2026-09-28T19:16:12.1500326Z",64,64,jpeg,5c7b367099e48f200c3c060a0b938d70bc070ec50e93ec4f670a178007281fc5
"hangul_0308_20260928T191658543Z_b2969f64.jpg","내",308,,,pending_review,"P002","S01","2026-09-28T19:16:58.5433504Z",64,64,jpeg,5c7b367099e48f200c3c060a0b938d70bc070ec50e93ec4f670a178007281fc5
"hangul_0309_20260928T191702331Z_a60550a6.jpg","낵",309,,,pending_review,"P002","S01","2026-09-28T19:17:02.3314951Z",64,64,jpeg,5c7b367099e48f200c3c060a0b938d70bc070ec50e93ec4f670a178007281fc5
"hangul_0310_20260928T191707277Z_4f05b2f9.jpg","낸",310,,,pending_review,"P002","S01","2026-09-28T19:17:07.2772591Z",64,64,jpeg,5c7b367099e48f200c3c060a0b938d70bc070ec50e93ec4f670a178007281fc5
"hangul_0310_20260928T192842732Z_0a9de0c1.jpg","낸",310,,,pending_review,"P002","S01","2026-09-28T19:28:42.7325796Z",64,64,jpeg,5c7b367099e48f200c3c060a0b938d70bc070ec50e93ec4f670a178007281fc5
"hangul_0311_20260928T192845951Z_b03ba9e6.jpg","낼",311,,,pending_review,"P002","S01","2026-09-28T19:28:45.9510694Z",64,64,jpeg,5c7b367099e48f200c3c060a0b938d70bc070ec50e93ec4f670a178007281fc5
"hangul_0312_20260928T192848831Z_3506f58e.jpg","냄",312,,,pending_review,"P002","S01","2026-09-28T19:28:48.8311537Z",64,64,jpeg,5c7b367099e48f200c3c060a0b938d70bc070ec50e93ec4f670a178007281fc5
"hangul_0313_20260928T192853147Z_6ca6b8cd.jpg","냅",313,,,pending_review,"P002","S01","2026-09-28T19:28:53.1476167Z",64,64,jpeg,5c7b367099e48f200c3c060a0b938d70bc070ec50e93ec4f670a178007281fc5
"hangul_0314_20260928T192857592Z_4b42f263.jpg","냇",314,,,pending_review,"P002","S01","2026-09-28T19:28:57.5923359Z",64,64,jpeg,5c7b367099e48f200c3c060a0b938d70bc070ec50e93ec4f670a178007281fc5
"hangul_0314_20260928T192906262Z_d6f320b5.jpg","냇",314,,,pending_review,"P002","S01","2026-09-28T19:29:06.2623073Z",64,64,jpeg,5c7b367099e48f200c3c060a0b938d70bc070ec50e93ec4f670a178007281fc5
"hangul_0315_20260928T192910705Z_d93cacee.jpg","냈",315,,,pending_review,"P002","S01","2026-09-28T19:29:10.7059228Z",64,64,jpeg,5c7b367099e48f200c3c060a0b938d70bc070ec50e93ec4f670a178007281fc5
"hangul_0316_20260928T192914095Z_be9a547a.jpg","냉",316,,,pending_review,"P002","S01","2026-09-28T19:29:14.0953798Z",64,64,jpeg,5c7b367099e48f200c3c060a0b938d70bc070ec50e93ec4f670a178007281fc5
"hangul_0317_20260928T192917673Z_e0999ab5.jpg","냐",317,,,pending_review,"P002","S01","2026-09-28T19:29:17.6735421Z",64,64,jpeg,5c7b367099e48f200c3c060a0b938d70bc070ec50e93ec4f670a178007281fc5
"hangul_0318_20260928T192929802Z_0824a0d8.jpg","냑",318,,,pending_review,"P002","S01","2026-09-28T19:29:29.8025908Z",64,64,jpeg,5c7b367099e48f200c3c060a0b938d70bc070ec50e93ec4f670a178007281fc5
"hangul_0319_20260928T192934716Z_a456989b.jpg","냔",319,,,pending_review,"P002","S01","2026-09-28T19:29:34.7168606Z",64,64,jpeg,5c7b367099e48f200c3c060a0b938d70bc070ec50e93ec4f670a178007281fc5
"hangul_0320_20260928T192951090Z_b3c818b8.jpg","냘",320,,,pending_review,"P002","S01","2026-09-28T19:29:51.0904222Z",64,64,jpeg,5c7b367099e48f200c3c060a0b938d70bc070ec50e93ec4f670a178007281fc5
"hangul_0321_20260928T193000091Z_1aaca4ba.jpg","냠",321,,,pending_review,"P002","S01","2026-09-28T19:30:00.0917398Z",64,64,jpeg,5c7b367099e48f200c3c060a0b938d70bc070ec50e93ec4f670a178007281fc5
"hangul_0322_20260928T193005739Z_b713e966.jpg","냥",322,,,pending_review,"P002","S01","2026-09-28T19:30:05.7395121Z",64,64,jpeg,5c7b367099e48f200c3c060a0b938d70bc070ec50e93ec4f670a178007281fc5
"hangul_0323_20260928T193019646Z_f0c16f48.jpg","너",323,,,pending_review,"P002","S01","2026-09-28T19:30:19.6461561Z",64,64,jpeg,5c7b367099e48f200c3c060a0b938d70bc070ec50e93ec4f670a178007281fc5
"hangul_0324_20260928T193025207Z_f8dd8f68.jpg","넉",324,,,pending_review,"P002","S01","2026-09-28T19:30:25.2075858Z",64,64,jpeg,5c7b367099e48f200c3c060a0b938d70bc070ec50e93ec4f670a178007281fc5
"hangul_0325_20260928T193031428Z_c3afe1b4.jpg","넋",325,,,pending_review,"P002","S01","2026-09-28T19:30:31.4289172Z",64,64,jpeg,5c7b367099e48f200c3c060a0b938d70bc070ec50e93ec4f670a178007281fc5
"hangul_0326_20260928T193038417Z_a035071b.jpg","넌",326,,,pending_review,"P002","S01","2026-09-28T19:30:38.4175089Z",64,64,jpeg,5c7b367099e48f200c3c060a0b938d70bc070ec50e93ec4f670a178007281fc5
"hangul_0327_20260928T193042591Z_b5a42e54.jpg","널",327,,,pending_review,"P002","S01","2026-09-28T19:30:42.5915337Z",64,64,jpeg,5c7b367099e48f200c3c060a0b938d70bc070ec50e93ec4f670a178007281fc5
"hangul_0328_20260928T193046498Z_56c1b54d.jpg","넒",328,,,pending_review,"P002","S01","2026-09-28T19:30:46.4984440Z",64,64,jpeg,5c7b367099e48f200c3c060a0b938d70bc070ec50e93ec4f670a178007281fc5
"hangul_0329_20260928T193051908Z_7e56a3c2.jpg","넓",329,,,pending_review,"P002","S01","2026-09-28T19:30:51.9082877Z",64,64,jpeg,5c7b367099e48f200c3c060a0b938d70bc070ec50e93ec4f670a178007281fc5
"hangul_0330_20260928T193056107Z_0bb13c91.jpg","넘",330,,,pending_review,"P002","S01","2026-09-28T19:30:56.1079730Z",64,64,jpeg,5c7b367099e48f200c3c060a0b938d70bc070ec50e93ec4f670a178007281fc5
"hangul_0331_20260928T193106496Z_3dc543f5.jpg","넙",331,,,pending_review,"P002","S01","2026-09-28T19:31:06.4960871Z",64,64,jpeg,5c7b367099e48f200c3c060a0b938d70bc070ec50e93ec4f670a178007281fc5
"hangul_0332_20260928T193111988Z_d5b08f17.jpg","넛",332,,,pending_review,"P002","S01","2026-09-28T19:31:11.9889533Z",64,64,jpeg,5c7b367099e48f200c3c060a0b938d70bc070ec50e93ec4f670a178007281fc5
"hangul_0333_20260928T193115658Z_63fcce1b.jpg","넜",333,,,pending_review,"P002","S01","2026-09-28T19:31:15.6586373Z",64,64,jpeg,5c7b367099e48f200c3c060a0b938d70bc070ec50e93ec4f670a178007281fc5
"hangul_0333_20260928T193119408Z_f7fafa2c.jpg","넜",333,,,pending_review,"P002","S01","2026-09-28T19:31:19.4081718Z",64,64,jpeg,5c7b367099e48f200c3c060a0b938d70bc070ec50e93ec4f670a178007281fc5
"hangul_0334_20260928T193129613Z_e78862a4.jpg","넝",334,,,pending_review,"P002","S01","2026-09-28T19:31:29.6136964Z",64,64,jpeg,5c7b367099e48f200c3c060a0b938d70bc070ec50e93ec4f670a178007281fc5
"hangul_0335_20260928T193141529Z_624a5fd8.jpg","넣",335,,,pending_review,"P002","S01","2026-09-28T19:31:41.5290814Z",64,64,jpeg,5c7b367099e48f200c3c060a0b938d70bc070ec50e93ec4f670a178007281fc5
"hangul_0336_20260928T193146365Z_8c43cda9.jpg","네",336,,,pending_review,"P002","S01","2026-09-28T19:31:46.3651076Z",64,64,jpeg,5c7b367099e48f200c3c060a0b938d70bc070ec50e93ec4f670a178007281fc5
"hangul_0337_20260928T193151845Z_6bbc77a4.jpg","넥",337,,,pending_review,"P002","S01","2026-09-28T19:31:51.8457231Z",64,64,jpeg,5c7b367099e48f200c3c060a0b938d70bc070ec50e93ec4f670a178007281fc5
"hangul_0338_20260928T193157044Z_82f8c86f.jpg","넨",338,,,pending_review,"P002","S01","2026-09-28T19:31:57.0440144Z",64,64,jpeg,5c7b367099e48f200c3c060a0b938d70bc070ec50e93ec4f670a178007281fc5
"hangul_0339_20260928T193205311Z_badd42fc.jpg","넬",339,,,pending_review,"P002","S01","2026-09-28T19:32:05.3115871Z",64,64,jpeg,5c7b367099e48f200c3c060a0b938d70bc070ec50e93ec4f670a178007281fc5
"hangul_0340_20260928T193209133Z_ea4d575e.jpg","넴",340,,,pending_review,"P002","S01","2026-09-28T19:32:09.1339630Z",64,64,jpeg,5c7b367099e48f200c3c060a0b938d70bc070ec50e93ec4f670a178007281fc5
"hangul_0341_20260928T193212984Z_ff7e7b63.jpg","넵",341,,,pending_review,"P002","S01","2026-09-28T19:32:12.9847441Z",64,64,jpeg,5c7b367099e48f200c3c060a0b938d70bc070ec50e93ec4f670a178007281fc5
"hangul_0342_20260928T193219010Z_ea2298aa.jpg","넷",342,,,pending_review,"P002","S01","2026-09-28T19:32:19.0102102Z",64,64,jpeg,5c7b367099e48f200c3c060a0b938d70bc070ec50e93ec4f670a178007281fc5
"hangul_0343_20260928T193224431Z_569bf115.jpg","넸",343,,,pending_review,"P002","S01","2026-09-28T19:32:24.4318282Z",64,64,jpeg,5c7b367099e48f200c3c060a0b938d70bc070ec50e93ec4f670a178007281fc5
"hangul_0344_20260928T193229416Z_d3e21491.jpg","넹",344,,,pending_review,"P002","S01","2026-09-28T19:32:29.4164581Z",64,64,jpeg,5c7b367099e48f200c3c060a0b938d70bc070ec50e93ec4f670a178007281fc5
"hangul_0345_20260928T193233596Z_36fad901.jpg","녀",345,,,pending_review,"P002","S01","2026-09-28T19:32:33.5968762Z",64,64,jpeg,5c7b367099e48f200c3c060a0b938d70bc070ec50e93ec4f670a178007281fc5
"hangul_0346_20260928T193241188Z_4067d6e5.jpg","녁",346,,,pending_review,"P002","S01","2026-09-28T19:32:41.1887568Z",64,64,jpeg,5c7b367099e48f200c3c060a0b938d70bc070ec50e93ec4f670a178007281fc5
"hangul_0347_20260928T193247274Z_5eea51cb.jpg","년",347,,,pending_review,"P002","S01","2026-09-28T19:32:47.2742294Z",64,64,jpeg,5c7b367099e48f200c3c060a0b938d70bc070ec50e93ec4f670a178007281fc5
"hangul_0348_20260928T193258906Z_c9e8a509.jpg","녈",348,,,pending_review,"P002","S01","2026-09-28T19:32:58.9060963Z",64,64,jpeg,5c7b367099e48f200c3c060a0b938d70bc070ec50e93ec4f670a178007281fc5
"hangul_0349_20260928T193305341Z_255ffe44.jpg","념",349,,,pending_review,"P002","S01","2026-09-28T19:33:05.3416199Z",64,64,jpeg,5c7b367099e48f200c3c060a0b938d70bc070ec50e93ec4f670a178007281fc5
"hangul_0350_20260928T193313697Z_17c75fc9.jpg","녑",350,,,pending_review,"P002","S01","2026-09-28T19:33:13.6976031Z",64,64,jpeg,5c7b367099e48f200c3c060a0b938d70bc070ec50e93ec4f670a178007281fc5
"hangul_0351_20260928T193321454Z_b631b65a.jpg","녔",351,,,pending_review,"P002","S01","2026-09-28T19:33:21.4549036Z",64,64,jpeg,5c7b367099e48f200c3c060a0b938d70bc070ec50e93ec4f670a178007281fc5
"hangul_0352_20260928T193333558Z_739fa2aa.jpg","녕",352,,,pending_review,"P002","S01","2026-09-28T19:33:33.5587633Z",64,64,jpeg,5c7b367099e48f200c3c060a0b938d70bc070ec50e93ec4f670a178007281fc5
"hangul_0353_20260928T193355633Z_cc361721.jpg","녘",353,,,pending_review,"P002","S01","2026-09-28T19:33:55.6334844Z",64,64,jpeg,5c7b367099e48f200c3c060a0b938d70bc070ec50e93ec4f670a178007281fc5
"hangul_0354_20260928T193401731Z_8bde7be6.jpg","녜",354,,,pending_review,"P002","S01","2026-09-28T19:34:01.7316432Z",64,64,jpeg,5c7b367099e48f200c3c060a0b938d70bc070ec50e93ec4f670a178007281fc5
"hangul_0355_20260928T193415630Z_24a81481.jpg","녠",355,,,pending_review,"P002","S01","2026-09-28T19:34:15.6304178Z",64,64,jpeg,5c7b367099e48f200c3c060a0b938d70bc070ec50e93ec4f670a178007281fc5
"hangul_0356_20260928T193420524Z_2e026d85.jpg","노",356,,,pending_review,"P002","S01","2026-09-28T19:34:20.5245658Z",64,64,jpeg,5c7b367099e48f200c3c060a0b938d70bc070ec50e93ec4f670a178007281fc5
"hangul_0357_20260928T193424900Z_93377a23.jpg","녹",357,,,pending_review,"P002","S01","2026-09-28T19:34:24.9001842Z",64,64,jpeg,5c7b367099e48f200c3c060a0b938d70bc070ec50e93ec4f670a178007281fc5
"hangul_0358_20260928T193428348Z_2e55b6ab.jpg","논",358,,,pending_review,"P002","S01","2026-09-28T19:34:28.3482569Z",64,64,jpeg,5c7b367099e48f200c3c060a0b938d70bc070ec50e93ec4f670a178007281fc5
"hangul_0359_20260928T193439769Z_0a12515f.jpg","놀",359,,,pending_review,"P002","S01","2026-09-28T19:34:39.7696357Z",64,64,jpeg,5c7b367099e48f200c3c060a0b938d70bc070ec50e93ec4f670a178007281fc5
"hangul_0360_20260928T193530349Z_28cabe4a.jpg","놂",360,,,pending_review,"P002","S01","2026-09-28T19:35:30.3497080Z",64,64,jpeg,5c7b367099e48f200c3c060a0b938d70bc070ec50e93ec4f670a178007281fc5
"hangul_0361_20260928T193537529Z_b9fee936.jpg","놈",361,,,pending_review,"P002","S01","2026-09-28T19:35:37.5295354Z",64,64,jpeg,5c7b367099e48f200c3c060a0b938d70bc070ec50e93ec4f670a178007281fc5
"hangul_0362_20260928T193543943Z_5bbc6201.jpg","놉",362,,,pending_review,"P002","S01","2026-09-28T19:35:43.9436193Z",64,64,jpeg,5c7b367099e48f200c3c060a0b938d70bc070ec50e93ec4f670a178007281fc5
"hangul_0363_20260928T193547147Z_8adeff29.jpg","놋",363,,,pending_review,"P002","S01","2026-09-28T19:35:47.1478276Z",64,64,jpeg,5c7b367099e48f200c3c060a0b938d70bc070ec50e93ec4f670a178007281fc5
"hangul_0364_20260928T193551533Z_90009b49.jpg","농",364,,,pending_review,"P002","S01","2026-09-28T19:35:51.5334668Z",64,64,jpeg,5c7b367099e48f200c3c060a0b938d70bc070ec50e93ec4f670a178007281fc5
"hangul_0365_20260928T193559139Z_dac8edc8.jpg","높",365,,,pending_review,"P002","S01","2026-09-28T19:35:59.1392826Z",64,64,jpeg,5c7b367099e48f200c3c060a0b938d70bc070ec50e93ec4f670a178007281fc5
"hangul_0366_20260928T193603385Z_968547f0.jpg","놓",366,,,pending_review,"P002","S01","2026-09-28T19:36:03.3855944Z",64,64,jpeg,5c7b367099e48f200c3c060a0b938d70bc070ec50e93ec4f670a178007281fc5
"hangul_0367_20260928T193610017Z_33f17229.jpg","놔",367,,,pending_review,"P002","S01","2026-09-28T19:36:10.0171610Z",64,64,jpeg,5c7b367099e48f200c3c060a0b938d70bc070ec50e93ec4f670a178007281fc5
"hangul_0367_20260928T193613735Z_dd84a98e.jpg","놔",367,,,pending_review,"P002","S01","2026-09-28T19:36:13.7353329Z",64,64,jpeg,5c7b367099e48f200c3c060a0b938d70bc070ec50e93ec4f670a178007281fc5
"hangul_0368_20260928T193617597Z_944dbd78.jpg","놘",368,,,pending_review,"P002","S01","2026-09-28T19:36:17.5977124Z",64,64,jpeg,5c7b367099e48f200c3c060a0b938d70bc070ec50e93ec4f670a178007281fc5
"hangul_0369_20260928T193627934Z_56e70b2f.jpg","놜",369,,,pending_review,"P002","S01","2026-09-28T19:36:27.9347270Z",64,64,jpeg,5c7b367099e48f200c3c060a0b938d70bc070ec50e93ec4f670a178007281fc5
"hangul_0369_20260928T193635816Z_41c687d1.jpg","놜",369,,,pending_review,"P002","S01","2026-09-28T19:36:35.8165069Z",64,64,jpeg,5c7b367099e48f200c3c060a0b938d70bc070ec50e93ec4f670a178007281fc5
"hangul_0370_20260928T193640270Z_63b1dfaa.jpg","놨",370,,,pending_review,"P002","S01","2026-09-28T19:36:40.2700157Z",64,64,jpeg,5c7b367099e48f200c3c060a0b938d70bc070ec50e93ec4f670a178007281fc5
"hangul_0371_20260928T193643221Z_fdadffb6.jpg","뇌",371,,,pending_review,"P002","S01","2026-09-28T19:36:43.2219583Z",64,64,jpeg,5c7b367099e48f200c3c060a0b938d70bc070ec50e93ec4f670a178007281fc5
"hangul_0372_20260928T193645937Z_5c27159c.jpg","뇐",372,,,pending_review,"P002","S01","2026-09-28T19:36:45.9375830Z",64,64,jpeg,5c7b367099e48f200c3c060a0b938d70bc070ec50e93ec4f670a178007281fc5
"hangul_0373_20260928T193649087Z_43c19c6e.jpg","뇔",373,,,pending_review,"P002","S01","2026-09-28T19:36:49.0878914Z",64,64,jpeg,5c7b367099e48f200c3c060a0b938d70bc070ec50e93ec4f670a178007281fc5
"hangul_0374_20260928T193651950Z_649bfc91.jpg","뇜",374,,,pending_review,"P002","S01","2026-09-28T19:36:51.9502201Z",64,64,jpeg,5c7b367099e48f200c3c060a0b938d70bc070ec50e93ec4f670a178007281fc5
"hangul_0375_20260928T193655374Z_0d3802a0.jpg","뇝",375,,,pending_review,"P002","S01","2026-09-28T19:36:55.3746954Z",64,64,jpeg,5c7b367099e48f200c3c060a0b938d70bc070ec50e93ec4f670a178007281fc5
"hangul_0376_20260928T193659820Z_3bf31b45.jpg","뇟",376,,,pending_review,"P002","S01","2026-09-28T19:36:59.8208866Z",64,64,jpeg,5c7b367099e48f200c3c060a0b938d70bc070ec50e93ec4f670a178007281fc5
"hangul_0377_20260928T193702719Z_bb63b68d.jpg","뇨",377,,,pending_review,"P002","S01","2026-09-28T19:37:02.7195482Z",64,64,jpeg,5c7b367099e48f200c3c060a0b938d70bc070ec50e93ec4f670a178007281fc5
"hangul_0378_20260928T193706263Z_bfb857bd.jpg","뇩",378,,,pending_review,"P002","S01","2026-09-28T19:37:06.2637393Z",64,64,jpeg,5c7b367099e48f200c3c060a0b938d70bc070ec50e93ec4f670a178007281fc5
"hangul_0379_20260928T193710206Z_46c5f3ce.jpg","뇬",379,,,pending_review,"P002","S01","2026-09-28T19:37:10.2062080Z",64,64,jpeg,5c7b367099e48f200c3c060a0b938d70bc070ec50e93ec4f670a178007281fc5
"hangul_0380_20260928T193714065Z_c5a8547c.jpg","뇰",380,,,pending_review,"P002","S01","2026-09-28T19:37:14.0651492Z",64,64,jpeg,5c7b367099e48f200c3c060a0b938d70bc070ec50e93ec4f670a178007281fc5
"hangul_0381_20260928T193718486Z_4f9db6bb.jpg","뇹",381,,,pending_review,"P002","S01","2026-09-28T19:37:18.4862963Z",64,64,jpeg,5c7b367099e48f200c3c060a0b938d70bc070ec50e93ec4f670a178007281fc5
"hangul_0382_20260928T193723629Z_ebf85e3b.jpg","뇻",382,,,pending_review,"P002","S01","2026-09-28T19:37:23.6297960Z",64,64,jpeg,5c7b367099e48f200c3c060a0b938d70bc070ec50e93ec4f670a178007281fc5
"hangul_0383_20260928T193726637Z_5c31d67c.jpg","뇽",383,,,pending_review,"P002","S01","2026-09-28T19:37:26.6377900Z",64,64,jpeg,5c7b367099e48f200c3c060a0b938d70bc070ec50e93ec4f670a178007281fc5
"hangul_0384_20260928T193729087Z_f5f6f435.jpg","누",384,,,pending_review,"P002","S01","2026-09-28T19:37:29.0877032Z",64,64,jpeg,5c7b367099e48f200c3c060a0b938d70bc070ec50e93ec4f670a178007281fc5
"hangul_0385_20260928T193731588Z_3560f31a.jpg","눅",385,,,pending_review,"P002","S01","2026-09-28T19:37:31.5881976Z",64,64,jpeg,5c7b367099e48f200c3c060a0b938d70bc070ec50e93ec4f670a178007281fc5
"hangul_0386_20260928T193734051Z_02cfaca4.jpg","눈",386,,,pending_review,"P002","S01","2026-09-28T19:37:34.0512715Z",64,64,jpeg,5c7b367099e48f200c3c060a0b938d70bc070ec50e93ec4f670a178007281fc5
"hangul_0387_20260928T193736864Z_722b1379.jpg","눋",387,,,pending_review,"P002","S01","2026-09-28T19:37:36.8645221Z",64,64,jpeg,5c7b367099e48f200c3c060a0b938d70bc070ec50e93ec4f670a178007281fc5
"hangul_0388_20260928T193739601Z_d88f51c5.jpg","눌",388,,,pending_review,"P002","S01","2026-09-28T19:37:39.6014673Z",64,64,jpeg,5c7b367099e48f200c3c060a0b938d70bc070ec50e93ec4f670a178007281fc5
"hangul_0389_20260928T193742842Z_84b134ad.jpg","눔",389,,,pending_review,"P002","S01","2026-09-28T19:37:42.8421514Z",64,64,jpeg,5c7b367099e48f200c3c060a0b938d70bc070ec50e93ec4f670a178007281fc5
"hangul_0390_20260928T193746343Z_91cd9563.jpg","눕",390,,,pending_review,"P002","S01","2026-09-28T19:37:46.3434762Z",64,64,jpeg,5c7b367099e48f200c3c060a0b938d70bc070ec50e93ec4f670a178007281fc5
"hangul_0391_20260928T193749263Z_790243ec.jpg","눗",391,,,pending_review,"P002","S01","2026-09-28T19:37:49.2634161Z",64,64,jpeg,5c7b367099e48f200c3c060a0b938d70bc070ec50e93ec4f670a178007281fc5
"hangul_0392_20260928T193752192Z_1da99537.jpg","눙",392,,,pending_review,"P002","S01","2026-09-28T19:37:52.1926817Z",64,64,jpeg,5c7b367099e48f200c3c060a0b938d70bc070ec50e93ec4f670a178007281fc5
"hangul_0393_20260928T193755096Z_013995c2.jpg","눠",393,,,pending_review,"P002","S01","2026-09-28T19:37:55.0969262Z",64,64,jpeg,5c7b367099e48f200c3c060a0b938d70bc070ec50e93ec4f670a178007281fc5
"hangul_0394_20260928T193800216Z_05b11d9b.jpg","눴",394,,,pending_review,"P002","S01","2026-09-28T19:38:00.2162024Z",64,64,jpeg,5c7b367099e48f200c3c060a0b938d70bc070ec50e93ec4f670a178007281fc5
"hangul_0395_20260928T193803559Z_d8006f3f.jpg","눼",395,,,pending_review,"P002","S01","2026-09-28T19:38:03.5593898Z",64,64,jpeg,5c7b367099e48f200c3c060a0b938d70bc070ec50e93ec4f670a178007281fc5
"hangul_0396_20260928T193806422Z_93b561dc.jpg","뉘",396,,,pending_review,"P002","S01","2026-09-28T19:38:06.4229586Z",64,64,jpeg,5c7b367099e48f200c3c060a0b938d70bc070ec50e93ec4f670a178007281fc5
"hangul_0397_20260928T193809162Z_0cf23223.jpg","뉜",397,,,pending_review,"P002","S01","2026-09-28T19:38:09.1623171Z",64,64,jpeg,5c7b367099e48f200c3c060a0b938d70bc070ec50e93ec4f670a178007281fc5
"hangul_0398_20260928T193812265Z_e941006c.jpg","뉠",398,,,pending_review,"P002","S01","2026-09-28T19:38:12.2657755Z",64,64,jpeg,5c7b367099e48f200c3c060a0b938d70bc070ec50e93ec4f670a178007281fc5
"hangul_0399_20260928T193815795Z_f8693974.jpg","뉨",399,,,pending_review,"P002","S01","2026-09-28T19:38:15.7958302Z",64,64,jpeg,5c7b367099e48f200c3c060a0b938d70bc070ec50e93ec4f670a178007281fc5
"hangul_0400_20260928T193819095Z_5cfb502e.jpg","뉩",400,,,pending_review,"P002","S01","2026-09-28T19:38:19.0951136Z",64,64,jpeg,5c7b367099e48f200c3c060a0b938d70bc070ec50e93ec4f670a178007281fc5
"hangul_0401_20260928T193821771Z_37bd03ff.jpg","뉴",401,,,pending_review,"P002","S01","2026-09-28T19:38:21.7713591Z",64,64,jpeg,5c7b367099e48f200c3c060a0b938d70bc070ec50e93ec4f670a178007281fc5
"hangul_0402_20260928T193824960Z_59cab2f4.jpg","뉵",402,,,pending_review,"P002","S01","2026-09-28T19:38:24.9605807Z",64,64,jpeg,5c7b367099e48f200c3c060a0b938d70bc070ec50e93ec4f670a178007281fc5
"hangul_0403_20260928T193828565Z_7f64aed6.jpg","뉼",403,,,pending_review,"P002","S01","2026-09-28T19:38:28.5653620Z",64,64,jpeg,5c7b367099e48f200c3c060a0b938d70bc070ec50e93ec4f670a178007281fc5
"hangul_0404_20260928T193834234Z_b5ec7c86.jpg","늄",404,,,pending_review,"P002","S01","2026-09-28T19:38:34.2348871Z",64,64,jpeg,5c7b367099e48f200c3c060a0b938d70bc070ec50e93ec4f670a178007281fc5
"hangul_0405_20260928T193838122Z_aedecbe7.jpg","늅",405,,,pending_review,"P002","S01","2026-09-28T19:38:38.1220999Z",64,64,jpeg,5c7b367099e48f200c3c060a0b938d70bc070ec50e93ec4f670a178007281fc5
"hangul_0406_20260928T193841587Z_cf7905f3.jpg","늉",406,,,pending_review,"P002","S01","2026-09-28T19:38:41.5879934Z",64,64,jpeg,5c7b367099e48f200c3c060a0b938d70bc070ec50e93ec4f670a178007281fc5
"hangul_0407_20260928T193843857Z_acb3ab2f.jpg","느",407,,,pending_review,"P002","S01","2026-09-28T19:38:43.8577596Z",64,64,jpeg,5c7b367099e48f200c3c060a0b938d70bc070ec50e93ec4f670a178007281fc5
"hangul_0408_20260928T193846195Z_5bc30720.jpg","늑",408,,,pending_review,"P002","S01","2026-09-28T19:38:46.1950147Z",64,64,jpeg,5c7b367099e48f200c3c060a0b938d70bc070ec50e93ec4f670a178007281fc5
"hangul_0409_20260928T193849773Z_cdda41a2.jpg","는",409,,,pending_review,"P002","S01","2026-09-28T19:38:49.7730335Z",64,64,jpeg,5c7b367099e48f200c3c060a0b938d70bc070ec50e93ec4f670a178007281fc5
"hangul_0410_20260928T193852060Z_c39069e7.jpg","늘",410,,,pending_review,"P002","S01","2026-09-28T19:38:52.0606682Z",64,64,jpeg,5c7b367099e48f200c3c060a0b938d70bc070ec50e93ec4f670a178007281fc5
"hangul_0411_20260928T193854447Z_5350459d.jpg","늙",411,,,pending_review,"P002","S01","2026-09-28T19:38:54.4479261Z",64,64,jpeg,5c7b367099e48f200c3c060a0b938d70bc070ec50e93ec4f670a178007281fc5
"hangul_0412_20260928T193857732Z_064cf1e8.jpg","늚",412,,,pending_review,"P002","S01","2026-09-28T19:38:57.7322288Z",64,64,jpeg,5c7b367099e48f200c3c060a0b938d70bc070ec50e93ec4f670a178007281fc5
"hangul_0413_20260928T193900411Z_cfc5efe1.jpg","늠",413,,,pending_review,"P002","S01","2026-09-28T19:39:00.4116124Z",64,64,jpeg,5c7b367099e48f200c3c060a0b938d70bc070ec50e93ec4f670a178007281fc5
"hangul_0414_20260928T193903174Z_eed45ed9.jpg","늡",414,,,pending_review,"P002","S01","2026-09-28T19:39:03.1740746Z",64,64,jpeg,5c7b367099e48f200c3c060a0b938d70bc070ec50e93ec4f670a178007281fc5
"hangul_0415_20260928T193905827Z_d190c022.jpg","늣",415,,,pending_review,"P002","S01","2026-09-28T19:39:05.8275619Z",64,64,jpeg,5c7b367099e48f200c3c060a0b938d70bc070ec50e93ec4f670a178007281fc5
"hangul_0416_20260928T193909952Z_05255d65.jpg","능",416,,,pending_review,"P002","S01","2026-09-28T19:39:09.9528554Z",64,64,jpeg,5c7b367099e48f200c3c060a0b938d70bc070ec50e93ec4f670a178007281fc5
"hangul_0417_20260928T193912780Z_d49af226.jpg","늦",417,,,pending_review,"P002","S01","2026-09-28T19:39:12.7804377Z",64,64,jpeg,5c7b367099e48f200c3c060a0b938d70bc070ec50e93ec4f670a178007281fc5
"hangul_0418_20260928T193915776Z_89663b14.jpg","늪",418,,,pending_review,"P002","S01","2026-09-28T19:39:15.7764467Z",64,64,jpeg,5c7b367099e48f200c3c060a0b938d70bc070ec50e93ec4f670a178007281fc5
"hangul_0419_20260928T193918797Z_5a7f280f.jpg","늬",419,,,pending_review,"P002","S01","2026-09-28T19:39:18.7973830Z",64,64,jpeg,5c7b367099e48f200c3c060a0b938d70bc070ec50e93ec4f670a178007281fc5
"hangul_0420_20260928T193921835Z_70506e52.jpg","늰",420,,,pending_review,"P002","S01","2026-09-28T19:39:21.8359767Z",64,64,jpeg,5c7b367099e48f200c3c060a0b938d70bc070ec50e93ec4f670a178007281fc5
"hangul_0421_20260928T193924745Z_8a29faa9.jpg","늴",421,,,pending_review,"P002","S01","2026-09-28T19:39:24.7452532Z",64,64,jpeg,5c7b367099e48f200c3c060a0b938d70bc070ec50e93ec4f670a178007281fc5
"hangul_0422_20260928T193927690Z_a4f8fec1.jpg","니",422,,,pending_review,"P002","S01","2026-09-28T19:39:27.6909092Z",64,64,jpeg,5c7b367099e48f200c3c060a0b938d70bc070ec50e93ec4f670a178007281fc5
"hangul_0423_20260928T193929973Z_85a6cf22.jpg","닉",423,,,pending_review,"P002","S01","2026-09-28T19:39:29.9733513Z",64,64,jpeg,5c7b367099e48f200c3c060a0b938d70bc070ec50e93ec4f670a178007281fc5
"hangul_0424_20260928T193932441Z_ae19ed5a.jpg","닌",424,,,pending_review,"P002","S01","2026-09-28T19:39:32.4416959Z",64,64,jpeg,5c7b367099e48f200c3c060a0b938d70bc070ec50e93ec4f670a178007281fc5
"hangul_0425_20260928T193935046Z_89b07fad.jpg","닐",425,,,pending_review,"P002","S01","2026-09-28T19:39:35.0460479Z",64,64,jpeg,5c7b367099e48f200c3c060a0b938d70bc070ec50e93ec4f670a178007281fc5
"hangul_0426_20260928T193938186Z_1477380a.jpg","닒",426,,,pending_review,"P002","S01","2026-09-28T19:39:38.1861394Z",64,64,jpeg,5c7b367099e48f200c3c060a0b938d70bc070ec50e93ec4f670a178007281fc5
"hangul_0427_20260928T193940609Z_dd810bf3.jpg","님",427,,,pending_review,"P002","S01","2026-09-28T19:39:40.6098691Z",64,64,jpeg,5c7b367099e48f200c3c060a0b938d70bc070ec50e93ec4f670a178007281fc5
"hangul_0428_20260928T193943344Z_697ee55c.jpg","닙",428,,,pending_review,"P002","S01","2026-09-28T19:39:43.3444289Z",64,64,jpeg,5c7b367099e48f200c3c060a0b938d70bc070ec50e93ec4f670a178007281fc5
"hangul_0429_20260928T193949275Z_0142388f.jpg","닛",429,,,pending_review,"P002","S01","2026-09-28T19:39:49.2751562Z",64,64,jpeg,5c7b367099e48f200c3c060a0b938d70bc070ec50e93ec4f670a178007281fc5
"hangul_0430_20260928T193952098Z_87d69f86.jpg","닝",430,,,pending_review,"P002","S01","2026-09-28T19:39:52.0985396Z",64,64,jpeg,5c7b367099e48f200c3c060a0b938d70bc070ec50e93ec4f670a178007281fc5
"hangul_0431_20260928T193955466Z_73b3a97d.jpg","닢",431,,,pending_review,"P002","S01","2026-09-28T19:39:55.4667775Z",64,64,jpeg,5c7b367099e48f200c3c060a0b938d70bc070ec50e93ec4f670a178007281fc5
"hangul_0432_20260928T193958655Z_275beb74.jpg","다",432,,,pending_review,"P002","S01","2026-09-28T19:39:58.6557060Z",64,64,jpeg,5c7b367099e48f200c3c060a0b938d70bc070ec50e93ec4f670a178007281fc5
"hangul_0433_20260928T194002207Z_3dbcc2a7.jpg","닥",433,,,pending_review,"P002","S01","2026-09-28T19:40:02.2076088Z",64,64,jpeg,5c7b367099e48f200c3c060a0b938d70bc070ec50e93ec4f670a178007281fc5
"hangul_0434_20260928T194006125Z_0ed093b1.jpg","닦",434,,,pending_review,"P002","S01","2026-09-28T19:40:06.1253454Z",64,64,jpeg,5c7b367099e48f200c3c060a0b938d70bc070ec50e93ec4f670a178007281fc5
"hangul_0435_20260928T194009091Z_bfa1a852.jpg","단",435,,,pending_review,"P002","S01","2026-09-28T19:40:09.0912626Z",64,64,jpeg,5c7b367099e48f200c3c060a0b938d70bc070ec50e93ec4f670a178007281fc5
"hangul_0436_20260928T194012027Z_43eaa891.jpg","닫",436,,,pending_review,"P002","S01","2026-09-28T19:40:12.0278790Z",64,64,jpeg,5c7b367099e48f200c3c060a0b938d70bc070ec50e93ec4f670a178007281fc5
"hangul_0437_20260928T194015118Z_7a466694.jpg","달",437,,,pending_review,"P002","S01","2026-09-28T19:40:15.1186743Z",64,64,jpeg,5c7b367099e48f200c3c060a0b938d70bc070ec50e93ec4f670a178007281fc5
"hangul_0438_20260928T194018794Z_dc3b23fa.jpg","닭",438,,,pending_review,"P002","S01","2026-09-28T19:40:18.7949277Z",64,64,jpeg,5c7b367099e48f200c3c060a0b938d70bc070ec50e93ec4f670a178007281fc5
"hangul_0439_20260928T194023316Z_f32b9525.jpg","닮",439,,,pending_review,"P002","S01","2026-09-28T19:40:23.3166500Z",64,64,jpeg,5c7b367099e48f200c3c060a0b938d70bc070ec50e93ec4f670a178007281fc5
"hangul_0440_20260928T194027528Z_4880b97d.jpg","닯",440,,,pending_review,"P002","S01","2026-09-28T19:40:27.5282555Z",64,64,jpeg,5c7b367099e48f200c3c060a0b938d70bc070ec50e93ec4f670a178007281fc5
"hangul_0441_20260928T194032294Z_d7ed911b.jpg","닳",441,,,pending_review,"P002","S01","2026-09-28T19:40:32.2940555Z",64,64,jpeg,5c7b367099e48f200c3c060a0b938d70bc070ec50e93ec4f670a178007281fc5
"hangul_0442_20260928T194035728Z_7e1745fc.jpg","담",442,,,pending_review,"P002","S01","2026-09-28T19:40:35.7280139Z",64,64,jpeg,5c7b367099e48f200c3c060a0b938d70bc070ec50e93ec4f670a178007281fc5
"hangul_0443_20260928T194039757Z_f66c3382.jpg","답",443,,,pending_review,"P002","S01","2026-09-28T19:40:39.7573448Z",64,64,jpeg,5c7b367099e48f200c3c060a0b938d70bc070ec50e93ec4f670a178007281fc5
"hangul_0444_20260928T194043457Z_7a491997.jpg","닷",444,,,pending_review,"P002","S01","2026-09-28T19:40:43.4577362Z",64,64,jpeg,5c7b367099e48f200c3c060a0b938d70bc070ec50e93ec4f670a178007281fc5
"hangul_0445_20260928T194048103Z_e7085308.jpg","닸",445,,,pending_review,"P002","S01","2026-09-28T19:40:48.1035595Z",64,64,jpeg,5c7b367099e48f200c3c060a0b938d70bc070ec50e93ec4f670a178007281fc5
"hangul_0446_20260928T194051072Z_5eeb7579.jpg","당",446,,,pending_review,"P002","S01","2026-09-28T19:40:51.0727509Z",64,64,jpeg,5c7b367099e48f200c3c060a0b938d70bc070ec50e93ec4f670a178007281fc5
"hangul_0447_20260928T194054043Z_f3c7d664.jpg","닺",447,,,pending_review,"P002","S01","2026-09-28T19:40:54.0432175Z",64,64,jpeg,5c7b367099e48f200c3c060a0b938d70bc070ec50e93ec4f670a178007281fc5
"hangul_0448_20260928T194057666Z_e7a77135.jpg","닻",448,,,pending_review,"P002","S01","2026-09-28T19:40:57.6664487Z",64,64,jpeg,5c7b367099e48f200c3c060a0b938d70bc070ec50e93ec4f670a178007281fc5
"hangul_0449_20260928T194100556Z_6c4ef638.jpg","닿",449,,,pending_review,"P002","S01","2026-09-28T19:41:00.5563088Z",64,64,jpeg,5c7b367099e48f200c3c060a0b938d70bc070ec50e93ec4f670a178007281fc5
"hangul_0450_20260928T194103035Z_fd06df55.jpg","대",450,,,pending_review,"P002","S01","2026-09-28T19:41:03.0358830Z",64,64,jpeg,5c7b367099e48f200c3c060a0b938d70bc070ec50e93ec4f670a178007281fc5
"hangul_0451_20260928T194105702Z_27a3bcfc.jpg","댁",451,,,pending_review,"P002","S01","2026-09-28T19:41:05.7021347Z",64,64,jpeg,5c7b367099e48f200c3c060a0b938d70bc070ec50e93ec4f670a178007281fc5
"hangul_0452_20260928T194108877Z_f33a3687.jpg","댄",452,,,pending_review,"P002","S01","2026-09-28T19:41:08.8774793Z",64,64,jpeg,5c7b367099e48f200c3c060a0b938d70bc070ec50e93ec4f670a178007281fc5
"hangul_0453_20260928T194111977Z_beca2512.jpg","댈",453,,,pending_review,"P002","S01","2026-09-28T19:41:11.9775034Z",64,64,jpeg,5c7b367099e48f200c3c060a0b938d70bc070ec50e93ec4f670a178007281fc5
"hangul_0454_20260928T194115529Z_9d5b1d04.jpg","댐",454,,,pending_review,"P002","S01","2026-09-28T19:41:15.5290719Z",64,64,jpeg,5c7b367099e48f200c3c060a0b938d70bc070ec50e93ec4f670a178007281fc5
"hangul_0455_20260928T194119164Z_b26b10c8.jpg","댑",455,,,pending_review,"P002","S01","2026-09-28T19:41:19.1642974Z",64,64,jpeg,5c7b367099e48f200c3c060a0b938d70bc070ec50e93ec4f670a178007281fc5
"hangul_0456_20260928T194122693Z_0373c69e.jpg","댓",456,,,pending_review,"P002","S01","2026-09-28T19:41:22.6930217Z",64,64,jpeg,5c7b367099e48f200c3c060a0b938d70bc070ec50e93ec4f670a178007281fc5
"hangul_0456_20260928T194129978Z_26ae72d5.jpg","댓",456,,,pending_review,"P002","S01","2026-09-28T19:41:29.9783172Z",64,64,jpeg,5c7b367099e48f200c3c060a0b938d70bc070ec50e93ec4f670a178007281fc5
"hangul_0457_20260928T194136753Z_858057fb.jpg","댔",457,,,pending_review,"P002","S01","2026-09-28T19:41:36.7539820Z",64,64,jpeg,5c7b367099e48f200c3c060a0b938d70bc070ec50e93ec4f670a178007281fc5
"hangul_0458_20260928T194139646Z_7d376b0c.jpg","댕",458,,,pending_review,"P002","S01","2026-09-28T19:41:39.6462073Z",64,64,jpeg,5c7b367099e48f200c3c060a0b938d70bc070ec50e93ec4f670a178007281fc5
"hangul_0459_20260928T194143235Z_5d6e9398.jpg","댜",459,,,pending_review,"P002","S01","2026-09-28T19:41:43.2359383Z",64,64,jpeg,5c7b367099e48f200c3c060a0b938d70bc070ec50e93ec4f670a178007281fc5
"hangul_0460_20260928T194145910Z_c8a92f98.jpg","더",460,,,pending_review,"P002","S01","2026-09-28T19:41:45.9105697Z",64,64,jpeg,5c7b367099e48f200c3c060a0b938d70bc070ec50e93ec4f670a178007281fc5
"hangul_0461_20260928T194148331Z_fefe22b2.jpg","덕",461,,,pending_review,"P002","S01","2026-09-28T19:41:48.3311453Z",64,64,jpeg,5c7b367099e48f200c3c060a0b938d70bc070ec50e93ec4f670a178007281fc5
"hangul_0462_20260928T194151122Z_e18d2777.jpg","덖",462,,,pending_review,"P002","S01","2026-09-28T19:41:51.1223769Z",64,64,jpeg,5c7b367099e48f200c3c060a0b938d70bc070ec50e93ec4f670a178007281fc5
"hangul_0436_20260929T052408063Z_c4916225.jpg","닫",436,,,pending_review,"P003","S01","2026-09-29T05:24:08.0634924Z",64,64,jpeg,5c7b367099e48f200c3c060a0b938d70bc070ec50e93ec4f670a178007281fc5
"hangul_0437_20260929T052420838Z_1b3e3d75.jpg","달",437,,,pending_review,"P003","S01","2026-09-29T05:24:20.8389877Z",64,64,jpeg,5c7b367099e48f200c3c060a0b938d70bc070ec50e93ec4f670a178007281fc5
"hangul_0438_20260929T052517856Z_60e973cf.jpg","닭",438,,,pending_review,"P003","S01","2026-09-29T05:25:17.8560128Z",64,64,jpeg,5c7b367099e48f200c3c060a0b938d70bc070ec50e93ec4f670a178007281fc5
"hangul_0439_20260929T052531136Z_f9c155bf.jpg","닮",439,,,pending_review,"P003","S01","2026-09-29T05:25:31.1367998Z",64,64,jpeg,5c7b367099e48f200c3c060a0b938d70bc070ec50e93ec4f670a178007281fc5
"hangul_0440_20260929T052544545Z_d343a16e.jpg","닯",440,,,pending_review,"P003","S01","2026-09-29T05:25:44.5459917Z",64,64,jpeg,5c7b367099e48f200c3c060a0b938d70bc070ec50e93ec4f670a178007281fc5
"hangul_0441_20260929T052554983Z_92ac9007.jpg","닳",441,,,pending_review,"P003","S01","2026-09-29T05:25:54.9836893Z",64,64,jpeg,5c7b367099e48f200c3c060a0b938d70bc070ec50e93ec4f670a178007281fc5
"hangul_0442_20260929T052600633Z_2590e803.jpg","담",442,,,pending_review,"P003","S01","2026-09-29T05:26:00.6335293Z",64,64,jpeg,5c7b367099e48f200c3c060a0b938d70bc070ec50e93ec4f670a178007281fc5
"hangul_0443_20260929T052608411Z_419e4433.jpg","답",443,,,pending_review,"P003","S01","2026-09-29T05:26:08.4113795Z",64,64,jpeg,5c7b367099e48f200c3c060a0b938d70bc070ec50e93ec4f670a178007281fc5
"hangul_0444_20260929T052617165Z_3a1ca2fb.jpg","닷",444,,,pending_review,"P003","S01","2026-09-29T05:26:17.1654140Z",64,64,jpeg,5c7b367099e48f200c3c060a0b938d70bc070ec50e93ec4f670a178007281fc5
"hangul_0445_20260929T052625046Z_751c0d04.jpg","닸",445,,,pending_review,"P003","S01","2026-09-29T05:26:25.0466213Z",64,64,jpeg,5c7b367099e48f200c3c060a0b938d70bc070ec50e93ec4f670a178007281fc5
"hangul_0446_20260929T052631531Z_f360c7c1.jpg","당",446,,,pending_review,"P003","S01","2026-09-29T05:26:31.5312938Z",64,64,jpeg,5c7b367099e48f200c3c060a0b938d70bc070ec50e93ec4f670a178007281fc5
"hangul_0447_20260929T052636551Z_0ee003ae.jpg","닺",447,,,pending_review,"P003","S01","2026-09-29T05:26:36.5511405Z",64,64,jpeg,5c7b367099e48f200c3c060a0b938d70bc070ec50e93ec4f670a178007281fc5
"hangul_0448_20260929T052643509Z_6056a42c.jpg","닻",448,,,pending_review,"P003","S01","2026-09-29T05:26:43.5092968Z",64,64,jpeg,5c7b367099e48f200c3c060a0b938d70bc070ec50e93ec4f670a178007281fc5
"hangul_0449_20260929T052650284Z_1f3fe3ac.jpg","닿",449,,,pending_review,"P003","S01","2026-09-29T05:26:50.2846318Z",64,64,jpeg,5c7b367099e48f200c3c060a0b938d70bc070ec50e93ec4f670a178007281fc5
"hangul_0450_20260929T052656303Z_85214370.jpg","대",450,,,pending_review,"P003","S01","2026-09-29T05:26:56.3031328Z",64,64,jpeg,5c7b367099e48f200c3c060a0b938d70bc070ec50e93ec4f670a178007281fc5
"hangul_0451_20260929T052704838Z_f4b2f997.jpg","댁",451,,,pending_review,"P003","S01","2026-09-29T05:27:04.8387224Z",64,64,jpeg,5c7b367099e48f200c3c060a0b938d70bc070ec50e93ec4f670a178007281fc5
"hangul_0452_20260929T052710781Z_24980c19.jpg","댄",452,,,pending_review,"P003","S01","2026-09-29T05:27:10.7812580Z",64,64,jpeg,5c7b367099e48f200c3c060a0b938d70bc070ec50e93ec4f670a178007281fc5
"hangul_0453_20260929T052718106Z_3e595493.jpg","댈",453,,,pending_review,"P003","S01","2026-09-29T05:27:18.1060080Z",64,64,jpeg,5c7b367099e48f200c3c060a0b938d70bc070ec50e93ec4f670a178007281fc5
"hangul_0454_20260929T052725431Z_f250ae9e.jpg","댐",454,,,pending_review,"P003","S01","2026-09-29T05:27:25.4315324Z",64,64,jpeg,5c7b367099e48f200c3c060a0b938d70bc070ec50e93ec4f670a178007281fc5
"hangul_0455_20260929T052733949Z_4a616b94.jpg","댑",455,,,pending_review,"P003","S01","2026-09-29T05:27:33.9492306Z",64,64,jpeg,5c7b367099e48f200c3c060a0b938d70bc070ec50e93ec4f670a178007281fc5
"hangul_0456_20260929T052741122Z_913a8d96.jpg","댓",456,,,pending_review,"P003","S01","2026-09-29T05:27:41.1228824Z",64,64,jpeg,5c7b367099e48f200c3c060a0b938d70bc070ec50e93ec4f670a178007281fc5
"hangul_0457_20260929T052752170Z_f0123f10.jpg","댔",457,,,pending_review,"P003","S01","2026-09-29T05:27:52.1707283Z",64,64,jpeg,5c7b367099e48f200c3c060a0b938d70bc070ec50e93ec4f670a178007281fc5
"hangul_0458_20260929T052758881Z_e8a3914e.jpg","댕",458,,,pending_review,"P003","S01","2026-09-29T05:27:58.8818669Z",64,64,jpeg,5c7b367099e48f200c3c060a0b938d70bc070ec50e93ec4f670a178007281fc5
"hangul_0459_20260929T052804383Z_0c8f22f8.jpg","댜",459,,,pending_review,"P003","S01","2026-09-29T05:28:04.3830901Z",64,64,jpeg,5c7b367099e48f200c3c060a0b938d70bc070ec50e93ec4f670a178007281fc5
"hangul_0460_20260929T052809023Z_6ff44d1d.jpg","더",460,,,pending_review,"P003","S01","2026-09-29T05:28:09.0239306Z",64,64,jpeg,5c7b367099e48f200c3c060a0b938d70bc070ec50e93ec4f670a178007281fc5
"hangul_0461_20260929T052813975Z_ac455cbb.jpg","덕",461,,,pending_review,"P003","S01","2026-09-29T05:28:13.9759718Z",64,64,jpeg,5c7b367099e48f200c3c060a0b938d70bc070ec50e93ec4f670a178007281fc5
"hangul_0462_20260929T052819644Z_93dba1a7.jpg","덖",462,,,pending_review,"P003","S01","2026-09-29T05:28:19.6444476Z",64,64,jpeg,5c7b367099e48f200c3c060a0b938d70bc070ec50e93ec4f670a178007281fc5
"hangul_0463_20260929T052824133Z_27fa1b9a.jpg","던",463,,,pending_review,"P003","S01","2026-09-29T05:28:24.1335641Z",64,64,jpeg,5c7b367099e48f200c3c060a0b938d70bc070ec50e93ec4f670a178007281fc5
"hangul_0464_20260929T052829021Z_a10d4d13.jpg","덛",464,,,pending_review,"P003","S01","2026-09-29T05:28:29.0210061Z",64,64,jpeg,5c7b367099e48f200c3c060a0b938d70bc070ec50e93ec4f670a178007281fc5
"hangul_0465_20260929T052835858Z_77702d00.jpg","덜",465,,,pending_review,"P003","S01","2026-09-29T05:28:35.8583234Z",64,64,jpeg,5c7b367099e48f200c3c060a0b938d70bc070ec50e93ec4f670a178007281fc5
"hangul_0466_20260929T052843312Z_96988383.jpg","덞",466,,,pending_review,"P003","S01","2026-09-29T05:28:43.3120338Z",64,64,jpeg,5c7b367099e48f200c3c060a0b938d70bc070ec50e93ec4f670a178007281fc5
"hangul_0467_20260929T052850353Z_0c20bbc1.jpg","덟",467,,,pending_review,"P003","S01","2026-09-29T05:28:50.3532613Z",64,64,jpeg,5c7b367099e48f200c3c060a0b938d70bc070ec50e93ec4f670a178007281fc5
"hangul_0468_20260929T052855234Z_c0548467.jpg","덤",468,,,pending_review,"P003","S01","2026-09-29T05:28:55.2347290Z",64,64,jpeg,5c7b367099e48f200c3c060a0b938d70bc070ec50e93ec4f670a178007281fc5
"hangul_0469_20260929T052901247Z_fb2d1cf6.jpg","덥",469,,,pending_review,"P003","S01","2026-09-29T05:29:01.2472512Z",64,64,jpeg,5c7b367099e48f200c3c060a0b938d70bc070ec50e93ec4f670a178007281fc5
"hangul_0470_20260929T052905749Z_6f98e786.jpg","덧",470,,,pending_review,"P003","S01","2026-09-29T05:29:05.7498040Z",64,64,jpeg,5c7b367099e48f200c3c060a0b938d70bc070ec50e93ec4f670a178007281fc5
"hangul_0471_20260929T052910449Z_a4d283c6.jpg","덩",471,,,pending_review,"P003","S01","2026-09-29T05:29:10.4495535Z",64,64,jpeg,5c7b367099e48f200c3c060a0b938d70bc070ec50e93ec4f670a178007281fc5
"hangul_0472_20260929T052916173Z_95759606.jpg","덫",472,,,pending_review,"P003","S01","2026-09-29T05:29:16.1732340Z",64,64,jpeg,5c7b367099e48f200c3c060a0b938d70bc070ec50e93ec4f670a178007281fc5
"hangul_0473_20260929T052921971Z_4bd485ee.jpg","덮",473,,,pending_review,"P003","S01","2026-09-29T05:29:21.9712629Z",64,64,jpeg,5c7b367099e48f200c3c060a0b938d70bc070ec50e93ec4f670a178007281fc5
"hangul_0474_20260929T052926660Z_52216f6a.jpg","데",474,,,pending_review,"P003","S01","2026-09-29T05:29:26.6608012Z",64,64,jpeg,5c7b367099e48f200c3c060a0b938d70bc070ec50e93ec4f670a178007281fc5
"hangul_0475_20260929T052931231Z_43fd63dc.jpg","덱",475,,,pending_review,"P003","S01","2026-09-29T05:29:31.2316860Z",64,64,jpeg,5c7b367099e48f200c3c060a0b938d70bc070ec50e93ec4f670a178007281fc5
"hangul_0476_20260929T052938254Z_8d348967.jpg","덴",476,,,pending_review,"P003","S01","2026-09-29T05:29:38.2545893Z",64,64,jpeg,5c7b367099e48f200c3c060a0b938d70bc070ec50e93ec4f670a178007281fc5
"hangul_0477_20260929T052944113Z_8e4fd2ec.jpg","델",477,,,pending_review,"P003","S01","2026-09-29T05:29:44.1130223Z",64,64,jpeg,5c7b367099e48f200c3c060a0b938d70bc070ec50e93ec4f670a178007281fc5
"hangul_0478_20260929T052949516Z_b3a3e7cc.jpg","뎀",478,,,pending_review,"P003","S01","2026-09-29T05:29:49.5162298Z",64,64,jpeg,5c7b367099e48f200c3c060a0b938d70bc070ec50e93ec4f670a178007281fc5
"hangul_0479_20260929T052955678Z_a234bf51.jpg","뎁",479,,,pending_review,"P003","S01","2026-09-29T05:29:55.6789283Z",64,64,jpeg,5c7b367099e48f200c3c060a0b938d70bc070ec50e93ec4f670a178007281fc5
"hangul_0480_20260929T053001262Z_cd8c00ef.jpg","뎃",480,,,pending_review,"P003","S01","2026-09-29T05:30:01.2620144Z",64,64,jpeg,5c7b367099e48f200c3c060a0b938d70bc070ec50e93ec4f670a178007281fc5
"hangul_0481_20260929T053006981Z_edf3ad7a.jpg","뎄",481,,,pending_review,"P003","S01","2026-09-29T05:30:06.9816541Z",64,64,jpeg,5c7b367099e48f200c3c060a0b938d70bc070ec50e93ec4f670a178007281fc5
"hangul_0482_20260929T053013326Z_ba04bdf5.jpg","뎅",482,,,pending_review,"P003","S01","2026-09-29T05:30:13.3266754Z",64,64,jpeg,5c7b367099e48f200c3c060a0b938d70bc070ec50e93ec4f670a178007281fc5
"hangul_0483_20260929T053018032Z_b00a6445.jpg","뎌",483,,,pending_review,"P003","S01","2026-09-29T05:30:18.0329769Z",64,64,jpeg,5c7b367099e48f200c3c060a0b938d70bc070ec50e93ec4f670a178007281fc5
"hangul_0484_20260929T053023619Z_b437ae7a.jpg","뎐",484,,,pending_review,"P003","S01","2026-09-29T05:30:23.6193874Z",64,64,jpeg,5c7b367099e48f200c3c060a0b938d70bc070ec50e93ec4f670a178007281fc5
"hangul_0485_20260929T053030687Z_8e757532.jpg","뎔",485,,,pending_review,"P003","S01","2026-09-29T05:30:30.6872863Z",64,64,jpeg,5c7b367099e48f200c3c060a0b938d70bc070ec50e93ec4f670a178007281fc5
"hangul_0486_20260929T053037376Z_331fe849.jpg","뎠",486,,,pending_review,"P003","S01","2026-09-29T05:30:37.3765340Z",64,64,jpeg,5c7b367099e48f200c3c060a0b938d70bc070ec50e93ec4f670a178007281fc5
"hangul_0487_20260929T053042641Z_4cea0b5d.jpg","뎡",487,,,pending_review,"P003","S01","2026-09-29T05:30:42.6411952Z",64,64,jpeg,5c7b367099e48f200c3c060a0b938d70bc070ec50e93ec4f670a178007281fc5
"hangul_0488_20260929T053049375Z_7f320ed7.jpg","뎨",488,,,pending_review,"P003","S01","2026-09-29T05:30:49.3754939Z",64,64,jpeg,5c7b367099e48f200c3c060a0b938d70bc070ec50e93ec4f670a178007281fc5
"hangul_0489_20260929T053055570Z_1922fbae.jpg","뎬",489,,,pending_review,"P003","S01","2026-09-29T05:30:55.5708717Z",64,64,jpeg,5c7b367099e48f200c3c060a0b938d70bc070ec50e93ec4f670a178007281fc5
"hangul_0490_20260929T053100848Z_201d67b7.jpg","도",490,,,pending_review,"P003","S01","2026-09-29T05:31:00.8481978Z",64,64,jpeg,5c7b367099e48f200c3c060a0b938d70bc070ec50e93ec4f670a178007281fc5
"hangul_0491_20260929T053105567Z_b81ac27a.jpg","독",491,,,pending_review,"P003","S01","2026-09-29T05:31:05.5671456Z",64,64,jpeg,5c7b367099e48f200c3c060a0b938d70bc070ec50e93ec4f670a178007281fc5
"hangul_0492_20260929T053110424Z_8ab4a0b8.jpg","돈",492,,,pending_review,"P003","S01","2026-09-29T05:31:10.4246033Z",64,64,jpeg,5c7b367099e48f200c3c060a0b938d70bc070ec50e93ec4f670a178007281fc5
"hangul_0493_20260929T053116106Z_64fcfdf6.jpg","돋",493,,,pending_review,"P003","S01","2026-09-29T05:31:16.1061149Z",64,64,jpeg,5c7b367099e48f200c3c060a0b938d70bc070ec50e93ec4f670a178007281fc5
"hangul_0494_20260929T053121700Z_f1e45e0e.jpg","돌",494,,,pending_review,"P003","S01","2026-09-29T05:31:21.7002930Z",64,64,jpeg,5c7b367099e48f200c3c060a0b938d70bc070ec50e93ec4f670a178007281fc5
"hangul_0495_20260929T053129318Z_ee8b25b2.jpg","돎",495,,,pending_review,"P003","S01","2026-09-29T05:31:29.3188695Z",64,64,jpeg,5c7b367099e48f200c3c060a0b938d70bc070ec50e93ec4f670a178007281fc5
"hangul_0496_20260929T053135969Z_e1d4958a.jpg","돐",496,,,pending_review,"P003","S01","2026-09-29T05:31:35.9695619Z",64,64,jpeg,5c7b367099e48f200c3c060a0b938d70bc070ec50e93ec4f670a178007281fc5
"hangul_0497_20260929T053142177Z_53ac8539.jpg","돔",497,,,pending_review,"P003","S01","2026-09-29T05:31:42.1778358Z",64,64,jpeg,5c7b367099e48f200c3c060a0b938d70bc070ec50e93ec4f670a178007281fc5
"hangul_0498_20260929T053147874Z_6f47a48f.jpg","돕",498,,,pending_review,"P003","S01","2026-09-29T05:31:47.8743624Z",64,64,jpeg,5c7b367099e48f200c3c060a0b938d70bc070ec50e93ec4f670a178007281fc5
"hangul_0499_20260929T053152300Z_585f6af2.jpg","돗",499,,,pending_review,"P003","S01","2026-09-29T05:31:52.3001809Z",64,64,jpeg,5c7b367099e48f200c3c060a0b938d70bc070ec50e93ec4f670a178007281fc5
"hangul_0500_20260929T053156476Z_7225eb00.jpg","동",500,,,pending_review,"P003","S01","2026-09-29T05:31:56.4765869Z",64,64,jpeg,5c7b367099e48f200c3c060a0b938d70bc070ec50e93ec4f670a178007281fc5
"hangul_0501_20260929T053201873Z_ad170a28.jpg","돛",501,,,pending_review,"P003","S01","2026-09-29T05:32:01.8730088Z",64,64,jpeg,5c7b367099e48f200c3c060a0b938d70bc070ec50e93ec4f670a178007281fc5
"hangul_0502_20260929T053208102Z_80c1e3ab.jpg","돝",502,,,pending_review,"P003","S01","2026-09-29T05:32:08.1029961Z",64,64,jpeg,5c7b367099e48f200c3c060a0b938d70bc070ec50e93ec4f670a178007281fc5
"hangul_0503_20260929T053214299Z_be849059.jpg","돠",503,,,pending_review,"P003","S01","2026-09-29T05:32:14.2991434Z",64,64,jpeg,5c7b367099e48f200c3c060a0b938d70bc070ec50e93ec4f670a178007281fc5
"hangul_0504_20260929T053221845Z_286757f0.jpg","돤",504,,,pending_review,"P003","S01","2026-09-29T05:32:21.8452803Z",64,64,jpeg,5c7b367099e48f200c3c060a0b938d70bc070ec50e93ec4f670a178007281fc5
"hangul_0505_20260929T053227787Z_68724091.jpg","돨",505,,,pending_review,"P003","S01","2026-09-29T05:32:27.7877971Z",64,64,jpeg,5c7b367099e48f200c3c060a0b938d70bc070ec50e93ec4f670a178007281fc5
"hangul_0506_20260929T053232887Z_e8a79465.jpg","돼",506,,,pending_review,"P003","S01","2026-09-29T05:32:32.8870879Z",64,64,jpeg,5c7b367099e48f200c3c060a0b938d70bc070ec50e93ec4f670a178007281fc5
"hangul_0507_20260929T053240298Z_76c6c995.jpg","됐",507,,,pending_review,"P003","S01","2026-09-29T05:32:40.2985049Z",64,64,jpeg,5c7b367099e48f200c3c060a0b938d70bc070ec50e93ec4f670a178007281fc5
"hangul_0508_20260929T053245404Z_d89d862f.jpg","되",508,,,pending_review,"P003","S01","2026-09-29T05:32:45.4046506Z",64,64,jpeg,5c7b367099e48f200c3c060a0b938d70bc070ec50e93ec4f670a178007281fc5
"hangul_0509_20260929T053251154Z_668feb2f.jpg","된",509,,,pending_review,"P003","S01","2026-09-29T05:32:51.1548247Z",64,64,jpeg,5c7b367099e48f200c3c060a0b938d70bc070ec50e93ec4f670a178007281fc5
"hangul_0510_20260929T053257620Z_699b9817.jpg","될",510,,,pending_review,"P003","S01","2026-09-29T05:32:57.6206311Z",64,64,jpeg,5c7b367099e48f200c3c060a0b938d70bc070ec50e93ec4f670a178007281fc5
"hangul_0511_20260929T053303958Z_a490e76f.jpg","됨",511,,,pending_review,"P003","S01","2026-09-29T05:33:03.9585262Z",64,64,jpeg,5c7b367099e48f200c3c060a0b938d70bc070ec50e93ec4f670a178007281fc5
"hangul_0512_20260929T053310590Z_8f07bdfd.jpg","됩",512,,,pending_review,"P003","S01","2026-09-29T05:33:10.5906812Z",64,64,jpeg,5c7b367099e48f200c3c060a0b938d70bc070ec50e93ec4f670a178007281fc5
"hangul_0513_20260929T053315804Z_c19a5bde.jpg","됫",513,,,pending_review,"P003","S01","2026-09-29T05:33:15.8045615Z",64,64,jpeg,5c7b367099e48f200c3c060a0b938d70bc070ec50e93ec4f670a178007281fc5
"hangul_0514_20260929T053319376Z_cfd91e36.jpg","됴",514,,,pending_review,"P003","S01","2026-09-29T05:33:19.3767561Z",64,64,jpeg,5c7b367099e48f200c3c060a0b938d70bc070ec50e93ec4f670a178007281fc5
"hangul_0515_20260929T053322952Z_a212e7b8.jpg","두",515,,,pending_review,"P003","S01","2026-09-29T05:33:22.9529601Z",64,64,jpeg,5c7b367099e48f200c3c060a0b938d70bc070ec50e93ec4f670a178007281fc5
"hangul_0516_20260929T053327288Z_427a8abe.jpg","둑",516,,,pending_review,"P003","S01","2026-09-29T05:33:27.2884482Z",64,64,jpeg,5c7b367099e48f200c3c060a0b938d70bc070ec50e93ec4f670a178007281fc5
"hangul_0517_20260929T053331637Z_b2303da6.jpg","둔",517,,,pending_review,"P003","S01","2026-09-29T05:33:31.6372966Z",64,64,jpeg,5c7b367099e48f200c3c060a0b938d70bc070ec50e93ec4f670a178007281fc5
"hangul_0518_20260929T053336470Z_067ef7c3.jpg","둘",518,,,pending_review,"P003","S01","2026-09-29T05:33:36.4709783Z",64,64,jpeg,5c7b367099e48f200c3c060a0b938d70bc070ec50e93ec4f670a178007281fc5
"hangul_0519_20260929T053341304Z_87836983.jpg","둠",519,,,pending_review,"P003","S01","2026-09-29T05:33:41.3045227Z",64,64,jpeg,5c7b367099e48f200c3c060a0b938d70bc070ec50e93ec4f670a178007281fc5
"hangul_0520_20260929T053346542Z_5159e6be.jpg","둡",520,,,pending_review,"P003","S01","2026-09-29T05:33:46.5421436Z",64,64,jpeg,5c7b367099e48f200c3c060a0b938d70bc070ec50e93ec4f670a178007281fc5
"hangul_0521_20260929T053350535Z_5bc6c8f8.jpg","둣",521,,,pending_review,"P003","S01","2026-09-29T05:33:50.5357224Z",64,64,jpeg,5c7b367099e48f200c3c060a0b938d70bc070ec50e93ec4f670a178007281fc5
"hangul_0522_20260929T053354799Z_436d9d8a.jpg","둥",522,,,pending_review,"P003","S01","2026-09-29T05:33:54.7993242Z",64,64,jpeg,5c7b367099e48f200c3c060a0b938d70bc070ec50e93ec4f670a178007281fc5
"hangul_0522_20260929T053358511Z_b5c65d7c.jpg","둥",522,,,pending_review,"P003","S01","2026-09-29T05:33:58.5118459Z",64,64,jpeg,5c7b367099e48f200c3c060a0b938d70bc070ec50e93ec4f670a178007281fc5
"hangul_0523_20260929T053404319Z_6d1a28a7.jpg","둬",523,,,pending_review,"P003","S01","2026-09-29T05:34:04.3191544Z",64,64,jpeg,5c7b367099e48f200c3c060a0b938d70bc070ec50e93ec4f670a178007281fc5
"hangul_0524_20260929T053412390Z_7cae296a.jpg","뒀",524,,,pending_review,"P003","S01","2026-09-29T05:34:12.3900509Z",64,64,jpeg,5c7b367099e48f200c3c060a0b938d70bc070ec50e93ec4f670a178007281fc5
"hangul_0525_20260929T053418455Z_667bbc39.jpg","뒈",525,,,pending_review,"P003","S01","2026-09-29T05:34:18.4550334Z",64,64,jpeg,5c7b367099e48f200c3c060a0b938d70bc070ec50e93ec4f670a178007281fc5
"hangul_0526_20260929T053424950Z_ca03f9cc.jpg","뒝",526,,,pending_review,"P003","S01","2026-09-29T05:34:24.9505184Z",64,64,jpeg,5c7b367099e48f200c3c060a0b938d70bc070ec50e93ec4f670a178007281fc5
"hangul_0527_20260929T053430000Z_093c9ddf.jpg","뒤",527,,,pending_review,"P003","S01","2026-09-29T05:34:30.0004542Z",64,64,jpeg,5c7b367099e48f200c3c060a0b938d70bc070ec50e93ec4f670a178007281fc5
"hangul_0528_20260929T053436731Z_9ab4061b.jpg","뒨",528,,,pending_review,"P003","S01","2026-09-29T05:34:36.7318753Z",64,64,jpeg,5c7b367099e48f200c3c060a0b938d70bc070ec50e93ec4f670a178007281fc5
"hangul_0528_20260929T053445219Z_7f5c3737.jpg","뒨",528,,,pending_review,"P003","S01","2026-09-29T05:34:45.2191084Z",64,64,jpeg,5c7b367099e48f200c3c060a0b938d70bc070ec50e93ec4f670a178007281fc5
"hangul_0529_20260929T053451469Z_f966cea0.jpg","뒬",529,,,pending_review,"P003","S01","2026-09-29T05:34:51.4698920Z",64,64,jpeg,5c7b367099e48f200c3c060a0b938d70bc070ec50e93ec4f670a178007281fc5
"hangul_0530_20260929T053457829Z_47d30e70.jpg","뒵",530,,,pending_review,"P003","S01","2026-09-29T05:34:57.8298322Z",64,64,jpeg,5c7b367099e48f200c3c060a0b938d70bc070ec50e93ec4f670a178007281fc5
"hangul_0531_20260929T053502792Z_abe9250a.jpg","뒷",531,,,pending_review,"P003","S01","2026-09-29T05:35:02.7920401Z",64,64,jpeg,5c7b367099e48f200c3c060a0b938d70bc070ec50e93ec4f670a178007281fc5
"hangul_0532_20260929T053507769Z_2bebb38b.jpg","뒹",532,,,pending_review,"P003","S01","2026-09-29T05:35:07.7690742Z",64,64,jpeg,5c7b367099e48f200c3c060a0b938d70bc070ec50e93ec4f670a178007281fc5
"hangul_0533_20260929T053511557Z_3ced18ad.jpg","듀",533,,,pending_review,"P003","S01","2026-09-29T05:35:11.5573500Z",64,64,jpeg,5c7b367099e48f200c3c060a0b938d70bc070ec50e93ec4f670a178007281fc5
"hangul_0534_20260929T053516008Z_2af81835.jpg","듄",534,,,pending_review,"P003","S01","2026-09-29T05:35:16.0085806Z",64,64,jpeg,5c7b367099e48f200c3c060a0b938d70bc070ec50e93ec4f670a178007281fc5
"hangul_0535_20260929T053521466Z_5c3a6856.jpg","듈",535,,,pending_review,"P003","S01","2026-09-29T05:35:21.4662248Z",64,64,jpeg,5c7b367099e48f200c3c060a0b938d70bc070ec50e93ec4f670a178007281fc5
"hangul_0536_20260929T053527138Z_3fcf32ef.jpg","듐",536,,,pending_review,"P003","S01","2026-09-29T05:35:27.1386095Z",64,64,jpeg,5c7b367099e48f200c3c060a0b938d70bc070ec50e93ec4f670a178007281fc5
"hangul_0537_20260929T053531656Z_95b48383.jpg","듕",537,,,pending_review,"P003","S01","2026-09-29T05:35:31.6564378Z",64,64,jpeg,5c7b367099e48f200c3c060a0b938d70bc070ec50e93ec4f670a178007281fc5
"hangul_0538_20260929T053534855Z_ca654345.jpg","드",538,,,pending_review,"P003","S01","2026-09-29T05:35:34.8553892Z",64,64,jpeg,5c7b367099e48f200c3c060a0b938d70bc070ec50e93ec4f670a178007281fc5
"hangul_0539_20260929T053538891Z_01de1e0b.jpg","득",539,,,pending_review,"P003","S01","2026-09-29T05:35:38.8911543Z",64,64,jpeg,5c7b367099e48f200c3c060a0b938d70bc070ec50e93ec4f670a178007281fc5
"hangul_0540_20260929T053542678Z_9e9a4e44.jpg","든",540,,,pending_review,"P003","S01","2026-09-29T05:35:42.6787264Z",64,64,jpeg,5c7b367099e48f200c3c060a0b938d70bc070ec50e93ec4f670a178007281fc5
"hangul_0541_20260929T053547597Z_7b7355fd.jpg","듣",541,,,pending_review,"P003","S01","2026-09-29T05:35:47.5978508Z",64,64,jpeg,5c7b367099e48f200c3c060a0b938d70bc070ec50e93ec4f670a178007281fc5
"hangul_0542_20260929T053551751Z_fc89c41f.jpg","들",542,,,pending_review,"P003","S01","2026-09-29T05:35:51.7513819Z",64,64,jpeg,5c7b367099e48f200c3c060a0b938d70bc070ec50e93ec4f670a178007281fc5
"hangul_0543_20260929T053600173Z_c70a2ef9.jpg","듦",543,,,pending_review,"P003","S01","2026-09-29T05:36:00.1730086Z",64,64,jpeg,5c7b367099e48f200c3c060a0b938d70bc070ec50e93ec4f670a178007281fc5
"hangul_0544_20260929T053604571Z_447c6cbb.jpg","듬",544,,,pending_review,"P003","S01","2026-09-29T05:36:04.5713619Z",64,64,jpeg,5c7b367099e48f200c3c060a0b938d70bc070ec50e93ec4f670a178007281fc5
"hangul_0545_20260929T053609308Z_0d2f9b82.jpg","듭",545,,,pending_review,"P003","S01","2026-09-29T05:36:09.3081972Z",64,64,jpeg,5c7b367099e48f200c3c060a0b938d70bc070ec50e93ec4f670a178007281fc5
"hangul_0546_20260929T053613080Z_e63a82d0.jpg","듯",546,,,pending_review,"P003","S01","2026-09-29T05:36:13.0809502Z",64,64,jpeg,5c7b367099e48f200c3c060a0b938d70bc070ec50e93ec4f670a178007281fc5
"hangul_0547_20260929T053616461Z_97c5b92d.jpg","등",547,,,pending_review,"P003","S01","2026-09-29T05:36:16.4614797Z",64,64,jpeg,5c7b367099e48f200c3c060a0b938d70bc070ec50e93ec4f670a178007281fc5
"hangul_0548_20260929T053621074Z_12f24ae9.jpg","듸",548,,,pending_review,"P003","S01","2026-09-29T05:36:21.0748536Z",64,64,jpeg,5c7b367099e48f200c3c060a0b938d70bc070ec50e93ec4f670a178007281fc5
"hangul_0549_20260929T053624875Z_4a704532.jpg","디",549,,,pending_review,"P003","S01","2026-09-29T05:36:24.8757072Z",64,64,jpeg,5c7b367099e48f200c3c060a0b938d70bc070ec50e93ec4f670a178007281fc5
"hangul_0550_20260929T053628556Z_7efaa4fd.jpg","딕",550,,,pending_review,"P003","S01","2026-09-29T05:36:28.5564014Z",64,64,jpeg,5c7b367099e48f200c3c060a0b938d70bc070ec50e93ec4f670a178007281fc5
"hangul_0551_20260929T053632534Z_5f959c93.jpg","딘",551,,,pending_review,"P003","S01","2026-09-29T05:36:32.5344549Z",64,64,jpeg,5c7b367099e48f200c3c060a0b938d70bc070ec50e93ec4f670a178007281fc5
"hangul_0552_20260929T053637132Z_4de2f560.jpg","딛",552,,,pending_review,"P003","S01","2026-09-29T05:36:37.1329071Z",64,64,jpeg,5c7b367099e48f200c3c060a0b938d70bc070ec50e93ec4f670a178007281fc5
"hangul_0553_20260929T053641406Z_fa02e835.jpg","딜",553,,,pending_review,"P003","S01","2026-09-29T05:36:41.4069908Z",64,64,jpeg,5c7b367099e48f200c3c060a0b938d70bc070ec50e93ec4f670a178007281fc5
"hangul_0554_20260929T053645865Z_564a100a.jpg","딤",554,,,pending_review,"P003","S01","2026-09-29T05:36:45.8658807Z",64,64,jpeg,5c7b367099e48f200c3c060a0b938d70bc070ec50e93ec4f670a178007281fc5
"hangul_0555_20260929T053650421Z_3f680859.jpg","딥",555,,,pending_review,"P003","S01","2026-09-29T05:36:50.4216328Z",64,64,jpeg,5c7b367099e48f200c3c060a0b938d70bc070ec50e93ec4f670a178007281fc5
"hangul_0556_20260929T053653988Z_221e7723.jpg","딧",556,,,pending_review,"P003","S01","2026-09-29T05:36:53.9885904Z",64,64,jpeg,5c7b367099e48f200c3c060a0b938d70bc070ec50e93ec4f670a178007281fc5
"hangul_0557_20260929T053659840Z_3facc650.jpg","딨",557,,,pending_review,"P003","S01","2026-09-29T05:36:59.8407186Z",64,64,jpeg,5c7b367099e48f200c3c060a0b938d70bc070ec50e93ec4f670a178007281fc5
"hangul_0558_20260929T053704202Z_7b0c6d2e.jpg","딩",558,,,pending_review,"P003","S01","2026-09-29T05:37:04.2029000Z",64,64,jpeg,5c7b367099e48f200c3c060a0b938d70bc070ec50e93ec4f670a178007281fc5
"hangul_0559_20260929T053708225Z_a7fceea3.jpg","딪",559,,,pending_review,"P003","S01","2026-09-29T05:37:08.2254404Z",64,64,jpeg,5c7b367099e48f200c3c060a0b938d70bc070ec50e93ec4f670a178007281fc5
"hangul_0560_20260929T053712630Z_3ef09b21.jpg","따",560,,,pending_review,"P003","S01","2026-09-29T05:37:12.6306375Z",64,64,jpeg,5c7b367099e48f200c3c060a0b938d70bc070ec50e93ec4f670a178007281fc5
"hangul_0561_20260929T053717665Z_79633b58.jpg","딱",561,,,pending_review,"P003","S01","2026-09-29T05:37:17.6657712Z",64,64,jpeg,5c7b367099e48f200c3c060a0b938d70bc070ec50e93ec4f670a178007281fc5
"hangul_0562_20260929T053722310Z_65b0d08c.jpg","딴",562,,,pending_review,"P003","S01","2026-09-29T05:37:22.3106752Z",64,64,jpeg,5c7b367099e48f200c3c060a0b938d70bc070ec50e93ec4f670a178007281fc5
"hangul_0563_20260929T053728290Z_9851d9ba.jpg","딸",563,,,pending_review,"P003","S01","2026-09-29T05:37:28.2900370Z",64,64,jpeg,5c7b367099e48f200c3c060a0b938d70bc070ec50e93ec4f670a178007281fc5
"hangul_0564_20260929T053737440Z_4cbece88.jpg","땀",564,,,pending_review,"P003","S01","2026-09-29T05:37:37.4403063Z",64,64,jpeg,5c7b367099e48f200c3c060a0b938d70bc070ec50e93ec4f670a178007281fc5
"hangul_0565_20260929T053744929Z_04ddbdbc.jpg","땁",565,,,pending_review,"P003","S01","2026-09-29T05:37:44.9299655Z",64,64,jpeg,5c7b367099e48f200c3c060a0b938d70bc070ec50e93ec4f670a178007281fc5
"hangul_0566_20260929T053750047Z_b2ac9e0b.jpg","땃",566,,,pending_review,"P003","S01","2026-09-29T05:37:50.0479903Z",64,64,jpeg,5c7b367099e48f200c3c060a0b938d70bc070ec50e93ec4f670a178007281fc5
"hangul_0567_20260929T053758230Z_83b85e4c.jpg","땄",567,,,pending_review,"P003","S01","2026-09-29T05:37:58.2305698Z",64,64,jpeg,5c7b367099e48f200c3c060a0b938d70bc070ec50e93ec4f670a178007281fc5
"hangul_0568_20260929T053803846Z_96391794.jpg","땅",568,,,pending_review,"P003","S01","2026-09-29T05:38:03.8462939Z",64,64,jpeg,5c7b367099e48f200c3c060a0b938d70bc070ec50e93ec4f670a178007281fc5
"hangul_0569_20260929T053811029Z_35fc6ba7.jpg","땋",569,,,pending_review,"P003","S01","2026-09-29T05:38:11.0290168Z",64,64,jpeg,5c7b367099e48f200c3c060a0b938d70bc070ec50e93ec4f670a178007281fc5
"hangul_0570_20260929T053816894Z_ed2dbfdc.jpg","때",570,,,pending_review,"P003","S01","2026-09-29T05:38:16.8949156Z",64,64,jpeg,5c7b367099e48f200c3c060a0b938d70bc070ec50e93ec4f670a178007281fc5
"hangul_0571_20260929T053822186Z_c969ad70.jpg","땍",571,,,pending_review,"P003","S01","2026-09-29T05:38:22.1866593Z",64,64,jpeg,5c7b367099e48f200c3c060a0b938d70bc070ec50e93ec4f670a178007281fc5
"hangul_0572_20260929T053827047Z_c397aac8.jpg","땐",572,,,pending_review,"P003","S01","2026-09-29T05:38:27.0473427Z",64,64,jpeg,5c7b367099e48f200c3c060a0b938d70bc070ec50e93ec4f670a178007281fc5
"hangul_0573_20260929T053836830Z_cad465b2.jpg","땔",573,,,pending_review,"P003","S01","2026-09-29T05:38:36.8303472Z",64,64,jpeg,5c7b367099e48f200c3c060a0b938d70bc070ec50e93ec4f670a178007281fc5
"hangul_0574_20260929T053846149Z_aa6401fd.jpg","땜",574,,,pending_review,"P003","S01","2026-09-29T05:38:46.1494446Z",64,64,jpeg,5c7b367099e48f200c3c060a0b938d70bc070ec50e93ec4f670a178007281fc5
"hangul_0575_20260929T053852107Z_57130711.jpg","땝",575,,,pending_review,"P003","S01","2026-09-29T05:38:52.1076703Z",64,64,jpeg,5c7b367099e48f200c3c060a0b938d70bc070ec50e93ec4f670a178007281fc5
"hangul_0576_20260929T053857970Z_a70b7445.jpg","땟",576,,,pending_review,"P003","S01","2026-09-29T05:38:57.9707383Z",64,64,jpeg,5c7b367099e48f200c3c060a0b938d70bc070ec50e93ec4f670a178007281fc5
"hangul_0576_20260929T053901494Z_137e48e5.jpg","땟",576,,,pending_review,"P003","S01","2026-09-29T05:39:01.4949601Z",64,64,jpeg,5c7b367099e48f200c3c060a0b938d70bc070ec50e93ec4f670a178007281fc5
"hangul_0577_20260929T053911268Z_295aa789.jpg","땠",577,,,pending_review,"P003","S01","2026-09-29T05:39:11.2684962Z",64,64,jpeg,5c7b367099e48f200c3c060a0b938d70bc070ec50e93ec4f670a178007281fc5
"hangul_0578_20260929T053917833Z_6b43dd71.jpg","땡",578,,,pending_review,"P003","S01","2026-09-29T05:39:17.8338780Z",64,64,jpeg,5c7b367099e48f200c3c060a0b938d70bc070ec50e93ec4f670a178007281fc5
"hangul_0579_20260929T053924321Z_9ffd1a33.jpg","떠",579,,,pending_review,"P003","S01","2026-09-29T05:39:24.3217892Z",64,64,jpeg,5c7b367099e48f200c3c060a0b938d70bc070ec50e93ec4f670a178007281fc5
"hangul_0580_20260929T053930008Z_768b3a39.jpg","떡",580,,,pending_review,"P003","S01","2026-09-29T05:39:30.0084521Z",64,64,jpeg,5c7b367099e48f200c3c060a0b938d70bc070ec50e93ec4f670a178007281fc5
"hangul_0581_20260929T053935903Z_096d7670.jpg","떤",581,,,pending_review,"P003","S01","2026-09-29T05:39:35.9038137Z",64,64,jpeg,5c7b367099e48f200c3c060a0b938d70bc070ec50e93ec4f670a178007281fc5
"hangul_0582_20260929T053942798Z_8eb70d85.jpg","떨",582,,,pending_review,"P003","S01","2026-09-29T05:39:42.7983565Z",64,64,jpeg,5c7b367099e48f200c3c060a0b938d70bc070ec50e93ec4f670a178007281fc5
"hangul_0583_20260929T053950825Z_1bcf790b.jpg","떪",583,,,pending_review,"P003","S01","2026-09-29T05:39:50.8253846Z",64,64,jpeg,5c7b367099e48f200c3c060a0b938d70bc070ec50e93ec4f670a178007281fc5
"hangul_0584_20260929T053958056Z_f0e39966.jpg","떫",584,,,pending_review,"P003","S01","2026-09-29T05:39:58.0569499Z",64,64,jpeg,5c7b367099e48f200c3c060a0b938d70bc070ec50e93ec4f670a178007281fc5
"hangul_0585_20260929T054003454Z_2c04bab1.jpg","떰",585,,,pending_review,"P003","S01","2026-09-29T05:40:03.4542601Z",64,64,jpeg,5c7b367099e48f200c3c060a0b938d70bc070ec50e93ec4f670a178007281fc5
"hangul_0586_20260929T054009954Z_5e595375.jpg","떱",586,,,pending_review,"P003","S01","2026-09-29T05:40:09.9548987Z",64,64,jpeg,5c7b367099e48f200c3c060a0b938d70bc070ec50e93ec4f670a178007281fc5
"hangul_0587_20260929T054015682Z_066b264f.jpg","떳",587,,,pending_review,"P003","S01","2026-09-29T05:40:15.6829655Z",64,64,jpeg,5c7b367099e48f200c3c060a0b938d70bc070ec50e93ec4f670a178007281fc5
"hangul_0588_20260929T054022373Z_21ffa7f3.jpg","떴",588,,,pending_review,"P003","S01","2026-09-29T05:40:22.3731139Z",64,64,jpeg,5c7b367099e48f200c3c060a0b938d70bc070ec50e93ec4f670a178007281fc5
"hangul_0589_20260929T054028565Z_6452262b.jpg","떵",589,,,pending_review,"P003","S01","2026-09-29T05:40:28.5650684Z",64,64,jpeg,5c7b367099e48f200c3c060a0b938d70bc070ec50e93ec4f670a178007281fc5
"hangul_0590_20260929T054035182Z_6f304640.jpg","떻",590,,,pending_review,"P003","S01","2026-09-29T05:40:35.1828286Z",64,64,jpeg,5c7b367099e48f200c3c060a0b938d70bc070ec50e93ec4f670a178007281fc5
"hangul_0591_20260929T054040909Z_c0551816.jpg","떼",591,,,pending_review,"P003","S01","2026-09-29T05:40:40.9092846Z",64,64,jpeg,5c7b367099e48f200c3c060a0b938d70bc070ec50e93ec4f670a178007281fc5
"hangul_0592_20260929T054046353Z_164bc0e8.jpg","떽",592,,,pending_review,"P003","S01","2026-09-29T05:40:46.3533358Z",64,64,jpeg,5c7b367099e48f200c3c060a0b938d70bc070ec50e93ec4f670a178007281fc5
"hangul_0593_20260929T054052641Z_4ed778ef.jpg","뗀",593,,,pending_review,"P003","S01","2026-09-29T05:40:52.6417274Z",64,64,jpeg,5c7b367099e48f200c3c060a0b938d70bc070ec50e93ec4f670a178007281fc5
"hangul_0594_20260929T054154071Z_d7be7a17.jpg","뗄",594,,,pending_review,"P003","S01","2026-09-29T05:41:54.0719037Z",64,64,jpeg,5c7b367099e48f200c3c060a0b938d70bc070ec50e93ec4f670a178007281fc5
"hangul_0595_20260929T054201208Z_cbda1740.jpg","뗌",595,,,pending_review,"P003","S01","2026-09-29T05:42:01.2089627Z",64,64,jpeg,5c7b367099e48f200c3c060a0b938d70bc070ec50e93ec4f670a178007281fc5
"hangul_0596_20260929T054208218Z_35fe9a15.jpg","뗍",596,,,pending_review,"P003","S01","2026-09-29T05:42:08.2186793Z",64,64,jpeg,5c7b367099e48f200c3c060a0b938d70bc070ec50e93ec4f670a178007281fc5
"hangul_0597_20260929T054214126Z_80eb24da.jpg","뗏",597,,,pending_review,"P003","S01","2026-09-29T05:42:14.1269812Z",64,64,jpeg,5c7b367099e48f200c3c060a0b938d70bc070ec50e93ec4f670a178007281fc5
"hangul_0598_20260929T054219988Z_2470db36.jpg","뗐",598,,,pending_review,"P003","S01","2026-09-29T05:42:19.9888892Z",64,64,jpeg,5c7b367099e48f200c3c060a0b938d70bc070ec50e93ec4f670a178007281fc5
"hangul_0599_20260929T054227758Z_1f73159b.jpg","뗑",599,,,pending_review,"P003","S01","2026-09-29T05:42:27.7582088Z",64,64,jpeg,5c7b367099e48f200c3c060a0b938d70bc070ec50e93ec4f670a178007281fc5
"hangul_0600_20260929T054232855Z_3137ba45.jpg","뗘",600,,,pending_review,"P003","S01","2026-09-29T05:42:32.8553547Z",64,64,jpeg,5c7b367099e48f200c3c060a0b938d70bc070ec50e93ec4f670a178007281fc5
"hangul_0601_20260929T054241025Z_f8a2b7c8.jpg","뗬",601,,,pending_review,"P003","S01","2026-09-29T05:42:41.0258366Z",64,64,jpeg,5c7b367099e48f200c3c060a0b938d70bc070ec50e93ec4f670a178007281fc5
"hangul_0602_20260929T054244869Z_12310c90.jpg","또",602,,,pending_review,"P003","S01","2026-09-29T05:42:44.8691801Z",64,64,jpeg,5c7b367099e48f200c3c060a0b938d70bc070ec50e93ec4f670a178007281fc5
"hangul_0603_20260929T054249731Z_eab2158d.jpg","똑",603,,,pending_review,"P003","S01","2026-09-29T05:42:49.7310484Z",64,64,jpeg,5c7b367099e48f200c3c060a0b938d70bc070ec50e93ec4f670a178007281fc5
"hangul_0604_20260929T054253935Z_7ebc7eb8.jpg","똔",604,,,pending_review,"P003","S01","2026-09-29T05:42:53.9350418Z",64,64,jpeg,5c7b367099e48f200c3c060a0b938d70bc070ec50e93ec4f670a178007281fc5
"hangul_0605_20260929T054259771Z_ac3451e1.jpg","똘",605,,,pending_review,"P003","S01","2026-09-29T05:42:59.7719319Z",64,64,jpeg,5c7b367099e48f200c3c060a0b938d70bc070ec50e93ec4f670a178007281fc5
"hangul_0606_20260929T054317069Z_a7f59130.jpg","똥",606,,,pending_review,"P003","S01","2026-09-29T05:43:17.0691095Z",64,64,jpeg,5c7b367099e48f200c3c060a0b938d70bc070ec50e93ec4f670a178007281fc5
"hangul_0607_20260929T054322358Z_7a7aa8af.jpg","똬",607,,,pending_review,"P003","S01","2026-09-29T05:43:22.3586528Z",64,64,jpeg,5c7b367099e48f200c3c060a0b938d70bc070ec50e93ec4f670a178007281fc5
"hangul_0608_20260929T054328870Z_61f15976.jpg","똴",608,,,pending_review,"P003","S01","2026-09-29T05:43:28.8702011Z",64,64,jpeg,5c7b367099e48f200c3c060a0b938d70bc070ec50e93ec4f670a178007281fc5
"hangul_0609_20260929T054335065Z_4ebc4bfc.jpg","뙈",609,,,pending_review,"P003","S01","2026-09-29T05:43:35.0657920Z",64,64,jpeg,5c7b367099e48f200c3c060a0b938d70bc070ec50e93ec4f670a178007281fc5
"hangul_0610_20260929T054340658Z_1a78ca20.jpg","뙤",610,,,pending_review,"P003","S01","2026-09-29T05:43:40.6587546Z",64,64,jpeg,5c7b367099e48f200c3c060a0b938d70bc070ec50e93ec4f670a178007281fc5
"hangul_0611_20260929T054345846Z_3e720367.jpg","뙨",611,,,pending_review,"P003","S01","2026-09-29T05:43:45.8466394Z",64,64,jpeg,5c7b367099e48f200c3c060a0b938d70bc070ec50e93ec4f670a178007281fc5
"hangul_0612_20260929T054350933Z_7d1f562b.jpg","뚜",612,,,pending_review,"P003","S01","2026-09-29T05:43:50.9338042Z",64,64,jpeg,5c7b367099e48f200c3c060a0b938d70bc070ec50e93ec4f670a178007281fc5
"hangul_0613_20260929T054355672Z_e6388e30.jpg","뚝",613,,,pending_review,"P003","S01","2026-09-29T05:43:55.6721294Z",64,64,jpeg,5c7b367099e48f200c3c060a0b938d70bc070ec50e93ec4f670a178007281fc5
"hangul_0614_20260929T054401016Z_3fc0b60b.jpg","뚠",614,,,pending_review,"P003","S01","2026-09-29T05:44:01.0167758Z",64,64,jpeg,5c7b367099e48f200c3c060a0b938d70bc070ec50e93ec4f670a178007281fc5
"hangul_0615_20260929T054406091Z_80527414.jpg","뚤",615,,,pending_review,"P003","S01","2026-09-29T05:44:06.0911115Z",64,64,jpeg,5c7b367099e48f200c3c060a0b938d70bc070ec50e93ec4f670a178007281fc5
"hangul_0616_20260929T054414842Z_39994ec4.jpg","뚫",616,,,pending_review,"P003","S01","2026-09-29T05:44:14.8421573Z",64,64,jpeg,5c7b367099e48f200c3c060a0b938d70bc070ec50e93ec4f670a178007281fc5
"hangul_0617_20260929T054420231Z_13b57ae6.jpg","뚬",617,,,pending_review,"P003","S01","2026-09-29T05:44:20.2319865Z",64,64,jpeg,5c7b367099e48f200c3c060a0b938d70bc070ec50e93ec4f670a178007281fc5
"hangul_0618_20260929T054433724Z_95e82b8e.jpg","뚱",618,,,pending_review,"P003","S01","2026-09-29T05:44:33.7245681Z",64,64,jpeg,5c7b367099e48f200c3c060a0b938d70bc070ec50e93ec4f670a178007281fc5
"hangul_0619_20260929T054438574Z_507bdb02.jpg","뛔",619,,,pending_review,"P003","S01","2026-09-29T05:44:38.5749461Z",64,64,jpeg,5c7b367099e48f200c3c060a0b938d70bc070ec50e93ec4f670a178007281fc5
"hangul_0620_20260929T054442699Z_99e091ad.jpg","뛰",620,,,pending_review,"P003","S01","2026-09-29T05:44:42.6995272Z",64,64,jpeg,5c7b367099e48f200c3c060a0b938d70bc070ec50e93ec4f670a178007281fc5
"hangul_0621_20260929T054448113Z_2943a66e.jpg","뛴",621,,,pending_review,"P003","S01","2026-09-29T05:44:48.1139050Z",64,64,jpeg,5c7b367099e48f200c3c060a0b938d70bc070ec50e93ec4f670a178007281fc5
"hangul_0622_20260929T054453298Z_980a4f73.jpg","뛸",622,,,pending_review,"P003","S01","2026-09-29T05:44:53.2980165Z",64,64,jpeg,5c7b367099e48f200c3c060a0b938d70bc070ec50e93ec4f670a178007281fc5
"hangul_0623_20260929T054458784Z_5417f011.jpg","뜀",623,,,pending_review,"P003","S01","2026-09-29T05:44:58.7842276Z",64,64,jpeg,5c7b367099e48f200c3c060a0b938d70bc070ec50e93ec4f670a178007281fc5
"hangul_0624_20260929T054505064Z_dbf8571b.jpg","뜁",624,,,pending_review,"P003","S01","2026-09-29T05:45:05.0647544Z",64,64,jpeg,5c7b367099e48f200c3c060a0b938d70bc070ec50e93ec4f670a178007281fc5
"hangul_0625_20260929T054510426Z_45f1c70d.jpg","뜅",625,,,pending_review,"P003","S01","2026-09-29T05:45:10.4262970Z",64,64,jpeg,5c7b367099e48f200c3c060a0b938d70bc070ec50e93ec4f670a178007281fc5
"hangul_0626_20260929T054514998Z_51c5d241.jpg","뜨",626,,,pending_review,"P003","S01","2026-09-29T05:45:14.9980333Z",64,64,jpeg,5c7b367099e48f200c3c060a0b938d70bc070ec50e93ec4f670a178007281fc5
"hangul_0627_20260929T054803074Z_7b58ed39.jpg","뜩",627,,,pending_review,"P003","S01","2026-09-29T05:48:03.0740884Z",64,64,jpeg,5c7b367099e48f200c3c060a0b938d70bc070ec50e93ec4f670a178007281fc5
"hangul_0628_20260929T054807989Z_f4d8fb83.jpg","뜬",628,,,pending_review,"P003","S01","2026-09-29T05:48:07.9898591Z",64,64,jpeg,5c7b367099e48f200c3c060a0b938d70bc070ec50e93ec4f670a178007281fc5
"hangul_0629_20260929T054812616Z_70c8dd79.jpg","뜯",629,,,pending_review,"P003","S01","2026-09-29T05:48:12.6166630Z",64,64,jpeg,5c7b367099e48f200c3c060a0b938d70bc070ec50e93ec4f670a178007281fc5
"hangul_0630_20260929T054817146Z_fe81484c.jpg","뜰",630,,,pending_review,"P003","S01","2026-09-29T05:48:17.1461688Z",64,64,jpeg,5c7b367099e48f200c3c060a0b938d70bc070ec50e93ec4f670a178007281fc5
"hangul_0631_20260929T054822128Z_1ead8f1a.jpg","뜸",631,,,pending_review,"P003","S01","2026-09-29T05:48:22.1285240Z",64,64,jpeg,5c7b367099e48f200c3c060a0b938d70bc070ec50e93ec4f670a178007281fc5
"hangul_0632_20260929T054827749Z_197531f7.jpg","뜹",632,,,pending_review,"P003","S01","2026-09-29T05:48:27.7494445Z",64,64,jpeg,5c7b367099e48f200c3c060a0b938d70bc070ec50e93ec4f670a178007281fc5
"hangul_0633_20260929T054831816Z_fdd949b1.jpg","뜻",633,,,pending_review,"P003","S01","2026-09-29T05:48:31.8167659Z",64,64,jpeg,5c7b367099e48f200c3c060a0b938d70bc070ec50e93ec4f670a178007281fc5
"hangul_0634_20260929T054837290Z_49cacce2.jpg","띄",634,,,pending_review,"P003","S01","2026-09-29T05:48:37.2901668Z",64,64,jpeg,5c7b367099e48f200c3c060a0b938d70bc070ec50e93ec4f670a178007281fc5
"hangul_0635_20260929T054841633Z_8a012d73.jpg","띈",635,,,pending_review,"P003","S01","2026-09-29T05:48:41.6338878Z",64,64,jpeg,5c7b367099e48f200c3c060a0b938d70bc070ec50e93ec4f670a178007281fc5
"hangul_0000_20260929T054903657Z_669463ae.jpg","가",0,,,pending_review,"P004","S01","2026-09-29T05:49:03.6571842Z",64,64,jpeg,5c7b367099e48f200c3c060a0b938d70bc070ec50e93ec4f670a178007281fc5
"hangul_0001_20260929T054907571Z_50d6cdd8.jpg","각",1,,,pending_review,"P004","S01","2026-09-29T05:49:07.5710628Z",64,64,jpeg,5c7b367099e48f200c3c060a0b938d70bc070ec50e93ec4f670a178007281fc5
"hangul_0002_20260929T054910742Z_8f8e5487.jpg","간",2,,,pending_review,"P004","S01","2026-09-29T05:49:10.7424100Z",64,64,jpeg,5c7b367099e48f200c3c060a0b938d70bc070ec50e93ec4f670a178007281fc5
"hangul_0003_20260929T054914302Z_c2415c86.jpg","갇",3,,,pending_review,"P004","S01","2026-09-29T05:49:14.3021628Z",64,64,jpeg,5c7b367099e48f200c3c060a0b938d70bc070ec50e93ec4f670a178007281fc5
"hangul_0004_20260929T054917772Z_35cb21a0.jpg","갈",4,,,pending_review,"P004","S01","2026-09-29T05:49:17.7729397Z",64,64,jpeg,5c7b367099e48f200c3c060a0b938d70bc070ec50e93ec4f670a178007281fc5
"hangul_0005_20260929T054922350Z_2efaba38.jpg","갉",5,,,pending_review,"P004","S01","2026-09-29T05:49:22.3505404Z",64,64,jpeg,5c7b367099e48f200c3c060a0b938d70bc070ec50e93ec4f670a178007281fc5
"hangul_0006_20260929T054927620Z_bbfcdce9.jpg","갊",6,,,pending_review,"P004","S01","2026-09-29T05:49:27.6205963Z",64,64,jpeg,5c7b367099e48f200c3c060a0b938d70bc070ec50e93ec4f670a178007281fc5
"hangul_0007_20260929T054931271Z_374d1104.jpg","감",7,,,pending_review,"P004","S01","2026-09-29T05:49:31.2711738Z",64,64,jpeg,5c7b367099e48f200c3c060a0b938d70bc070ec50e93ec4f670a178007281fc5
"hangul_0008_20260929T054935127Z_61b58956.jpg","갑",8,,,pending_review,"P004","S01","2026-09-29T05:49:35.1275535Z",64,64,jpeg,5c7b367099e48f200c3c060a0b938d70bc070ec50e93ec4f670a178007281fc5
"hangul_0009_20260929T054940129Z_a4c5d91e.jpg","값",9,,,pending_review,"P004","S01","2026-09-29T05:49:40.1297534Z",64,64,jpeg,5c7b367099e48f200c3c060a0b938d70bc070ec50e93ec4f670a178007281fc5
"hangul_0010_20260929T054943091Z_945bae6d.jpg","갓",10,,,pending_review,"P004","S01","2026-09-29T05:49:43.0913938Z",64,64,jpeg,5c7b367099e48f200c3c060a0b938d70bc070ec50e93ec4f670a178007281fc5
"hangul_0011_20260929T054946509Z_2749b6b3.jpg","갔",11,,,pending_review,"P004","S01","2026-09-29T05:49:46.5093776Z",64,64,jpeg,5c7b367099e48f200c3c060a0b938d70bc070ec50e93ec4f670a178007281fc5
"hangul_0012_20260929T054949250Z_28ef0d5b.jpg","강",12,,,pending_review,"P004","S01","2026-09-29T05:49:49.2509070Z",64,64,jpeg,5c7b367099e48f200c3c060a0b938d70bc070ec50e93ec4f670a178007281fc5
"hangul_0013_20260929T054952275Z_ebe443e5.jpg","갖",13,,,pending_review,"P004","S01","2026-09-29T05:49:52.2752730Z",64,64,jpeg,5c7b367099e48f200c3c060a0b938d70bc070ec50e93ec4f670a178007281fc5
"hangul_0014_20260929T054955741Z_31025197.jpg","갗",14,,,pending_review,"P004","S01","2026-09-29T05:49:55.7414668Z",64,64,jpeg,5c7b367099e48f200c3c060a0b938d70bc070ec50e93ec4f670a178007281fc5
"hangul_0015_20260929T054959460Z_2cf6f96a.jpg","같",15,,,pending_review,"P004","S01","2026-09-29T05:49:59.4609350Z",64,64,jpeg,5c7b367099e48f200c3c060a0b938d70bc070ec50e93ec4f670a178007281fc5
"hangul_0016_20260929T055002859Z_aa12eb8d.jpg","갚",16,,,pending_review,"P004","S01","2026-09-29T05:50:02.8596398Z",64,64,jpeg,5c7b367099e48f200c3c060a0b938d70bc070ec50e93ec4f670a178007281fc5
"hangul_0017_20260929T055007084Z_85024c45.jpg","갛",17,,,pending_review,"P004","S01","2026-09-29T05:50:07.0842435Z",64,64,jpeg,5c7b367099e48f200c3c060a0b938d70bc070ec50e93ec4f670a178007281fc5
"hangul_0018_20260929T055009655Z_5a7301d9.jpg","개",18,,,pending_review,"P004","S01","2026-09-29T05:50:09.6556536Z",64,64,jpeg,5c7b367099e48f200c3c060a0b938d70bc070ec50e93ec4f670a178007281fc5
"hangul_0019_20260929T055031488Z_a899ade1.jpg","객",19,,,pending_review,"P004","S01","2026-09-29T05:50:31.4885174Z",64,64,jpeg,5c7b367099e48f200c3c060a0b938d70bc070ec50e93ec4f670a178007281fc5
"hangul_0020_20260929T055034840Z_5e9b6dd4.jpg","갠",20,,,pending_review,"P004","S01","2026-09-29T05:50:34.8404943Z",64,64,jpeg,5c7b367099e48f200c3c060a0b938d70bc070ec50e93ec4f670a178007281fc5
"hangul_0021_20260929T055039187Z_ed9f4c4f.jpg","갤",21,,,pending_review,"P004","S01","2026-09-29T05:50:39.1878809Z",64,64,jpeg,5c7b367099e48f200c3c060a0b938d70bc070ec50e93ec4f670a178007281fc5
"hangul_0022_20260929T055043238Z_d73033a5.jpg","갬",22,,,pending_review,"P004","S01","2026-09-29T05:50:43.2384909Z",64,64,jpeg,5c7b367099e48f200c3c060a0b938d70bc070ec50e93ec4f670a178007281fc5
"hangul_0023_20260929T055049781Z_00c5db8c.jpg","갭",23,,,pending_review,"P004","S01","2026-09-29T05:50:49.7810857Z",64,64,jpeg,5c7b367099e48f200c3c060a0b938d70bc070ec50e93ec4f670a178007281fc5
"hangul_0024_20260929T055053330Z_e1f52178.jpg","갯",24,,,pending_review,"P004","S01","2026-09-29T05:50:53.3306236Z",64,64,jpeg,5c7b367099e48f200c3c060a0b938d70bc070ec50e93ec4f670a178007281fc5
"hangul_0025_20260929T055057537Z_2c1b567e.jpg","갰",25,,,pending_review,"P004","S01","2026-09-29T05:50:57.5378650Z",64,64,jpeg,5c7b367099e48f200c3c060a0b938d70bc070ec50e93ec4f670a178007281fc5
"hangul_0026_20260929T055100816Z_51bd22c0.jpg","갱",26,,,pending_review,"P004","S01","2026-09-29T05:51:00.8160471Z",64,64,jpeg,5c7b367099e48f200c3c060a0b938d70bc070ec50e93ec4f670a178007281fc5
"hangul_0027_20260929T055103621Z_71413ab6.jpg","갸",27,,,pending_review,"P004","S01","2026-09-29T05:51:03.6211103Z",64,64,jpeg,5c7b367099e48f200c3c060a0b938d70bc070ec50e93ec4f670a178007281fc5
"hangul_0028_20260929T055106884Z_b6bdb5e6.jpg","갹",28,,,pending_review,"P004","S01","2026-09-29T05:51:06.8848515Z",64,64,jpeg,5c7b367099e48f200c3c060a0b938d70bc070ec50e93ec4f670a178007281fc5
"hangul_0029_20260929T055110043Z_9ab678a0.jpg","갼",29,,,pending_review,"P004","S01","2026-09-29T05:51:10.0431939Z",64,64,jpeg,5c7b367099e48f200c3c060a0b938d70bc070ec50e93ec4f670a178007281fc5
"hangul_0030_20260929T055114014Z_75c46abc.jpg","걀",30,,,pending_review,"P004","S01","2026-09-29T05:51:14.0145204Z",64,64,jpeg,5c7b367099e48f200c3c060a0b938d70bc070ec50e93ec4f670a178007281fc5
"hangul_0031_20260929T055117263Z_e566b12e.jpg","걋",31,,,pending_review,"P004","S01","2026-09-29T05:51:17.2632314Z",64,64,jpeg,5c7b367099e48f200c3c060a0b938d70bc070ec50e93ec4f670a178007281fc5
"hangul_0032_20260929T055120403Z_c9f507ab.jpg","걍",32,,,pending_review,"P004","S01","2026-09-29T05:51:20.4034097Z",64,64,jpeg,5c7b367099e48f200c3c060a0b938d70bc070ec50e93ec4f670a178007281fc5
"hangul_0033_20260929T055123485Z_b496bc7a.jpg","걔",33,,,pending_review,"P004","S01","2026-09-29T05:51:23.4850222Z",64,64,jpeg,5c7b367099e48f200c3c060a0b938d70bc070ec50e93ec4f670a178007281fc5
"hangul_0034_20260929T055127255Z_2eb532f3.jpg","걘",34,,,pending_review,"P004","S01","2026-09-29T05:51:27.2551068Z",64,64,jpeg,5c7b367099e48f200c3c060a0b938d70bc070ec50e93ec4f670a178007281fc5
"hangul_0035_20260929T055131826Z_2cd432d7.jpg","걜",35,,,pending_review,"P004","S01","2026-09-29T05:51:31.8267780Z",64,64,jpeg,5c7b367099e48f200c3c060a0b938d70bc070ec50e93ec4f670a178007281fc5
"hangul_0036_20260929T055134149Z_74e326b0.jpg","거",36,,,pending_review,"P004","S01","2026-09-29T05:51:34.1497279Z",64,64,jpeg,5c7b367099e48f200c3c060a0b938d70bc070ec50e93ec4f670a178007281fc5
"hangul_0037_20260929T055137174Z_7de48d0b.jpg","걱",37,,,pending_review,"P004","S01","2026-09-29T05:51:37.1743981Z",64,64,jpeg,5c7b367099e48f200c3c060a0b938d70bc070ec50e93ec4f670a178007281fc5
"hangul_0038_20260929T055140225Z_52757e6a.jpg","건",38,,,pending_review,"P004","S01","2026-09-29T05:51:40.2250746Z",64,64,jpeg,5c7b367099e48f200c3c060a0b938d70bc070ec50e93ec4f670a178007281fc5
"hangul_0039_20260929T055143595Z_8c7bd23d.jpg","걷",39,,,pending_review,"P004","S01","2026-09-29T05:51:43.5950081Z",64,64,jpeg,5c7b367099e48f200c3c060a0b938d70bc070ec50e93ec4f670a178007281fc5
"hangul_0040_20260929T055147188Z_5d4571c0.jpg","걸",40,,,pending_review,"P004","S01","2026-09-29T05:51:47.1886564Z",64,64,jpeg,5c7b367099e48f200c3c060a0b938d70bc070ec50e93ec4f670a178007281fc5
"hangul_0041_20260929T055152074Z_651168cd.jpg","걺",41,,,pending_review,"P004","S01","2026-09-29T05:51:52.0741285Z",64,64,jpeg,5c7b367099e48f200c3c060a0b938d70bc070ec50e93ec4f670a178007281fc5
"hangul_0042_20260929T055155697Z_697402a8.jpg","검",42,,,pending_review,"P004","S01","2026-09-29T05:51:55.6979268Z",64,64,jpeg,5c7b367099e48f200c3c060a0b938d70bc070ec50e93ec4f670a178007281fc5
"hangul_0042_20260929T055159420Z_f83de593.jpg","검",42,,,pending_review,"P004","S01","2026-09-29T05:51:59.4201601Z",64,64,jpeg,5c7b367099e48f200c3c060a0b938d70bc070ec50e93ec4f670a178007281fc5
"hangul_0043_20260929T055204064Z_eb6cc0b8.jpg","겁",43,,,pending_review,"P004","S01","2026-09-29T05:52:04.0648179Z",64,64,jpeg,5c7b367099e48f200c3c060a0b938d70bc070ec50e93ec4f670a178007281fc5
"hangul_0044_20260929T055208528Z_227c92fe.jpg","것",44,,,pending_review,"P004","S01","2026-09-29T05:52:08.5284291Z",64,64,jpeg,5c7b367099e48f200c3c060a0b938d70bc070ec50e93ec4f670a178007281fc5
"hangul_0045_20260929T055212625Z_1a9da930.jpg","겄",45,,,pending_review,"P004","S01","2026-09-29T05:52:12.6251113Z",64,64,jpeg,5c7b367099e48f200c3c060a0b938d70bc070ec50e93ec4f670a178007281fc5
"hangul_0046_20260929T055215339Z_3b0d69b3.jpg","겅",46,,,pending_review,"P004","S01","2026-09-29T05:52:15.3393028Z",64,64,jpeg,5c7b367099e48f200c3c060a0b938d70bc070ec50e93ec4f670a178007281fc5
"hangul_0047_20260929T055220574Z_a4f97fe8.jpg","겆",47,,,pending_review,"P004","S01","2026-09-29T05:52:20.5743489Z",64,64,jpeg,5c7b367099e48f200c3c060a0b938d70bc070ec50e93ec4f670a178007281fc5
"hangul_0048_20260929T055225926Z_bf0c60a3.jpg","겉",48,,,pending_review,"P004","S01","2026-09-29T05:52:25.9266398Z",64,64,jpeg,5c7b367099e48f200c3c060a0b938d70bc070ec50e93ec4f670a178007281fc5
"hangul_0049_20260929T055229887Z_506da669.jpg","겊",49,,,pending_review,"P004","S01","2026-09-29T05:52:29.8876245Z",64,64,jpeg,5c7b367099e48f200c3c060a0b938d70bc070ec50e93ec4f670a178007281fc5
"hangul_0050_20260929T055233474Z_a9c11adf.jpg","겋",50,,,pending_review,"P004","S01","2026-09-29T05:52:33.4740059Z",64,64,jpeg,5c7b367099e48f200c3c060a0b938d70bc070ec50e93ec4f670a178007281fc5
"hangul_0051_20260929T055236172Z_bdb38f66.jpg","게",51,,,pending_review,"P004","S01","2026-09-29T05:52:36.1727793Z",64,64,jpeg,5c7b367099e48f200c3c060a0b938d70bc070ec50e93ec4f670a178007281fc5
"hangul_0052_20260929T055239610Z_f2b78249.jpg","겐",52,,,pending_review,"P004","S01","2026-09-29T05:52:39.6108762Z",64,64,jpeg,5c7b367099e48f200c3c060a0b938d70bc070ec50e93ec4f670a178007281fc5
"hangul_0053_20260929T055244841Z_b69b2c75.jpg","겔",53,,,pending_review,"P004","S01","2026-09-29T05:52:44.8415286Z",64,64,jpeg,5c7b367099e48f200c3c060a0b938d70bc070ec50e93ec4f670a178007281fc5
"hangul_0054_20260929T055249210Z_8c26e657.jpg","겜",54,,,pending_review,"P004","S01","2026-09-29T05:52:49.2104405Z",64,64,jpeg,5c7b367099e48f200c3c060a0b938d70bc070ec50e93ec4f670a178007281fc5
"hangul_0055_20260929T055255560Z_75a5cb8e.jpg","겝",55,,,pending_review,"P004","S01","2026-09-29T05:52:55.5605603Z",64,64,jpeg,5c7b367099e48f200c3c060a0b938d70bc070ec50e93ec4f670a178007281fc5
"hangul_0056_20260929T055259925Z_475c2ee0.jpg","겟",56,,,pending_review,"P004","S01","2026-09-29T05:52:59.9256899Z",64,64,jpeg,5c7b367099e48f200c3c060a0b938d70bc070ec50e93ec4f670a178007281fc5
"hangul_0057_20260929T055304019Z_d499eaab.jpg","겠",57,,,pending_review,"P004","S01","2026-09-29T05:53:04.0194415Z",64,64,jpeg,5c7b367099e48f200c3c060a0b938d70bc070ec50e93ec4f670a178007281fc5
"hangul_0058_20260929T055307434Z_f36a09f3.jpg","겡",58,,,pending_review,"P004","S01","2026-09-29T05:53:07.4343533Z",64,64,jpeg,5c7b367099e48f200c3c060a0b938d70bc070ec50e93ec4f670a178007281fc5
"hangul_0059_20260929T055310600Z_778d550c.jpg","겨",59,,,pending_review,"P004","S01","2026-09-29T05:53:10.6001991Z",64,64,jpeg,5c7b367099e48f200c3c060a0b938d70bc070ec50e93ec4f670a178007281fc5
"hangul_0060_20260929T055314356Z_7ff69c87.jpg","격",60,,,pending_review,"P004","S01","2026-09-29T05:53:14.3564213Z",64,64,jpeg,5c7b367099e48f200c3c060a0b938d70bc070ec50e93ec4f670a178007281fc5
"hangul_0061_20260929T055318757Z_12201502.jpg","겪",61,,,pending_review,"P004","S01","2026-09-29T05:53:18.7574173Z",64,64,jpeg,5c7b367099e48f200c3c060a0b938d70bc070ec50e93ec4f670a178007281fc5
"hangul_0062_20260929T055322672Z_6cf85719.jpg","견",62,,,pending_review,"P004","S01","2026-09-29T05:53:22.6724216Z",64,64,jpeg,5c7b367099e48f200c3c060a0b938d70bc070ec50e93ec4f670a178007281fc5
"hangul_0063_20260929T055326587Z_5772d76d.jpg","겯",63,,,pending_review,"P004","S01","2026-09-29T05:53:26.5879514Z",64,64,jpeg,5c7b367099e48f200c3c060a0b938d70bc070ec50e93ec4f670a178007281fc5
"hangul_0064_20260929T055330863Z_291c203e.jpg","결",64,,,pending_review,"P004","S01","2026-09-29T05:53:30.8634327Z",64,64,jpeg,5c7b367099e48f200c3c060a0b938d70bc070ec50e93ec4f670a178007281fc5
"hangul_0065_20260929T055335157Z_39ab6a59.jpg","겸",65,,,pending_review,"P004","S01","2026-09-29T05:53:35.1570987Z",64,64,jpeg,5c7b367099e48f200c3c060a0b938d70bc070ec50e93ec4f670a178007281fc5
"hangul_0066_20260929T055340368Z_44a3035f.jpg","겹",66,,,pending_review,"P004","S01","2026-09-29T05:53:40.3681455Z",64,64,jpeg,5c7b367099e48f200c3c060a0b938d70bc070ec50e93ec4f670a178007281fc5
"hangul_0067_20260929T055343911Z_c444ed7c.jpg","겻",67,,,pending_review,"P004","S01","2026-09-29T05:53:43.9110382Z",64,64,jpeg,5c7b367099e48f200c3c060a0b938d70bc070ec50e93ec4f670a178007281fc5
"hangul_0068_20260929T055348138Z_0d549a44.jpg","겼",68,,,pending_review,"P004","S01","2026-09-29T05:53:48.1386399Z",64,64,jpeg,5c7b367099e48f200c3c060a0b938d70bc070ec50e93ec4f670a178007281fc5
"hangul_0069_20260929T055351741Z_54fc3626.jpg","경",69,,,pending_review,"P004","S01","2026-09-29T05:53:51.7410339Z",64,64,jpeg,5c7b367099e48f200c3c060a0b938d70bc070ec50e93ec4f670a178007281fc5
"hangul_0070_20260929T055355836Z_0fc0abaa.jpg","곁",70,,,pending_review,"P004","S01","2026-09-29T05:53:55.8364601Z",64,64,jpeg,5c7b367099e48f200c3c060a0b938d70bc070ec50e93ec4f670a178007281fc5
"hangul_0071_20260929T055359284Z_6d21fffd.jpg","계",71,,,pending_review,"P004","S01","2026-09-29T05:53:59.2841770Z",64,64,jpeg,5c7b367099e48f200c3c060a0b938d70bc070ec50e93ec4f670a178007281fc5
"hangul_0072_20260929T055403067Z_2796e6ba.jpg","곈",72,,,pending_review,"P004","S01","2026-09-29T05:54:03.0674364Z",64,64,jpeg,5c7b367099e48f200c3c060a0b938d70bc070ec50e93ec4f670a178007281fc5
"hangul_0073_20260929T055409206Z_a7c96289.jpg","곌",73,,,pending_review,"P004","S01","2026-09-29T05:54:09.2066332Z",64,64,jpeg,5c7b367099e48f200c3c060a0b938d70bc070ec50e93ec4f670a178007281fc5
"hangul_0074_20260929T055413929Z_013bc77d.jpg","곕",74,,,pending_review,"P004","S01","2026-09-29T05:54:13.9290142Z",64,64,jpeg,5c7b367099e48f200c3c060a0b938d70bc070ec50e93ec4f670a178007281fc5
"hangul_0076_20260929T055419039Z_1bf79d9e.jpg","고",76,,,pending_review,"P004","S01","2026-09-29T05:54:19.0399521Z",64,64,jpeg,5c7b367099e48f200c3c060a0b938d70bc070ec50e93ec4f670a178007281fc5
"hangul_0077_20260929T060204827Z_354e8faf.jpg","곡",77,,,pending_review,"P004","S01","2026-09-29T06:02:04.8273704Z",64,64,jpeg,5c7b367099e48f200c3c060a0b938d70bc070ec50e93ec4f670a178007281fc5
"hangul_0078_20260929T060209138Z_bb78e48d.jpg","곤",78,,,pending_review,"P004","S01","2026-09-29T06:02:09.1380898Z",64,64,jpeg,5c7b367099e48f200c3c060a0b938d70bc070ec50e93ec4f670a178007281fc5
"hangul_0079_20260929T060213960Z_b316a50e.jpg","곧",79,,,pending_review,"P004","S01","2026-09-29T06:02:13.9608804Z",64,64,jpeg,5c7b367099e48f200c3c060a0b938d70bc070ec50e93ec4f670a178007281fc5
"hangul_0080_20260929T060222052Z_f870bf59.jpg","골",80,,,pending_review,"P004","S01","2026-09-29T06:02:22.0525312Z",64,64,jpeg,5c7b367099e48f200c3c060a0b938d70bc070ec50e93ec4f670a178007281fc5
"hangul_0081_20260929T060231803Z_c47d5b24.jpg","곪",81,,,pending_review,"P004","S01","2026-09-29T06:02:31.8031381Z",64,64,jpeg,5c7b367099e48f200c3c060a0b938d70bc070ec50e93ec4f670a178007281fc5
"hangul_0082_20260929T060236855Z_18265e1a.jpg","곬",82,,,pending_review,"P004","S01","2026-09-29T06:02:36.8557726Z",64,64,jpeg,5c7b367099e48f200c3c060a0b938d70bc070ec50e93ec4f670a178007281fc5
"hangul_0083_20260929T060242857Z_033808b6.jpg","곯",83,,,pending_review,"P004","S01","2026-09-29T06:02:42.8573629Z",64,64,jpeg,5c7b367099e48f200c3c060a0b938d70bc070ec50e93ec4f670a178007281fc5
"hangul_0084_20260929T060247830Z_31d148e7.jpg","곰",84,,,pending_review,"P004","S01","2026-09-29T06:02:47.8304992Z",64,64,jpeg,5c7b367099e48f200c3c060a0b938d70bc070ec50e93ec4f670a178007281fc5
"hangul_0085_20260929T060252456Z_b81a5c65.jpg","곱",85,,,pending_review,"P004","S01","2026-09-29T06:02:52.4566270Z",64,64,jpeg,5c7b367099e48f200c3c060a0b938d70bc070ec50e93ec4f670a178007281fc5
"hangul_0086_20260929T060256243Z_ac3f3ffb.jpg","곳",86,,,pending_review,"P004","S01","2026-09-29T06:02:56.2437389Z",64,64,jpeg,5c7b367099e48f200c3c060a0b938d70bc070ec50e93ec4f670a178007281fc5
"hangul_0087_20260929T060259793Z_875266e8.jpg","공",87,,,pending_review,"P004","S01","2026-09-29T06:02:59.7932582Z",64,64,jpeg,5c7b367099e48f200c3c060a0b938d70bc070ec50e93ec4f670a178007281fc5
"hangul_0088_20260929T060303432Z_d507b5df.jpg","곶",88,,,pending_review,"P004","S01","2026-09-29T06:03:03.4320941Z",64,64,jpeg,5c7b367099e48f200c3c060a0b938d70bc070ec50e93ec4f670a178007281fc5
"hangul_0089_20260929T060306976Z_859db18a.jpg","과",89,,,pending_review,"P004","S01","2026-09-29T06:03:06.9760788Z",64,64,jpeg,5c7b367099e48f200c3c060a0b938d70bc070ec50e93ec4f670a178007281fc5
"hangul_0090_20260929T060310986Z_1e295af8.jpg","곽",90,,,pending_review,"P004","S01","2026-09-29T06:03:10.9860311Z",64,64,jpeg,5c7b367099e48f200c3c060a0b938d70bc070ec50e93ec4f670a178007281fc5
"hangul_0091_20260929T060314598Z_789b1655.jpg","관",91,,,pending_review,"P004","S01","2026-09-29T06:03:14.5984899Z",64,64,jpeg,5c7b367099e48f200c3c060a0b938d70bc070ec50e93ec4f670a178007281fc5
"hangul_0092_20260929T060318891Z_430a1cdf.jpg","괄",92,,,pending_review,"P004","S01","2026-09-29T06:03:18.8918628Z",64,64,jpeg,5c7b367099e48f200c3c060a0b938d70bc070ec50e93ec4f670a178007281fc5
"hangul_0093_20260929T060324883Z_a1257ceb.jpg","괆",93,,,pending_review,"P004","S01","2026-09-29T06:03:24.8839147Z",64,64,jpeg,5c7b367099e48f200c3c060a0b938d70bc070ec50e93ec4f670a178007281fc5
"hangul_0094_20260929T060329785Z_3ece3016.jpg","괌",94,,,pending_review,"P004","S01","2026-09-29T06:03:29.7851856Z",64,64,jpeg,5c7b367099e48f200c3c060a0b938d70bc070ec50e93ec4f670a178007281fc5
"hangul_0095_20260929T060334663Z_f1bfd625.jpg","괍",95,,,pending_review,"P004","S01","2026-09-29T06:03:34.6630926Z",64,64,jpeg,5c7b367099e48f200c3c060a0b938d70bc070ec50e93ec4f670a178007281fc5
"hangul_0096_20260929T060338948Z_f713773d.jpg","괏",96,,,pending_review,"P004","S01","2026-09-29T06:03:38.9483613Z",64,64,jpeg,5c7b367099e48f200c3c060a0b938d70bc070ec50e93ec4f670a178007281fc5
"hangul_0097_20260929T060343028Z_24c29d7f.jpg","광",97,,,pending_review,"P004","S01","2026-09-29T06:03:43.0287571Z",64,64,jpeg,5c7b367099e48f200c3c060a0b938d70bc070ec50e93ec4f670a178007281fc5
"hangul_0098_20260929T060346640Z_a256ca2e.jpg","괘",98,,,pending_review,"P004","S01","2026-09-29T06:03:46.6404263Z",64,64,jpeg,5c7b367099e48f200c3c060a0b938d70bc070ec50e93ec4f670a178007281fc5
"hangul_0099_20260929T060351463Z_1c13faa9.jpg","괜",99,,,pending_review,"P004","S01","2026-09-29T06:03:51.4637391Z",64,64,jpeg,5c7b367099e48f200c3c060a0b938d70bc070ec50e93ec4f670a178007281fc5
"hangul_0100_20260929T060357367Z_da0dde79.jpg","괠",100,,,pending_review,"P004","S01","2026-09-29T06:03:57.3677105Z",64,64,jpeg,5c7b367099e48f200c3c060a0b938d70bc070ec50e93ec4f670a178007281fc5
"hangul_0101_20260929T060402577Z_36227579.jpg","괩",101,,,pending_review,"P004","S01","2026-09-29T06:04:02.5775305Z",64,64,jpeg,5c7b367099e48f200c3c060a0b938d70bc070ec50e93ec4f670a178007281fc5
"hangul_0102_20260929T060408493Z_320fc53c.jpg","괬",102,,,pending_review,"P004","S01","2026-09-29T06:04:08.4938120Z",64,64,jpeg,5c7b367099e48f200c3c060a0b938d70bc070ec50e93ec4f670a178007281fc5
"hangul_0103_20260929T060412419Z_c26f4dd9.jpg","괭",103,,,pending_review,"P004","S01","2026-09-29T06:04:12.4195948Z",64,64,jpeg,5c7b367099e48f200c3c060a0b938d70bc070ec50e93ec4f670a178007281fc5
"hangul_0104_20260929T060415204Z_94a54183.jpg","괴",104,,,pending_review,"P004","S01","2026-09-29T06:04:15.2049327Z",64,64,jpeg,5c7b367099e48f200c3c060a0b938d70bc070ec50e93ec4f670a178007281fc5
"hangul_0105_20260929T060418435Z_edf9a755.jpg","괵",105,,,pending_review,"P004","S01","2026-09-29T06:04:18.4359605Z",64,64,jpeg,5c7b367099e48f200c3c060a0b938d70bc070ec50e93ec4f670a178007281fc5
"hangul_0106_20260929T060423580Z_21755c9a.jpg","괸",106,,,pending_review,"P004","S01","2026-09-29T06:04:23.5803501Z",64,64,jpeg,5c7b367099e48f200c3c060a0b938d70bc070ec50e93ec4f670a178007281fc5
"hangul_0107_20260929T060427911Z_e559ff51.jpg","괼",107,,,pending_review,"P004","S01","2026-09-29T06:04:27.9114719Z",64,64,jpeg,5c7b367099e48f200c3c060a0b938d70bc070ec50e93ec4f670a178007281fc5
"hangul_0108_20260929T060433080Z_655577d4.jpg","굄",108,,,pending_review,"P004","S01","2026-09-29T06:04:33.0808041Z",64,64,jpeg,5c7b367099e48f200c3c060a0b938d70bc070ec50e93ec4f670a178007281fc5
"hangul_0109_20260929T060438337Z_dab9af58.jpg","굅",109,,,pending_review,"P004","S01","2026-09-29T06:04:38.3370976Z",64,64,jpeg,5c7b367099e48f200c3c060a0b938d70bc070ec50e93ec4f670a178007281fc5
"hangul_0110_20260929T060442098Z_aabe0410.jpg","굇",110,,,pending_review,"P004","S01","2026-09-29T06:04:42.0989145Z",64,64,jpeg,5c7b367099e48f200c3c060a0b938d70bc070ec50e93ec4f670a178007281fc5
"hangul_0111_20260929T060445699Z_c5b86e15.jpg","굉",111,,,pending_review,"P004","S01","2026-09-29T06:04:45.6990159Z",64,64,jpeg,5c7b367099e48f200c3c060a0b938d70bc070ec50e93ec4f670a178007281fc5
"hangul_0112_20260929T060448595Z_ea139e8e.jpg","교",112,,,pending_review,"P004","S01","2026-09-29T06:04:48.5952555Z",64,64,jpeg,5c7b367099e48f200c3c060a0b938d70bc070ec50e93ec4f670a178007281fc5
"hangul_0113_20260929T060452248Z_574f8780.jpg","굔",113,,,pending_review,"P004","S01","2026-09-29T06:04:52.2487424Z",64,64,jpeg,5c7b367099e48f200c3c060a0b938d70bc070ec50e93ec4f670a178007281fc5
"hangul_0114_20260929T060456347Z_24fdb9e8.jpg","굘",114,,,pending_review,"P004","S01","2026-09-29T06:04:56.3475397Z",64,64,jpeg,5c7b367099e48f200c3c060a0b938d70bc070ec50e93ec4f670a178007281fc5
"hangul_0115_20260929T060502040Z_e0c52717.jpg","굡",115,,,pending_review,"P004","S01","2026-09-29T06:05:02.0402367Z",64,64,jpeg,5c7b367099e48f200c3c060a0b938d70bc070ec50e93ec4f670a178007281fc5
"hangul_0116_20260929T060506984Z_6b871481.jpg","굣",116,,,pending_review,"P004","S01","2026-09-29T06:05:06.9843373Z",64,64,jpeg,5c7b367099e48f200c3c060a0b938d70bc070ec50e93ec4f670a178007281fc5
"hangul_0117_20260929T060509649Z_e1964509.jpg","구",117,,,pending_review,"P004","S01","2026-09-29T06:05:09.6493474Z",64,64,jpeg,5c7b367099e48f200c3c060a0b938d70bc070ec50e93ec4f670a178007281fc5
"hangul_0118_20260929T060512541Z_199db4f2.jpg","국",118,,,pending_review,"P004","S01","2026-09-29T06:05:12.5418570Z",64,64,jpeg,5c7b367099e48f200c3c060a0b938d70bc070ec50e93ec4f670a178007281fc5
"hangul_0119_20260929T060515368Z_4b22b6db.jpg","군",119,,,pending_review,"P004","S01","2026-09-29T06:05:15.3681442Z",64,64,jpeg,5c7b367099e48f200c3c060a0b938d70bc070ec50e93ec4f670a178007281fc5
"hangul_0120_20260929T060518507Z_23033d34.jpg","굳",120,,,pending_review,"P004","S01","2026-09-29T06:05:18.5070953Z",64,64,jpeg,5c7b367099e48f200c3c060a0b938d70bc070ec50e93ec4f670a178007281fc5
"hangul_0121_20260929T060521954Z_82ea76dc.jpg","굴",121,,,pending_review,"P004","S01","2026-09-29T06:05:21.9544888Z",64,64,jpeg,5c7b367099e48f200c3c060a0b938d70bc070ec50e93ec4f670a178007281fc5
"hangul_0122_20260929T060526278Z_266805f7.jpg","굵",122,,,pending_review,"P004","S01","2026-09-29T06:05:26.2789202Z",64,64,jpeg,5c7b367099e48f200c3c060a0b938d70bc070ec50e93ec4f670a178007281fc5
"hangul_0123_20260929T060532051Z_d3edae9c.jpg","굶",123,,,pending_review,"P004","S01","2026-09-29T06:05:32.0511211Z",64,64,jpeg,5c7b367099e48f200c3c060a0b938d70bc070ec50e93ec4f670a178007281fc5
"hangul_0124_20260929T060537506Z_b149fb6b.jpg","굻",124,,,pending_review,"P004","S01","2026-09-29T06:05:37.5066497Z",64,64,jpeg,5c7b367099e48f200c3c060a0b938d70bc070ec50e93ec4f670a178007281fc5
"hangul_0125_20260929T060542733Z_7114969d.jpg","굼",125,,,pending_review,"P004","S01","2026-09-29T06:05:42.7334178Z",64,64,jpeg,5c7b367099e48f200c3c060a0b938d70bc070ec50e93ec4f670a178007281fc5
"hangul_0126_20260929T060547054Z_bc5c1d03.jpg","굽",126,,,pending_review,"P004","S01","2026-09-29T06:05:47.0544073Z",64,64,jpeg,5c7b367099e48f200c3c060a0b938d70bc070ec50e93ec4f670a178007281fc5
"hangul_0127_20260929T060550230Z_1fd29991.jpg","굿",127,,,pending_review,"P004","S01","2026-09-29T06:05:50.2304054Z",64,64,jpeg,5c7b367099e48f200c3c060a0b938d70bc070ec50e93ec4f670a178007281fc5
"hangul_0128_20260929T060553350Z_b9cb6631.jpg","궁",128,,,pending_review,"P004","S01","2026-09-29T06:05:53.3508487Z",64,64,jpeg,5c7b367099e48f200c3c060a0b938d70bc070ec50e93ec4f670a178007281fc5
"hangul_0129_20260929T060556527Z_4754386f.jpg","궂",129,,,pending_review,"P004","S01","2026-09-29T06:05:56.5278139Z",64,64,jpeg,5c7b367099e48f200c3c060a0b938d70bc070ec50e93ec4f670a178007281fc5
"hangul_0130_20260929T060559713Z_9a5ea581.jpg","궈",130,,,pending_review,"P004","S01","2026-09-29T06:05:59.7134889Z",64,64,jpeg,5c7b367099e48f200c3c060a0b938d70bc070ec50e93ec4f670a178007281fc5
"hangul_0131_20260929T060649961Z_988580e9.jpg","궉",131,,,pending_review,"P004","S01","2026-09-29T06:06:49.9618911Z",64,64,jpeg,5c7b367099e48f200c3c060a0b938d70bc070ec50e93ec4f670a178007281fc5
"hangul_0132_20260929T060653666Z_aea223ee.jpg","권",132,,,pending_review,"P004","S01","2026-09-29T06:06:53.6662314Z",64,64,jpeg,5c7b367099e48f200c3c060a0b938d70bc070ec50e93ec4f670a178007281fc5
"hangul_0133_20260929T060658064Z_6bb28db7.jpg","궐",133,,,pending_review,"P004","S01","2026-09-29T06:06:58.0644086Z",64,64,jpeg,5c7b367099e48f200c3c060a0b938d70bc070ec50e93ec4f670a178007281fc5
"hangul_0134_20260929T060702486Z_99a8ffce.jpg","궜",134,,,pending_review,"P004","S01","2026-09-29T06:07:02.4863740Z",64,64,jpeg,5c7b367099e48f200c3c060a0b938d70bc070ec50e93ec4f670a178007281fc5
"hangul_0135_20260929T060705920Z_1a44a5f8.jpg","궝",135,,,pending_review,"P004","S01","2026-09-29T06:07:05.9207074Z",64,64,jpeg,5c7b367099e48f200c3c060a0b938d70bc070ec50e93ec4f670a178007281fc5
"hangul_0136_20260929T060709562Z_0b7fd3e0.jpg","궤",136,,,pending_review,"P004","S01","2026-09-29T06:07:09.5620402Z",64,64,jpeg,5c7b367099e48f200c3c060a0b938d70bc070ec50e93ec4f670a178007281fc5
"hangul_0137_20260929T060714073Z_5c8dfdac.jpg","궷",137,,,pending_review,"P004","S01","2026-09-29T06:07:14.0734675Z",64,64,jpeg,5c7b367099e48f200c3c060a0b938d70bc070ec50e93ec4f670a178007281fc5
"hangul_0138_20260929T060716993Z_e41bd34e.jpg","귀",138,,,pending_review,"P004","S01","2026-09-29T06:07:16.9934691Z",64,64,jpeg,5c7b367099e48f200c3c060a0b938d70bc070ec50e93ec4f670a178007281fc5
"hangul_0139_20260929T060721032Z_2f19187b.jpg","귁",139,,,pending_review,"P004","S01","2026-09-29T06:07:21.0323149Z",64,64,jpeg,5c7b367099e48f200c3c060a0b938d70bc070ec50e93ec4f670a178007281fc5
"hangul_0140_20260929T060725125Z_26d74476.jpg","귄",140,,,pending_review,"P004","S01","2026-09-29T06:07:25.1251125Z",64,64,jpeg,5c7b367099e48f200c3c060a0b938d70bc070ec50e93ec4f670a178007281fc5
"hangul_0141_20260929T060729111Z_71dd8baa.jpg","귈",141,,,pending_review,"P004","S01","2026-09-29T06:07:29.1111112Z",64,64,jpeg,5c7b367099e48f200c3c060a0b938d70bc070ec50e93ec4f670a178007281fc5
"hangul_0142_20260929T060733951Z_ad151acd.jpg","귐",142,,,pending_review,"P004","S01","2026-09-29T06:07:33.9511899Z",64,64,jpeg,5c7b367099e48f200c3c060a0b938d70bc070ec50e93ec4f670a178007281fc5
"hangul_0143_20260929T060739197Z_008de961.jpg","귑",143,,,pending_review,"P004","S01","2026-09-29T06:07:39.1972784Z",64,64,jpeg,5c7b367099e48f200c3c060a0b938d70bc070ec50e93ec4f670a178007281fc5
"hangul_0144_20260929T060746609Z_7bc8cd02.jpg","귓",144,,,pending_review,"P004","S01","2026-09-29T06:07:46.6092949Z",64,64,jpeg,5c7b367099e48f200c3c060a0b938d70bc070ec50e93ec4f670a178007281fc5
"hangul_0145_20260929T060749378Z_27836065.jpg","규",145,,,pending_review,"P004","S01","2026-09-29T06:07:49.3786064Z",64,64,jpeg,5c7b367099e48f200c3c060a0b938d70bc070ec50e93ec4f670a178007281fc5
"hangul_0146_20260929T060753539Z_7f9465a8.jpg","균",146,,,pending_review,"P004","S01","2026-09-29T06:07:53.5393486Z",64,64,jpeg,5c7b367099e48f200c3c060a0b938d70bc070ec50e93ec4f670a178007281fc5
"hangul_0147_20260929T060757759Z_315d374e.jpg","귤",147,,,pending_review,"P004","S01","2026-09-29T06:07:57.7593405Z",64,64,jpeg,5c7b367099e48f200c3c060a0b938d70bc070ec50e93ec4f670a178007281fc5
"hangul_0148_20260929T060800086Z_7f3be1e4.jpg","그",148,,,pending_review,"P004","S01","2026-09-29T06:08:00.0860461Z",64,64,jpeg,5c7b367099e48f200c3c060a0b938d70bc070ec50e93ec4f670a178007281fc5
"hangul_0148_20260929T060805382Z_aa5b850a.jpg","그",148,,,pending_review,"P004","S01","2026-09-29T06:08:05.3821858Z",64,64,jpeg,5c7b367099e48f200c3c060a0b938d70bc070ec50e93ec4f670a178007281fc5
"hangul_0149_20260929T060809457Z_e37ba4f4.jpg","극",149,,,pending_review,"P004","S01","2026-09-29T06:08:09.4578679Z",64,64,jpeg,5c7b367099e48f200c3c060a0b938d70bc070ec50e93ec4f670a178007281fc5
"hangul_0150_20260929T060812272Z_0e8b919f.jpg","근",150,,,pending_review,"P004","S01","2026-09-29T06:08:12.2728855Z",64,64,jpeg,5c7b367099e48f200c3c060a0b938d70bc070ec50e93ec4f670a178007281fc5
"hangul_0151_20260929T060815623Z_8cb33e78.jpg","귿",151,,,pending_review,"P004","S01","2026-09-29T06:08:15.6232251Z",64,64,jpeg,5c7b367099e48f200c3c060a0b938d70bc070ec50e93ec4f670a178007281fc5
"hangul_0152_20260929T060818880Z_0ae2d0a2.jpg","글",152,,,pending_review,"P004","S01","2026-09-29T06:08:18.8807434Z",64,64,jpeg,5c7b367099e48f200c3c060a0b938d70bc070ec50e93ec4f670a178007281fc5
"hangul_0153_20260929T060822916Z_3b2b2ba7.jpg","긁",153,,,pending_review,"P004","S01","2026-09-29T06:08:22.9169011Z",64,64,jpeg,5c7b367099e48f200c3c060a0b938d70bc070ec50e93ec4f670a178007281fc5
"hangul_0154_20260929T060826604Z_6159db87.jpg","금",154,,,pending_review,"P004","S01","2026-09-29T06:08:26.6047807Z",64,64,jpeg,5c7b367099e48f200c3c060a0b938d70bc070ec50e93ec4f670a178007281fc5
"hangul_0155_20260929T060830210Z_8179e2ff.jpg","급",155,,,pending_review,"P004","S01","2026-09-29T06:08:30.2107329Z",64,64,jpeg,5c7b367099e48f200c3c060a0b938d70bc070ec50e93ec4f670a178007281fc5
"hangul_0156_20260929T060833259Z_ac2e4a31.jpg","긋",156,,,pending_review,"P004","S01","2026-09-29T06:08:33.2594858Z",64,64,jpeg,5c7b367099e48f200c3c060a0b938d70bc070ec50e93ec4f670a178007281fc5
"hangul_0157_20260929T060836378Z_571afc90.jpg","긍",157,,,pending_review,"P004","S01","2026-09-29T06:08:36.3781912Z",64,64,jpeg,5c7b367099e48f200c3c060a0b938d70bc070ec50e93ec4f670a178007281fc5
"hangul_0158_20260929T060839327Z_efd51dde.jpg","긔",158,,,pending_review,"P004","S01","2026-09-29T06:08:39.3270200Z",64,64,jpeg,5c7b367099e48f200c3c060a0b938d70bc070ec50e93ec4f670a178007281fc5
"hangul_0159_20260929T060842026Z_e632b4c6.jpg","기",159,,,pending_review,"P004","S01","2026-09-29T06:08:42.0267821Z",64,64,jpeg,5c7b367099e48f200c3c060a0b938d70bc070ec50e93ec4f670a178007281fc5
"hangul_0160_20260929T060845337Z_bd473c24.jpg","긱",160,,,pending_review,"P004","S01","2026-09-29T06:08:45.3372363Z",64,64,jpeg,5c7b367099e48f200c3c060a0b938d70bc070ec50e93ec4f670a178007281fc5
"hangul_0161_20260929T060848570Z_e0f84de4.jpg","긴",161,,,pending_review,"P004","S01","2026-09-29T06:08:48.5700841Z",64,64,jpeg,5c7b367099e48f200c3c060a0b938d70bc070ec50e93ec4f670a178007281fc5
"hangul_0162_20260929T060852314Z_2313f6a5.jpg","긷",162,,,pending_review,"P004","S01","2026-09-29T06:08:52.3142147Z",64,64,jpeg,5c7b367099e48f200c3c060a0b938d70bc070ec50e93ec4f670a178007281fc5
"hangul_0163_20260929T060856338Z_6272990f.jpg","길",163,,,pending_review,"P004","S01","2026-09-29T06:08:56.3380246Z",64,64,jpeg,5c7b367099e48f200c3c060a0b938d70bc070ec50e93ec4f670a178007281fc5
"hangul_0164_20260929T060901354Z_a512466e.jpg","긺",164,,,pending_review,"P004","S01","2026-09-29T06:09:01.3542041Z",64,64,jpeg,5c7b367099e48f200c3c060a0b938d70bc070ec50e93ec4f670a178007281fc5
"hangul_0165_20260929T060904821Z_1a256940.jpg","김",165,,,pending_review,"P004","S01","2026-09-29T06:09:04.8219968Z",64,64,jpeg,5c7b367099e48f200c3c060a0b938d70bc070ec50e93ec4f670a178007281fc5
"hangul_0166_20260929T060908514Z_8956bfee.jpg","깁",166,,,pending_review,"P004","S01","2026-09-29T06:09:08.5145580Z",64,64,jpeg,5c7b367099e48f200c3c060a0b938d70bc070ec50e93ec4f670a178007281fc5
"hangul_0167_20260929T060911187Z_0a69ae12.jpg","깃",167,,,pending_review,"P004","S01","2026-09-29T06:09:11.1870209Z",64,64,jpeg,5c7b367099e48f200c3c060a0b938d70bc070ec50e93ec4f670a178007281fc5
"hangul_0168_20260929T060913844Z_fe2c2dfd.jpg","깅",168,,,pending_review,"P004","S01","2026-09-29T06:09:13.8440668Z",64,64,jpeg,5c7b367099e48f200c3c060a0b938d70bc070ec50e93ec4f670a178007281fc5
"hangul_0169_20260929T060916761Z_ef37d5df.jpg","깆",169,,,pending_review,"P004","S01","2026-09-29T06:09:16.7610420Z",64,64,jpeg,5c7b367099e48f200c3c060a0b938d70bc070ec50e93ec4f670a178007281fc5
"hangul_0170_20260929T060920515Z_02e0a739.jpg","깊",170,,,pending_review,"P004","S01","2026-09-29T06:09:20.5150261Z",64,64,jpeg,5c7b367099e48f200c3c060a0b938d70bc070ec50e93ec4f670a178007281fc5
"hangul_0171_20260929T060923772Z_9593c100.jpg","까",171,,,pending_review,"P004","S01","2026-09-29T06:09:23.7723679Z",64,64,jpeg,5c7b367099e48f200c3c060a0b938d70bc070ec50e93ec4f670a178007281fc5
"hangul_0172_20260929T060927677Z_56ab2ed6.jpg","깍",172,,,pending_review,"P004","S01","2026-09-29T06:09:27.6770062Z",64,64,jpeg,5c7b367099e48f200c3c060a0b938d70bc070ec50e93ec4f670a178007281fc5
"hangul_0173_20260929T060932422Z_bb3ddaab.jpg","깎",173,,,pending_review,"P004","S01","2026-09-29T06:09:32.4220369Z",64,64,jpeg,5c7b367099e48f200c3c060a0b938d70bc070ec50e93ec4f670a178007281fc5
"hangul_0174_20260929T060937127Z_47228bbf.jpg","깐",174,,,pending_review,"P004","S01","2026-09-29T06:09:37.1272314Z",64,64,jpeg,5c7b367099e48f200c3c060a0b938d70bc070ec50e93ec4f670a178007281fc5
"hangul_0175_20260929T060942127Z_ef9c5138.jpg","깔",175,,,pending_review,"P004","S01","2026-09-29T06:09:42.1273652Z",64,64,jpeg,5c7b367099e48f200c3c060a0b938d70bc070ec50e93ec4f670a178007281fc5
"hangul_0176_20260929T060948720Z_be00dd18.jpg","깖",176,,,pending_review,"P004","S01","2026-09-29T06:09:48.7203397Z",64,64,jpeg,5c7b367099e48f200c3c060a0b938d70bc070ec50e93ec4f670a178007281fc5
"hangul_0177_20260929T060954887Z_a10174b6.jpg","깜",177,,,pending_review,"P004","S01","2026-09-29T06:09:54.8871538Z",64,64,jpeg,5c7b367099e48f200c3c060a0b938d70bc070ec50e93ec4f670a178007281fc5
"hangul_0178_20260929T061000260Z_6f676b74.jpg","깝",178,,,pending_review,"P004","S01","2026-09-29T06:10:00.2607991Z",64,64,jpeg,5c7b367099e48f200c3c060a0b938d70bc070ec50e93ec4f670a178007281fc5
"hangul_0179_20260929T061004098Z_fbeca955.jpg","깟",179,,,pending_review,"P004","S01","2026-09-29T06:10:04.0986785Z",64,64,jpeg,5c7b367099e48f200c3c060a0b938d70bc070ec50e93ec4f670a178007281fc5
"hangul_0180_20260929T061008874Z_7a678a3f.jpg","깠",180,,,pending_review,"P004","S01","2026-09-29T06:10:08.8744823Z",64,64,jpeg,5c7b367099e48f200c3c060a0b938d70bc070ec50e93ec4f670a178007281fc5
"hangul_0181_20260929T061013201Z_56e711d3.jpg","깡",181,,,pending_review,"P004","S01","2026-09-29T06:10:13.2014495Z",64,64,jpeg,5c7b367099e48f200c3c060a0b938d70bc070ec50e93ec4f670a178007281fc5
"hangul_0182_20260929T061018218Z_9cc0af11.jpg","깥",182,,,pending_review,"P004","S01","2026-09-29T06:10:18.2182453Z",64,64,jpeg,5c7b367099e48f200c3c060a0b938d70bc070ec50e93ec4f670a178007281fc5
"hangul_0183_20260929T061021963Z_51202321.jpg","깨",183,,,pending_review,"P004","S01","2026-09-29T06:10:21.9638989Z",64,64,jpeg,5c7b367099e48f200c3c060a0b938d70bc070ec50e93ec4f670a178007281fc5
"hangul_0184_20260929T061026541Z_ad1abbda.jpg","깩",184,,,pending_review,"P004","S01","2026-09-29T06:10:26.5416332Z",64,64,jpeg,5c7b367099e48f200c3c060a0b938d70bc070ec50e93ec4f670a178007281fc5
"hangul_0185_20260929T061031039Z_6c5148ce.jpg","깬",185,,,pending_review,"P004","S01","2026-09-29T06:10:31.0394376Z",64,64,jpeg,5c7b367099e48f200c3c060a0b938d70bc070ec50e93ec4f670a178007281fc5
"hangul_0186_20260929T061036514Z_2193df6f.jpg","깰",186,,,pending_review,"P004","S01","2026-09-29T06:10:36.5142820Z",64,64,jpeg,5c7b367099e48f200c3c060a0b938d70bc070ec50e93ec4f670a178007281fc5
"hangul_0187_20260929T061041628Z_0b735a2a.jpg","깸",187,,,pending_review,"P004","S01","2026-09-29T06:10:41.6288086Z",64,64,jpeg,5c7b367099e48f200c3c060a0b938d70bc070ec50e93ec4f670a178007281fc5
"hangul_0188_20260929T061046982Z_5f7a07b5.jpg","깹",188,,,pending_review,"P004","S01","2026-09-29T06:10:46.9827660Z",64,64,jpeg,5c7b367099e48f200c3c060a0b938d70bc070ec50e93ec4f670a178007281fc5
"hangul_0189_20260929T061051454Z_3d9636ba.jpg","깻",189,,,pending_review,"P004","S01","2026-09-29T06:10:51.4542157Z",64,64,jpeg,5c7b367099e48f200c3c060a0b938d70bc070ec50e93ec4f670a178007281fc5
"hangul_0190_20260929T061056506Z_d8021ab5.jpg","깼",190,,,pending_review,"P004","S01","2026-09-29T06:10:56.5069857Z",64,64,jpeg,5c7b367099e48f200c3c060a0b938d70bc070ec50e93ec4f670a178007281fc5
"hangul_0191_20260929T061100382Z_6b50d98b.jpg","깽",191,,,pending_review,"P004","S01","2026-09-29T06:11:00.3829843Z",64,64,jpeg,5c7b367099e48f200c3c060a0b938d70bc070ec50e93ec4f670a178007281fc5
"hangul_0192_20260929T061104230Z_36709142.jpg","꺄",192,,,pending_review,"P004","S01","2026-09-29T06:11:04.2307359Z",64,64,jpeg,5c7b367099e48f200c3c060a0b938d70bc070ec50e93ec4f670a178007281fc5
"hangul_0193_20260929T061111536Z_7b22a073.jpg","꺅",193,,,pending_review,"P004","S01","2026-09-29T06:11:11.5364318Z",64,64,jpeg,5c7b367099e48f200c3c060a0b938d70bc070ec50e93ec4f670a178007281fc5
"hangul_0194_20260929T061116530Z_b3cde492.jpg","꺌",194,,,pending_review,"P004","S01","2026-09-29T06:11:16.5307149Z",64,64,jpeg,5c7b367099e48f200c3c060a0b938d70bc070ec50e93ec4f670a178007281fc5
"hangul_0195_20260929T061119742Z_bf79374e.jpg","꺼",195,,,pending_review,"P004","S01","2026-09-29T06:11:19.7422970Z",64,64,jpeg,5c7b367099e48f200c3c060a0b938d70bc070ec50e93ec4f670a178007281fc5
"hangul_0196_20260929T061123566Z_6ac6514e.jpg","꺽",196,,,pending_review,"P004","S01","2026-09-29T06:11:23.5669786Z",64,64,jpeg,5c7b367099e48f200c3c060a0b938d70bc070ec50e93ec4f670a178007281fc5
"hangul_0197_20260929T061128876Z_334b475d.jpg","꺾",197,,,pending_review,"P004","S01","2026-09-29T06:11:28.8760289Z",64,64,jpeg,5c7b367099e48f200c3c060a0b938d70bc070ec50e93ec4f670a178007281fc5
"hangul_0198_20260929T061132490Z_231eb754.jpg","껀",198,,,pending_review,"P004","S01","2026-09-29T06:11:32.4904186Z",64,64,jpeg,5c7b367099e48f200c3c060a0b938d70bc070ec50e93ec4f670a178007281fc5
"hangul_0199_20260929T061136913Z_b73ce917.jpg","껄",199,,,pending_review,"P004","S01","2026-09-29T06:11:36.9132455Z",64,64,jpeg,5c7b367099e48f200c3c060a0b938d70bc070ec50e93ec4f670a178007281fc5
"hangul_0200_20260929T061141331Z_1fb3c423.jpg","껌",200,,,pending_review,"P004","S01","2026-09-29T06:11:41.3314934Z",64,64,jpeg,5c7b367099e48f200c3c060a0b938d70bc070ec50e93ec4f670a178007281fc5
"hangul_0201_20260929T061147221Z_e2179d2b.jpg","껍",201,,,pending_review,"P004","S01","2026-09-29T06:11:47.2217974Z",64,64,jpeg,5c7b367099e48f200c3c060a0b938d70bc070ec50e93ec4f670a178007281fc5
"hangul_0202_20260929T061153776Z_62795bc9.jpg","껏",202,,,pending_review,"P004","S01","2026-09-29T06:11:53.7768418Z",64,64,jpeg,5c7b367099e48f200c3c060a0b938d70bc070ec50e93ec4f670a178007281fc5
"hangul_0203_20260929T061158381Z_a4bd3fa0.jpg","껐",203,,,pending_review,"P004","S01","2026-09-29T06:11:58.3811359Z",64,64,jpeg,5c7b367099e48f200c3c060a0b938d70bc070ec50e93ec4f670a178007281fc5
"hangul_0204_20260929T061203364Z_25b168b6.jpg","껑",204,,,pending_review,"P004","S01","2026-09-29T06:12:03.3644546Z",64,64,jpeg,5c7b367099e48f200c3c060a0b938d70bc070ec50e93ec4f670a178007281fc5
"hangul_0205_20260929T061207191Z_29215422.jpg","께",205,,,pending_review,"P004","S01","2026-09-29T06:12:07.1919840Z",64,64,jpeg,5c7b367099e48f200c3c060a0b938d70bc070ec50e93ec4f670a178007281fc5
"hangul_0206_20260929T061211481Z_adcab336.jpg","껙",206,,,pending_review,"P004","S01","2026-09-29T06:12:11.4817985Z",64,64,jpeg,5c7b367099e48f200c3c060a0b938d70bc070ec50e93ec4f670a178007281fc5
"hangul_0207_20260929T061216431Z_6aedab55.jpg","껜",207,,,pending_review,"P004","S01","2026-09-29T06:12:16.4319422Z",64,64,jpeg,5c7b367099e48f200c3c060a0b938d70bc070ec50e93ec4f670a178007281fc5
"hangul_0208_20260929T061222015Z_55cf8955.jpg","껨",208,,,pending_review,"P004","S01","2026-09-29T06:12:22.0159932Z",64,64,jpeg,5c7b367099e48f200c3c060a0b938d70bc070ec50e93ec4f670a178007281fc5
"hangul_0209_20260929T061228283Z_3245a837.jpg","껫",209,,,pending_review,"P004","S01","2026-09-29T06:12:28.2839489Z",64,64,jpeg,5c7b367099e48f200c3c060a0b938d70bc070ec50e93ec4f670a178007281fc5
"hangul_0210_20260929T061235172Z_2265a4ee.jpg","껭",210,,,pending_review,"P004","S01","2026-09-29T06:12:35.1726736Z",64,64,jpeg,5c7b367099e48f200c3c060a0b938d70bc070ec50e93ec4f670a178007281fc5
"hangul_0211_20260929T061239630Z_3410109f.jpg","껴",211,,,pending_review,"P004","S01","2026-09-29T06:12:39.6300137Z",64,64,jpeg,5c7b367099e48f200c3c060a0b938d70bc070ec50e93ec4f670a178007281fc5
"hangul_0212_20260929T061245090Z_04e597ce.jpg","껸",212,,,pending_review,"P004","S01","2026-09-29T06:12:45.0902147Z",64,64,jpeg,5c7b367099e48f200c3c060a0b938d70bc070ec50e93ec4f670a178007281fc5
"hangul_0212_20260929T061249695Z_258027c0.jpg","껸",212,,,pending_review,"P004","S01","2026-09-29T06:12:49.6959789Z",64,64,jpeg,5c7b367099e48f200c3c060a0b938d70bc070ec50e93ec4f670a178007281fc5
"hangul_0213_20260929T061254443Z_60f24098.jpg","껼",213,,,pending_review,"P004","S01","2026-09-29T06:12:54.4437091Z",64,64,jpeg,5c7b367099e48f200c3c060a0b938d70bc070ec50e93ec4f670a178007281fc5
"hangul_0214_20260929T061300078Z_ec0a698e.jpg","꼇",214,,,pending_review,"P004","S01","2026-09-29T06:13:00.0786973Z",64,64,jpeg,5c7b367099e48f200c3c060a0b938d70bc070ec50e93ec4f670a178007281fc5
"hangul_0215_20260929T061305948Z_6f35adb2.jpg","꼈",215,,,pending_review,"P004","S01","2026-09-29T06:13:05.9487261Z",64,64,jpeg,5c7b367099e48f200c3c060a0b938d70bc070ec50e93ec4f670a178007281fc5
"hangul_0216_20260929T061311522Z_48661c20.jpg","꼍",216,,,pending_review,"P004","S01","2026-09-29T06:13:11.5222477Z",64,64,jpeg,5c7b367099e48f200c3c060a0b938d70bc070ec50e93ec4f670a178007281fc5
"hangul_0217_20260929T061315918Z_a902b446.jpg","꼐",217,,,pending_review,"P004","S01","2026-09-29T06:13:15.9188483Z",64,64,jpeg,5c7b367099e48f200c3c060a0b938d70bc070ec50e93ec4f670a178007281fc5
"hangul_0218_20260929T061319185Z_89215f3a.jpg","꼬",218,,,pending_review,"P004","S01","2026-09-29T06:13:19.1858963Z",64,64,jpeg,5c7b367099e48f200c3c060a0b938d70bc070ec50e93ec4f670a178007281fc5
"hangul_0219_20260929T061322984Z_d98ec9d3.jpg","꼭",219,,,pending_review,"P004","S01","2026-09-29T06:13:22.9846662Z",64,64,jpeg,5c7b367099e48f200c3c060a0b938d70bc070ec50e93ec4f670a178007281fc5
"hangul_0220_20260929T061326683Z_f7b1387d.jpg","꼰",220,,,pending_review,"P004","S01","2026-09-29T06:13:26.6837249Z",64,64,jpeg,5c7b367099e48f200c3c060a0b938d70bc070ec50e93ec4f670a178007281fc5
"hangul_0221_20260929T061331414Z_20997315.jpg","꼲",221,,,pending_review,"P004","S01","2026-09-29T06:13:31.4149074Z",64,64,jpeg,5c7b367099e48f200c3c060a0b938d70bc070ec50e93ec4f670a178007281fc5
"hangul_0222_20260929T061335485Z_0174cb9c.jpg","꼴",222,,,pending_review,"P004","S01","2026-09-29T06:13:35.4859757Z",64,64,jpeg,5c7b367099e48f200c3c060a0b938d70bc070ec50e93ec4f670a178007281fc5
"hangul_0222_20260929T062104245Z_db9c9640.jpg","꼴",222,,,pending_review,"P004","S01","2026-09-29T06:21:04.2450069Z",64,64,jpeg,5c7b367099e48f200c3c060a0b938d70bc070ec50e93ec4f670a178007281fc5
"hangul_0223_20260929T062109021Z_21191f06.jpg","꼼",223,,,pending_review,"P004","S01","2026-09-29T06:21:09.0217585Z",64,64,jpeg,5c7b367099e48f200c3c060a0b938d70bc070ec50e93ec4f670a178007281fc5
"hangul_0224_20260929T062114127Z_dd816a93.jpg","꼽",224,,,pending_review,"P004","S01","2026-09-29T06:21:14.1277089Z",64,64,jpeg,5c7b367099e48f200c3c060a0b938d70bc070ec50e93ec4f670a178007281fc5
"hangul_0225_20260929T062118053Z_83357abb.jpg","꼿",225,,,pending_review,"P004","S01","2026-09-29T06:21:18.0536236Z",64,64,jpeg,5c7b367099e48f200c3c060a0b938d70bc070ec50e93ec4f670a178007281fc5
"hangul_0226_20260929T062124290Z_c4404237.jpg","꽁",226,,,pending_review,"P004","S01","2026-09-29T06:21:24.2903378Z",64,64,jpeg,5c7b367099e48f200c3c060a0b938d70bc070ec50e93ec4f670a178007281fc5
"hangul_0227_20260929T062128619Z_7a80006f.jpg","꽂",227,,,pending_review,"P004","S01","2026-09-29T06:21:28.6197258Z",64,64,jpeg,5c7b367099e48f200c3c060a0b938d70bc070ec50e93ec4f670a178007281fc5
"hangul_0228_20260929T062133238Z_9781c6b6.jpg","꽃",228,,,pending_review,"P004","S01","2026-09-29T06:21:33.2388059Z",64,64,jpeg,5c7b367099e48f200c3c060a0b938d70bc070ec50e93ec4f670a178007281fc5
"hangul_0229_20260929T062137079Z_5c031612.jpg","꽈",229,,,pending_review,"P004","S01","2026-09-29T06:21:37.0798891Z",64,64,jpeg,5c7b367099e48f200c3c060a0b938d70bc070ec50e93ec4f670a178007281fc5
"hangul_0230_20260929T062142325Z_444b90c1.jpg","꽉",230,,,pending_review,"P004","S01","2026-09-29T06:21:42.3257306Z",64,64,jpeg,5c7b367099e48f200c3c060a0b938d70bc070ec50e93ec4f670a178007281fc5
"hangul_0231_20260929T062147291Z_33dacb3a.jpg","꽐",231,,,pending_review,"P004","S01","2026-09-29T06:21:47.2912067Z",64,64,jpeg,5c7b367099e48f200c3c060a0b938d70bc070ec50e93ec4f670a178007281fc5
"hangul_0232_20260929T062152965Z_18f2bc6e.jpg","꽜",232,,,pending_review,"P004","S01","2026-09-29T06:21:52.9658595Z",64,64,jpeg,5c7b367099e48f200c3c060a0b938d70bc070ec50e93ec4f670a178007281fc5
"hangul_0233_20260929T062157656Z_f520f3c9.jpg","꽝",233,,,pending_review,"P004","S01","2026-09-29T06:21:57.6562202Z",64,64,jpeg,5c7b367099e48f200c3c060a0b938d70bc070ec50e93ec4f670a178007281fc5
"hangul_0234_20260929T062201920Z_371d2b82.jpg","꽤",234,,,pending_review,"P004","S01","2026-09-29T06:22:01.9200854Z",64,64,jpeg,5c7b367099e48f200c3c060a0b938d70bc070ec50e93ec4f670a178007281fc5
"hangul_0235_20260929T062206745Z_34b990ba.jpg","꽥",235,,,pending_review,"P004","S01","2026-09-29T06:22:06.7458072Z",64,64,jpeg,5c7b367099e48f200c3c060a0b938d70bc070ec50e93ec4f670a178007281fc5
"hangul_0236_20260929T062211265Z_745d6f4c.jpg","꽹",236,,,pending_review,"P004","S01","2026-09-29T06:22:11.2654813Z",64,64,jpeg,5c7b367099e48f200c3c060a0b938d70bc070ec50e93ec4f670a178007281fc5
"hangul_0237_20260929T062214663Z_a6a18006.jpg","꾀",237,,,pending_review,"P004","S01","2026-09-29T06:22:14.6636905Z",64,64,jpeg,5c7b367099e48f200c3c060a0b938d70bc070ec50e93ec4f670a178007281fc5
"hangul_0238_20260929T062218677Z_a33ac5e1.jpg","꾄",238,,,pending_review,"P004","S01","2026-09-29T06:22:18.6771029Z",64,64,jpeg,5c7b367099e48f200c3c060a0b938d70bc070ec50e93ec4f670a178007281fc5
"hangul_0239_20260929T062223260Z_72791cfa.jpg","꾈",239,,,pending_review,"P004","S01","2026-09-29T06:22:23.2609354Z",64,64,jpeg,5c7b367099e48f200c3c060a0b938d70bc070ec50e93ec4f670a178007281fc5
"hangul_0240_20260929T062227904Z_1c431afb.jpg","꾐",240,,,pending_review,"P004","S01","2026-09-29T06:22:27.9046238Z",64,64,jpeg,5c7b367099e48f200c3c060a0b938d70bc070ec50e93ec4f670a178007281fc5
"hangul_0241_20260929T062234218Z_7da55aa9.jpg","꾑",241,,,pending_review,"P004","S01","2026-09-29T06:22:34.2182336Z",64,64,jpeg,5c7b367099e48f200c3c060a0b938d70bc070ec50e93ec4f670a178007281fc5
"hangul_0811_20260929T063033372Z_f8ec2727.jpg","멎",811,,,pending_review,"P005","S01","2026-09-29T06:30:33.3725684Z",64,64,jpeg,5c7b367099e48f200c3c060a0b938d70bc070ec50e93ec4f670a178007281fc5
"hangul_0812_20260929T063040032Z_75e3b18d.jpg","멓",812,,,pending_review,"P005","S01","2026-09-29T06:30:40.0320467Z",64,64,jpeg,5c7b367099e48f200c3c060a0b938d70bc070ec50e93ec4f670a178007281fc5
"hangul_0813_20260929T063044404Z_78986d8a.jpg","메",813,,,pending_review,"P005","S01","2026-09-29T06:30:44.4045151Z",64,64,jpeg,5c7b367099e48f200c3c060a0b938d70bc070ec50e93ec4f670a178007281fc5
"hangul_0814_20260929T063048200Z_2a33a721.jpg","멕",814,,,pending_review,"P005","S01","2026-09-29T06:30:48.2007200Z",64,64,jpeg,5c7b367099e48f200c3c060a0b938d70bc070ec50e93ec4f670a178007281fc5
"hangul_0815_20260929T063052455Z_15d6773e.jpg","멘",815,,,pending_review,"P005","S01","2026-09-29T06:30:52.4557015Z",64,64,jpeg,5c7b367099e48f200c3c060a0b938d70bc070ec50e93ec4f670a178007281fc5
"hangul_0816_20260929T063056749Z_f8e145a4.jpg","멜",816,,,pending_review,"P005","S01","2026-09-29T06:30:56.7496900Z",64,64,jpeg,5c7b367099e48f200c3c060a0b938d70bc070ec50e93ec4f670a178007281fc5
"hangul_0817_20260929T063102365Z_6888aa61.jpg","멤",817,,,pending_review,"P005","S01","2026-09-29T06:31:02.3654098Z",64,64,jpeg,5c7b367099e48f200c3c060a0b938d70bc070ec50e93ec4f670a178007281fc5
"hangul_0818_20260929T063107830Z_c941b9cb.jpg","멥",818,,,pending_review,"P005","S01","2026-09-29T06:31:07.8302842Z",64,64,jpeg,5c7b367099e48f200c3c060a0b938d70bc070ec50e93ec4f670a178007281fc5
"hangul_0818_20260929T063140388Z_728e041f.jpg","멥",818,,,pending_review,"P005","S01","2026-09-29T06:31:40.3880447Z",64,64,jpeg,5c7b367099e48f200c3c060a0b938d70bc070ec50e93ec4f670a178007281fc5
"hangul_0819_20260929T063145143Z_de2a1b31.jpg","멧",819,,,pending_review,"P005","S01","2026-09-29T06:31:45.1434523Z",64,64,jpeg,5c7b367099e48f200c3c060a0b938d70bc070ec50e93ec4f670a178007281fc5
"hangul_0820_20260929T063149638Z_370acaf3.jpg","멨",820,,,pending_review,"P005","S01","2026-09-29T06:31:49.6384178Z",64,64,jpeg,5c7b367099e48f200c3c060a0b938d70bc070ec50e93ec4f670a178007281fc5
"hangul_0821_20260929T063156367Z_abc4bcf2.jpg","멩",821,,,pending_review,"P005","S01","2026-09-29T06:31:56.3675425Z",64,64,jpeg,5c7b367099e48f200c3c060a0b938d70bc070ec50e93ec4f670a178007281fc5
"hangul_0822_20260929T063159902Z_cacd6e99.jpg","며",822,,,pending_review,"P005","S01","2026-09-29T06:31:59.9026197Z",64,64,jpeg,5c7b367099e48f200c3c060a0b938d70bc070ec50e93ec4f670a178007281fc5
"hangul_0823_20260929T063209158Z_a2b224e8.jpg","멱",823,,,pending_review,"P005","S01","2026-09-29T06:32:09.1582888Z",64,64,jpeg,5c7b367099e48f200c3c060a0b938d70bc070ec50e93ec4f670a178007281fc5
"hangul_0824_20260929T063229911Z_eac70a33.jpg","면",824,,,pending_review,"P005","S01","2026-09-29T06:32:29.9110997Z",64,64,jpeg,5c7b367099e48f200c3c060a0b938d70bc070ec50e93ec4f670a178007281fc5
"hangul_0825_20260929T063234515Z_f05b041a.jpg","멸",825,,,pending_review,"P005","S01","2026-09-29T06:32:34.5155757Z",64,64,jpeg,5c7b367099e48f200c3c060a0b938d70bc070ec50e93ec4f670a178007281fc5
"hangul_0826_20260929T063238502Z_bc8faae9.jpg","몃",826,,,pending_review,"P005","S01","2026-09-29T06:32:38.5021575Z",64,64,jpeg,5c7b367099e48f200c3c060a0b938d70bc070ec50e93ec4f670a178007281fc5
"hangul_0827_20260929T063256074Z_07605d47.jpg","몄",827,,,pending_review,"P005","S01","2026-09-29T06:32:56.0748036Z",64,64,jpeg,5c7b367099e48f200c3c060a0b938d70bc070ec50e93ec4f670a178007281fc5
"hangul_0828_20260929T063330825Z_dc08ebfb.jpg","명",828,,,pending_review,"P005","S01","2026-09-29T06:33:30.8254568Z",64,64,jpeg,5c7b367099e48f200c3c060a0b938d70bc070ec50e93ec4f670a178007281fc5
"hangul_0829_20260929T063335439Z_c8cbd440.jpg","몇",829,,,pending_review,"P005","S01","2026-09-29T06:33:35.4397509Z",64,64,jpeg,5c7b367099e48f200c3c060a0b938d70bc070ec50e93ec4f670a178007281fc5
"hangul_0830_20260929T063339425Z_1fd3994e.jpg","몌",830,,,pending_review,"P005","S01","2026-09-29T06:33:39.4256318Z",64,64,jpeg,5c7b367099e48f200c3c060a0b938d70bc070ec50e93ec4f670a178007281fc5
"hangul_0831_20260929T063342792Z_bdb0d596.jpg","모",831,,,pending_review,"P005","S01","2026-09-29T06:33:42.7928553Z",64,64,jpeg,5c7b367099e48f200c3c060a0b938d70bc070ec50e93ec4f670a178007281fc5
"hangul_0832_20260929T063346971Z_255cc078.jpg","목",832,,,pending_review,"P005","S01","2026-09-29T06:33:46.9710503Z",64,64,jpeg,5c7b367099e48f200c3c060a0b938d70bc070ec50e93ec4f670a178007281fc5
"hangul_0833_20260929T063351244Z_7776b7d4.jpg","몫",833,,,pending_review,"P005","S01","2026-09-29T06:33:51.2442696Z",64,64,jpeg,5c7b367099e48f200c3c060a0b938d70bc070ec50e93ec4f670a178007281fc5
"hangul_0834_20260929T063354934Z_135c38dd.jpg","몬",834,,,pending_review,"P005","S01","2026-09-29T06:33:54.9348736Z",64,64,jpeg,5c7b367099e48f200c3c060a0b938d70bc070ec50e93ec4f670a178007281fc5
"hangul_0835_20260929T063358404Z_353ff8d2.jpg","몰",835,,,pending_review,"P005","S01","2026-09-29T06:33:58.4045863Z",64,64,jpeg,5c7b367099e48f200c3c060a0b938d70bc070ec50e93ec4f670a178007281fc5
"hangul_0836_20260929T063402673Z_83752974.jpg","몲",836,,,pending_review,"P005","S01","2026-09-29T06:34:02.6736247Z",64,64,jpeg,5c7b367099e48f200c3c060a0b938d70bc070ec50e93ec4f670a178007281fc5
"hangul_0837_20260929T063406588Z_97e876e9.jpg","몸",837,,,pending_review,"P005","S01","2026-09-29T06:34:06.5887196Z",64,64,jpeg,5c7b367099e48f200c3c060a0b938d70bc070ec50e93ec4f670a178007281fc5
"hangul_0838_20260929T063410161Z_3a886f4d.jpg","몹",838,,,pending_review,"P005","S01","2026-09-29T06:34:10.1619917Z",64,64,jpeg,5c7b367099e48f200c3c060a0b938d70bc070ec50e93ec4f670a178007281fc5
"hangul_0839_20260929T063412992Z_fb2c4dd2.jpg","못",839,,,pending_review,"P005","S01","2026-09-29T06:34:12.9929867Z",64,64,jpeg,5c7b367099e48f200c3c060a0b938d70bc070ec50e93ec4f670a178007281fc5
"hangul_0840_20260929T063416067Z_96873037.jpg","몽",840,,,pending_review,"P005","S01","2026-09-29T06:34:16.0679706Z",64,64,jpeg,5c7b367099e48f200c3c060a0b938d70bc070ec50e93ec4f670a178007281fc5
"hangul_0841_20260929T063419167Z_32a58608.jpg","뫄",841,,,pending_review,"P005","S01","2026-09-29T06:34:19.1675871Z",64,64,jpeg,5c7b367099e48f200c3c060a0b938d70bc070ec50e93ec4f670a178007281fc5
"hangul_0842_20260929T063429898Z_de0842e7.jpg","뫈",842,,,pending_review,"P005","S01","2026-09-29T06:34:29.8983602Z",64,64,jpeg,5c7b367099e48f200c3c060a0b938d70bc070ec50e93ec4f670a178007281fc5
"hangul_0843_20260929T063434106Z_a6443bd7.jpg","뫘",843,,,pending_review,"P005","S01","2026-09-29T06:34:34.1069805Z",64,64,jpeg,5c7b367099e48f200c3c060a0b938d70bc070ec50e93ec4f670a178007281fc5
"hangul_0844_20260929T063438449Z_a9ece2f6.jpg","뫙",844,,,pending_review,"P005","S01","2026-09-29T06:34:38.4497177Z",64,64,jpeg,5c7b367099e48f200c3c060a0b938d70bc070ec50e93ec4f670a178007281fc5
"hangul_0845_20260929T063442110Z_91881dd3.jpg","뫼",845,,,pending_review,"P005","S01","2026-09-29T06:34:42.1106846Z",64,64,jpeg,5c7b367099e48f200c3c060a0b938d70bc070ec50e93ec4f670a178007281fc5
"hangul_0846_20260929T063446413Z_e58b979f.jpg","묀",846,,,pending_review,"P005","S01","2026-09-29T06:34:46.4130492Z",64,64,jpeg,5c7b367099e48f200c3c060a0b938d70bc070ec50e93ec4f670a178007281fc5
"hangul_0847_20260929T063450539Z_501a7d25.jpg","묄",847,,,pending_review,"P005","S01","2026-09-29T06:34:50.5396264Z",64,64,jpeg,5c7b367099e48f200c3c060a0b938d70bc070ec50e93ec4f670a178007281fc5
"hangul_0848_20260929T063454496Z_2822f5f4.jpg","묍",848,,,pending_review,"P005","S01","2026-09-29T06:34:54.4967070Z",64,64,jpeg,5c7b367099e48f200c3c060a0b938d70bc070ec50e93ec4f670a178007281fc5
"hangul_0849_20260929T063458750Z_21723b9c.jpg","묏",849,,,pending_review,"P005","S01","2026-09-29T06:34:58.7505645Z",64,64,jpeg,5c7b367099e48f200c3c060a0b938d70bc070ec50e93ec4f670a178007281fc5
"hangul_0850_20260929T063502304Z_54af6c58.jpg","묑",850,,,pending_review,"P005","S01","2026-09-29T06:35:02.3045417Z",64,64,jpeg,5c7b367099e48f200c3c060a0b938d70bc070ec50e93ec4f670a178007281fc5
"hangul_0851_20260929T063506527Z_96dcf6d0.jpg","묘",851,,,pending_review,"P005","S01","2026-09-29T06:35:06.5275423Z",64,64,jpeg,5c7b367099e48f200c3c060a0b938d70bc070ec50e93ec4f670a178007281fc5
"hangul_0852_20260929T063510159Z_1f6a3c7e.jpg","묜",852,,,pending_review,"P005","S01","2026-09-29T06:35:10.1597044Z",64,64,jpeg,5c7b367099e48f200c3c060a0b938d70bc070ec50e93ec4f670a178007281fc5
"hangul_0853_20260929T063514052Z_a44efcd1.jpg","묠",853,,,pending_review,"P005","S01","2026-09-29T06:35:14.0528406Z",64,64,jpeg,5c7b367099e48f200c3c060a0b938d70bc070ec50e93ec4f670a178007281fc5
"hangul_0854_20260929T063520049Z_2e092703.jpg","묩",854,,,pending_review,"P005","S01","2026-09-29T06:35:20.0498117Z",64,64,jpeg,5c7b367099e48f200c3c060a0b938d70bc070ec50e93ec4f670a178007281fc5
"hangul_0855_20260929T063524272Z_b5255575.jpg","묫",855,,,pending_review,"P005","S01","2026-09-29T06:35:24.2727106Z",64,64,jpeg,5c7b367099e48f200c3c060a0b938d70bc070ec50e93ec4f670a178007281fc5
"hangul_0856_20260929T063528657Z_55cd68ea.jpg","무",856,,,pending_review,"P005","S01","2026-09-29T06:35:28.6570668Z",64,64,jpeg,5c7b367099e48f200c3c060a0b938d70bc070ec50e93ec4f670a178007281fc5
"hangul_0857_20260929T063531694Z_7f1764b4.jpg","묵",857,,,pending_review,"P005","S01","2026-09-29T06:35:31.6943348Z",64,64,jpeg,5c7b367099e48f200c3c060a0b938d70bc070ec50e93ec4f670a178007281fc5
"hangul_0858_20260929T063535554Z_eb143170.jpg","묶",858,,,pending_review,"P005","S01","2026-09-29T06:35:35.5548507Z",64,64,jpeg,5c7b367099e48f200c3c060a0b938d70bc070ec50e93ec4f670a178007281fc5
"hangul_0859_20260929T063538479Z_c7ddad14.jpg","문",859,,,pending_review,"P005","S01","2026-09-29T06:35:38.4796049Z",64,64,jpeg,5c7b367099e48f200c3c060a0b938d70bc070ec50e93ec4f670a178007281fc5
"hangul_0860_20260929T063542351Z_e3cbd65b.jpg","묻",860,,,pending_review,"P005","S01","2026-09-29T06:35:42.3513186Z",64,64,jpeg,5c7b367099e48f200c3c060a0b938d70bc070ec50e93ec4f670a178007281fc5
"hangul_0861_20260929T063545728Z_70d29493.jpg","물",861,,,pending_review,"P005","S01","2026-09-29T06:35:45.7285337Z",64,64,jpeg,5c7b367099e48f200c3c060a0b938d70bc070ec50e93ec4f670a178007281fc5
"hangul_0862_20260929T063550919Z_e0ccd4c0.jpg","묽",862,,,pending_review,"P005","S01","2026-09-29T06:35:50.9195475Z",64,64,jpeg,5c7b367099e48f200c3c060a0b938d70bc070ec50e93ec4f670a178007281fc5
"hangul_0863_20260929T063555093Z_63abdc7b.jpg","묾",863,,,pending_review,"P005","S01","2026-09-29T06:35:55.0937824Z",64,64,jpeg,5c7b367099e48f200c3c060a0b938d70bc070ec50e93ec4f670a178007281fc5
"hangul_0864_20260929T063558416Z_2587f839.jpg","뭄",864,,,pending_review,"P005","S01","2026-09-29T06:35:58.4166160Z",64,64,jpeg,5c7b367099e48f200c3c060a0b938d70bc070ec50e93ec4f670a178007281fc5
"hangul_0865_20260929T063616566Z_f620e1b0.jpg","뭅",865,,,pending_review,"P005","S01","2026-09-29T06:36:16.5669994Z",64,64,jpeg,5c7b367099e48f200c3c060a0b938d70bc070ec50e93ec4f670a178007281fc5
"hangul_0866_20260929T063619794Z_0d54fb5d.jpg","뭇",866,,,pending_review,"P005","S01","2026-09-29T06:36:19.7947431Z",64,64,jpeg,5c7b367099e48f200c3c060a0b938d70bc070ec50e93ec4f670a178007281fc5
"hangul_0867_20260929T063623050Z_06e1f90d.jpg","뭉",867,,,pending_review,"P005","S01","2026-09-29T06:36:23.0501165Z",64,64,jpeg,5c7b367099e48f200c3c060a0b938d70bc070ec50e93ec4f670a178007281fc5
"hangul_0868_20260929T063626991Z_d07072c4.jpg","뭍",868,,,pending_review,"P005","S01","2026-09-29T06:36:26.9915298Z",64,64,jpeg,5c7b367099e48f200c3c060a0b938d70bc070ec50e93ec4f670a178007281fc5
"hangul_0869_20260929T063631991Z_14b081f5.jpg","뭏",869,,,pending_review,"P005","S01","2026-09-29T06:36:31.9915954Z",64,64,jpeg,5c7b367099e48f200c3c060a0b938d70bc070ec50e93ec4f670a178007281fc5
"hangul_0870_20260929T063636133Z_61395758.jpg","뭐",870,,,pending_review,"P005","S01","2026-09-29T06:36:36.1331947Z",64,64,jpeg,5c7b367099e48f200c3c060a0b938d70bc070ec50e93ec4f670a178007281fc5
"hangul_0871_20260929T063640918Z_7bd1c50d.jpg","뭔",871,,,pending_review,"P005","S01","2026-09-29T06:36:40.9185531Z",64,64,jpeg,5c7b367099e48f200c3c060a0b938d70bc070ec50e93ec4f670a178007281fc5
"hangul_0872_20260929T063645767Z_9543c03b.jpg","뭘",872,,,pending_review,"P005","S01","2026-09-29T06:36:45.7674226Z",64,64,jpeg,5c7b367099e48f200c3c060a0b938d70bc070ec50e93ec4f670a178007281fc5
"hangul_0873_20260929T063659731Z_5e9db81b.jpg","뭡",873,,,pending_review,"P005","S01","2026-09-29T06:36:59.7315570Z",64,64,jpeg,5c7b367099e48f200c3c060a0b938d70bc070ec50e93ec4f670a178007281fc5
"hangul_0874_20260929T063713076Z_3dfb489a.jpg","뭣",874,,,pending_review,"P005","S01","2026-09-29T06:37:13.0761163Z",64,64,jpeg,5c7b367099e48f200c3c060a0b938d70bc070ec50e93ec4f670a178007281fc5
"hangul_0875_20260929T065403543Z_d1335d9d.jpg","뭬",875,,,pending_review,"P005","S01","2026-09-29T06:54:03.5432918Z",64,64,jpeg,5c7b367099e48f200c3c060a0b938d70bc070ec50e93ec4f670a178007281fc5
"hangul_0876_20260929T065407018Z_6ba3f405.jpg","뮈",876,,,pending_review,"P005","S01","2026-09-29T06:54:07.0183186Z",64,64,jpeg,5c7b367099e48f200c3c060a0b938d70bc070ec50e93ec4f670a178007281fc5
"hangul_0877_20260929T065410702Z_1ecc9bda.jpg","뮌",877,,,pending_review,"P005","S01","2026-09-29T06:54:10.7021601Z",64,64,jpeg,5c7b367099e48f200c3c060a0b938d70bc070ec50e93ec4f670a178007281fc5
"hangul_0878_20260929T065414774Z_466d17eb.jpg","뮐",878,,,pending_review,"P005","S01","2026-09-29T06:54:14.7749770Z",64,64,jpeg,5c7b367099e48f200c3c060a0b938d70bc070ec50e93ec4f670a178007281fc5
"hangul_0879_20260929T065417777Z_c3cd41ae.jpg","뮤",879,,,pending_review,"P005","S01","2026-09-29T06:54:17.7777594Z",64,64,jpeg,5c7b367099e48f200c3c060a0b938d70bc070ec50e93ec4f670a178007281fc5
"hangul_0880_20260929T065420724Z_a1d7f7af.jpg","뮨",880,,,pending_review,"P005","S01","2026-09-29T06:54:20.7241286Z",64,64,jpeg,5c7b367099e48f200c3c060a0b938d70bc070ec50e93ec4f670a178007281fc5
"hangul_0881_20260929T065424411Z_c69f4717.jpg","뮬",881,,,pending_review,"P005","S01","2026-09-29T06:54:24.4112966Z",64,64,jpeg,5c7b367099e48f200c3c060a0b938d70bc070ec50e93ec4f670a178007281fc5
"hangul_0882_20260929T065429134Z_e0479d2a.jpg","뮴",882,,,pending_review,"P005","S01","2026-09-29T06:54:29.1343696Z",64,64,jpeg,5c7b367099e48f200c3c060a0b938d70bc070ec50e93ec4f670a178007281fc5
"hangul_0883_20260929T065433196Z_44c5a3f2.jpg","뮷",883,,,pending_review,"P005","S01","2026-09-29T06:54:33.1964920Z",64,64,jpeg,5c7b367099e48f200c3c060a0b938d70bc070ec50e93ec4f670a178007281fc5
"hangul_0884_20260929T065436290Z_b1a6189d.jpg","므",884,,,pending_review,"P005","S01","2026-09-29T06:54:36.2904631Z",64,64,jpeg,5c7b367099e48f200c3c060a0b938d70bc070ec50e93ec4f670a178007281fc5
"hangul_0885_20260929T065438998Z_172873eb.jpg","믄",885,,,pending_review,"P005","S01","2026-09-29T06:54:38.9980223Z",64,64,jpeg,5c7b367099e48f200c3c060a0b938d70bc070ec50e93ec4f670a178007281fc5
"hangul_0886_20260929T065441911Z_f03ef925.jpg","믈",886,,,pending_review,"P005","S01","2026-09-29T06:54:41.9115940Z",64,64,jpeg,5c7b367099e48f200c3c060a0b938d70bc070ec50e93ec4f670a178007281fc5
"hangul_0887_20260929T065444984Z_edbad23d.jpg","믐",887,,,pending_review,"P005","S01","2026-09-29T06:54:44.9848323Z",64,64,jpeg,5c7b367099e48f200c3c060a0b938d70bc070ec50e93ec4f670a178007281fc5
"hangul_0888_20260929T065447508Z_bf76d9a6.jpg","믓",888,,,pending_review,"P005","S01","2026-09-29T06:54:47.5086089Z",64,64,jpeg,5c7b367099e48f200c3c060a0b938d70bc070ec50e93ec4f670a178007281fc5
"hangul_0889_20260929T065450508Z_f0b8f0b0.jpg","미",889,,,pending_review,"P005","S01","2026-09-29T06:54:50.5082173Z",64,64,jpeg,5c7b367099e48f200c3c060a0b938d70bc070ec50e93ec4f670a178007281fc5
"hangul_0890_20260929T065453436Z_ce6c977b.jpg","믹",890,,,pending_review,"P005","S01","2026-09-29T06:54:53.4361361Z",64,64,jpeg,5c7b367099e48f200c3c060a0b938d70bc070ec50e93ec4f670a178007281fc5
"hangul_0891_20260929T065456038Z_cd0bc2c0.jpg","민",891,,,pending_review,"P005","S01","2026-09-29T06:54:56.0380546Z",64,64,jpeg,5c7b367099e48f200c3c060a0b938d70bc070ec50e93ec4f670a178007281fc5
"hangul_0892_20260929T065500728Z_8d20a67b.jpg","믿",892,,,pending_review,"P005","S01","2026-09-29T06:55:00.7280243Z",64,64,jpeg,5c7b367099e48f200c3c060a0b938d70bc070ec50e93ec4f670a178007281fc5
"hangul_0893_20260929T065514790Z_8284fc42.jpg","밀",893,,,pending_review,"P005","S01","2026-09-29T06:55:14.7904078Z",64,64,jpeg,5c7b367099e48f200c3c060a0b938d70bc070ec50e93ec4f670a178007281fc5
"hangul_0894_20260929T065523713Z_715be69b.jpg","밂",894,,,pending_review,"P005","S01","2026-09-29T06:55:23.7133949Z",64,64,jpeg,5c7b367099e48f200c3c060a0b938d70bc070ec50e93ec4f670a178007281fc5
"hangul_0895_20260929T065540294Z_fddf9938.jpg","밈",895,,,pending_review,"P005","S01","2026-09-29T06:55:40.2944589Z",64,64,jpeg,5c7b367099e48f200c3c060a0b938d70bc070ec50e93ec4f670a178007281fc5
"hangul_0896_20260929T065546317Z_8bfc281e.jpg","밉",896,,,pending_review,"P005","S01","2026-09-29T06:55:46.3170201Z",64,64,jpeg,5c7b367099e48f200c3c060a0b938d70bc070ec50e93ec4f670a178007281fc5
"hangul_0897_20260929T065551117Z_d448a53d.jpg","밋",897,,,pending_review,"P005","S01","2026-09-29T06:55:51.1176567Z",64,64,jpeg,5c7b367099e48f200c3c060a0b938d70bc070ec50e93ec4f670a178007281fc5
"hangul_0898_20260929T065555644Z_5d30f587.jpg","밌",898,,,pending_review,"P005","S01","2026-09-29T06:55:55.6446724Z",64,64,jpeg,5c7b367099e48f200c3c060a0b938d70bc070ec50e93ec4f670a178007281fc5
"hangul_0899_20260929T065603047Z_de2d01e7.jpg","밍",899,,,pending_review,"P005","S01","2026-09-29T06:56:03.0474142Z",64,64,jpeg,5c7b367099e48f200c3c060a0b938d70bc070ec50e93ec4f670a178007281fc5
"hangul_0900_20260929T085752514Z_b20318d8.jpg","및",900,,,pending_review,"P005","S01","2026-09-29T08:57:52.5144304Z",64,64,jpeg,5c7b367099e48f200c3c060a0b938d70bc070ec50e93ec4f670a178007281fc5
"hangul_0901_20260929T085757029Z_e7052a49.jpg","밑",901,,,pending_review,"P005","S01","2026-09-29T08:57:57.0299674Z",64,64,jpeg,5c7b367099e48f200c3c060a0b938d70bc070ec50e93ec4f670a178007281fc5
"hangul_0901_20260929T085822736Z_acf8e36e.jpg","밑",901,,,pending_review,"P005","S01","2026-09-29T08:58:22.7361929Z",64,64,jpeg,5c7b367099e48f200c3c060a0b938d70bc070ec50e93ec4f670a178007281fc5
"hangul_0902_20260929T085827112Z_edab6e72.jpg","바",902,,,pending_review,"P005","S01","2026-09-29T08:58:27.1129564Z",64,64,jpeg,5c7b367099e48f200c3c060a0b938d70bc070ec50e93ec4f670a178007281fc5
"hangul_0903_20260929T085830927Z_5d02b10c.jpg","박",903,,,pending_review,"P005","S01","2026-09-29T08:58:30.9274682Z",64,64,jpeg,5c7b367099e48f200c3c060a0b938d70bc070ec50e93ec4f670a178007281fc5
"hangul_0904_20260929T085834721Z_b8ff72af.jpg","밖",904,,,pending_review,"P005","S01","2026-09-29T08:58:34.7218009Z",64,64,jpeg,5c7b367099e48f200c3c060a0b938d70bc070ec50e93ec4f670a178007281fc5
"hangul_0905_20260929T085839641Z_5ed1119e.jpg","밗",905,,,pending_review,"P005","S01","2026-09-29T08:58:39.6412932Z",64,64,jpeg,5c7b367099e48f200c3c060a0b938d70bc070ec50e93ec4f670a178007281fc5
"hangul_0906_20260929T085847268Z_666b6984.jpg","반",906,,,pending_review,"P005","S01","2026-09-29T08:58:47.2682770Z",64,64,jpeg,5c7b367099e48f200c3c060a0b938d70bc070ec50e93ec4f670a178007281fc5
"hangul_0907_20260929T085851681Z_8633b823.jpg","받",907,,,pending_review,"P005","S01","2026-09-29T08:58:51.6810197Z",64,64,jpeg,5c7b367099e48f200c3c060a0b938d70bc070ec50e93ec4f670a178007281fc5
"hangul_0908_20260929T085908935Z_da0f6804.jpg","발",908,,,pending_review,"P005","S01","2026-09-29T08:59:08.9352658Z",64,64,jpeg,5c7b367099e48f200c3c060a0b938d70bc070ec50e93ec4f670a178007281fc5
"hangul_0909_20260929T085913969Z_e60edea8.jpg","밝",909,,,pending_review,"P005","S01","2026-09-29T08:59:13.9695039Z",64,64,jpeg,5c7b367099e48f200c3c060a0b938d70bc070ec50e93ec4f670a178007281fc5
"hangul_0910_20260929T085918533Z_60e98f72.jpg","밞",910,,,pending_review,"P005","S01","2026-09-29T08:59:18.5334255Z",64,64,jpeg,5c7b367099e48f200c3c060a0b938d70bc070ec50e93ec4f670a178007281fc5
"hangul_0911_20260929T085923923Z_d2193c3e.jpg","밟",911,,,pending_review,"P005","S01","2026-09-29T08:59:23.9230390Z",64,64,jpeg,5c7b367099e48f200c3c060a0b938d70bc070ec50e93ec4f670a178007281fc5
"hangul_0912_20260929T085928862Z_056a1c66.jpg","밤",912,,,pending_review,"P005","S01","2026-09-29T08:59:28.8626030Z",64,64,jpeg,5c7b367099e48f200c3c060a0b938d70bc070ec50e93ec4f670a178007281fc5
"hangul_0913_20260929T085957211Z_80281e9a.jpg","밥",913,,,pending_review,"P005","S01","2026-09-29T08:59:57.2116423Z",64,64,jpeg,5c7b367099e48f200c3c060a0b938d70bc070ec50e93ec4f670a178007281fc5
"hangul_0914_20260929T090002891Z_e11a5323.jpg","밧",914,,,pending_review,"P005","S01","2026-09-29T09:00:02.8917362Z",64,64,jpeg,5c7b367099e48f200c3c060a0b938d70bc070ec50e93ec4f670a178007281fc5
"hangul_0915_20260929T090015422Z_2f4437b1.jpg","방",915,,,pending_review,"P005","S01","2026-09-29T09:00:15.4229193Z",64,64,jpeg,5c7b367099e48f200c3c060a0b938d70bc070ec50e93ec4f670a178007281fc5
"hangul_0916_20260929T090021107Z_5de696b3.jpg","밭",916,,,pending_review,"P005","S01","2026-09-29T09:00:21.1076361Z",64,64,jpeg,5c7b367099e48f200c3c060a0b938d70bc070ec50e93ec4f670a178007281fc5
"hangul_0917_20260929T090031650Z_211d3977.jpg","배",917,,,pending_review,"P005","S01","2026-09-29T09:00:31.6501988Z",64,64,jpeg,5c7b367099e48f200c3c060a0b938d70bc070ec50e93ec4f670a178007281fc5
"hangul_0918_20260929T090125252Z_a97633f7.jpg","백",918,,,pending_review,"P005","S01","2026-09-29T09:01:25.2526431Z",64,64,jpeg,5c7b367099e48f200c3c060a0b938d70bc070ec50e93ec4f670a178007281fc5
"hangul_0919_20260929T090133383Z_6a273feb.jpg","밴",919,,,pending_review,"P005","S01","2026-09-29T09:01:33.3838626Z",64,64,jpeg,5c7b367099e48f200c3c060a0b938d70bc070ec50e93ec4f670a178007281fc5
"hangul_0920_20260929T090141266Z_9be0bf9f.jpg","밸",920,,,pending_review,"P005","S01","2026-09-29T09:01:41.2661153Z",64,64,jpeg,5c7b367099e48f200c3c060a0b938d70bc070ec50e93ec4f670a178007281fc5
"hangul_0921_20260929T090146492Z_ce437fb1.jpg","뱀",921,,,pending_review,"P005","S01","2026-09-29T09:01:46.4922439Z",64,64,jpeg,5c7b367099e48f200c3c060a0b938d70bc070ec50e93ec4f670a178007281fc5
"hangul_0922_20260929T090154988Z_3d2a051e.jpg","뱁",922,,,pending_review,"P005","S01","2026-09-29T09:01:54.9886582Z",64,64,jpeg,5c7b367099e48f200c3c060a0b938d70bc070ec50e93ec4f670a178007281fc5
"hangul_0923_20260929T090231161Z_95d61667.jpg","뱃",923,,,pending_review,"P005","S01","2026-09-29T09:02:31.1615117Z",64,64,jpeg,5c7b367099e48f200c3c060a0b938d70bc070ec50e93ec4f670a178007281fc5
"hangul_0924_20260929T090242732Z_721fb729.jpg","뱄",924,,,pending_review,"P005","S01","2026-09-29T09:02:42.7328884Z",64,64,jpeg,5c7b367099e48f200c3c060a0b938d70bc070ec50e93ec4f670a178007281fc5
"hangul_0925_20260929T090251059Z_d06d25f4.jpg","뱅",925,,,pending_review,"P005","S01","2026-09-29T09:02:51.0599016Z",64,64,jpeg,5c7b367099e48f200c3c060a0b938d70bc070ec50e93ec4f670a178007281fc5
"hangul_0926_20260929T090300044Z_991f7e53.jpg","뱉",926,,,pending_review,"P005","S01","2026-09-29T09:03:00.0444784Z",64,64,jpeg,5c7b367099e48f200c3c060a0b938d70bc070ec50e93ec4f670a178007281fc5
"hangul_0927_20260929T090305342Z_b2135a3d.jpg","뱌",927,,,pending_review,"P005","S01","2026-09-29T09:03:05.3421906Z",64,64,jpeg,5c7b367099e48f200c3c060a0b938d70bc070ec50e93ec4f670a178007281fc5
"hangul_0928_20260929T090308575Z_3cd90240.jpg","뱍",928,,,pending_review,"P005","S01","2026-09-29T09:03:08.5759754Z",64,64,jpeg,5c7b367099e48f200c3c060a0b938d70bc070ec50e93ec4f670a178007281fc5
"hangul_0929_20260929T090311839Z_1ba8b5f8.jpg","뱐",929,,,pending_review,"P005","S01","2026-09-29T09:03:11.8396356Z",64,64,jpeg,5c7b367099e48f200c3c060a0b938d70bc070ec50e93ec4f670a178007281fc5
"hangul_0930_20260929T090327547Z_e9d7c079.jpg","뱝",930,,,pending_review,"P005","S01","2026-09-29T09:03:27.5470167Z",64,64,jpeg,5c7b367099e48f200c3c060a0b938d70bc070ec50e93ec4f670a178007281fc5
"hangul_0931_20260929T090405258Z_c9cd5c6e.jpg","버",931,,,pending_review,"P005","S01","2026-09-29T09:04:05.2581183Z",64,64,jpeg,5c7b367099e48f200c3c060a0b938d70bc070ec50e93ec4f670a178007281fc5
"hangul_0932_20260929T090429424Z_17c5eaaa.jpg","벅",932,,,pending_review,"P005","S01","2026-09-29T09:04:29.4249353Z",64,64,jpeg,5c7b367099e48f200c3c060a0b938d70bc070ec50e93ec4f670a178007281fc5
"hangul_0933_20260929T090432708Z_e9c24c15.jpg","번",933,,,pending_review,"P005","S01","2026-09-29T09:04:32.7086833Z",64,64,jpeg,5c7b367099e48f200c3c060a0b938d70bc070ec50e93ec4f670a178007281fc5
"hangul_0934_20260929T090437802Z_22b90254.jpg","벋",934,,,pending_review,"P005","S01","2026-09-29T09:04:37.8027370Z",64,64,jpeg,5c7b367099e48f200c3c060a0b938d70bc070ec50e93ec4f670a178007281fc5
"hangul_0935_20260929T090441752Z_24423aa4.jpg","벌",935,,,pending_review,"P005","S01","2026-09-29T09:04:41.7522681Z",64,64,jpeg,5c7b367099e48f200c3c060a0b938d70bc070ec50e93ec4f670a178007281fc5
"hangul_0936_20260929T090451023Z_9407b3ae.jpg","벎",936,,,pending_review,"P005","S01","2026-09-29T09:04:51.0238229Z",64,64,jpeg,5c7b367099e48f200c3c060a0b938d70bc070ec50e93ec4f670a178007281fc5
"hangul_0937_20260929T090454404Z_56c96d99.jpg","범",937,,,pending_review,"P005","S01","2026-09-29T09:04:54.4045440Z",64,64,jpeg,5c7b367099e48f200c3c060a0b938d70bc070ec50e93ec4f670a178007281fc5
"hangul_0938_20260929T090458671Z_f9d70b78.jpg","법",938,,,pending_review,"P005","S01","2026-09-29T09:04:58.6717785Z",64,64,jpeg,5c7b367099e48f200c3c060a0b938d70bc070ec50e93ec4f670a178007281fc5
"hangul_0939_20260929T090501672Z_8130f2c5.jpg","벗",939,,,pending_review,"P005","S01","2026-09-29T09:05:01.6721166Z",64,64,jpeg,5c7b367099e48f200c3c060a0b938d70bc070ec50e93ec4f670a178007281fc5
"hangul_0940_20260929T090505340Z_14e0a37d.jpg","벙",940,,,pending_review,"P005","S01","2026-09-29T09:05:05.3401902Z",64,64,jpeg,5c7b367099e48f200c3c060a0b938d70bc070ec50e93ec4f670a178007281fc5
"hangul_0941_20260929T090508526Z_668a4a11.jpg","벚",941,,,pending_review,"P005","S01","2026-09-29T09:05:08.5267063Z",64,64,jpeg,5c7b367099e48f200c3c060a0b938d70bc070ec50e93ec4f670a178007281fc5
"hangul_0942_20260929T090511160Z_3018b33a.jpg","베",942,,,pending_review,"P005","S01","2026-09-29T09:05:11.1606337Z",64,64,jpeg,5c7b367099e48f200c3c060a0b938d70bc070ec50e93ec4f670a178007281fc5
"hangul_0943_20260929T090515378Z_0e297907.jpg","벡",943,,,pending_review,"P005","S01","2026-09-29T09:05:15.3781622Z",64,64,jpeg,5c7b367099e48f200c3c060a0b938d70bc070ec50e93ec4f670a178007281fc5
"hangul_0944_20260929T090518747Z_376bb6f7.jpg","벤",944,,,pending_review,"P005","S01","2026-09-29T09:05:18.7479886Z",64,64,jpeg,5c7b367099e48f200c3c060a0b938d70bc070ec50e93ec4f670a178007281fc5
"hangul_0945_20260929T090522355Z_5e5c67b4.jpg","벧",945,,,pending_review,"P005","S01","2026-09-29T09:05:22.3552202Z",64,64,jpeg,5c7b367099e48f200c3c060a0b938d70bc070ec50e93ec4f670a178007281fc5
"hangul_0946_20260929T090536958Z_4ddd1021.jpg","벨",946,,,pending_review,"P005","S01","2026-09-29T09:05:36.9583921Z",64,64,jpeg,5c7b367099e48f200c3c060a0b938d70bc070ec50e93ec4f670a178007281fc5
"hangul_0947_20260929T090544879Z_437b93bc.jpg","벰",947,,,pending_review,"P005","S01","2026-09-29T09:05:44.8792293Z",64,64,jpeg,5c7b367099e48f200c3c060a0b938d70bc070ec50e93ec4f670a178007281fc5
"hangul_0948_20260929T090548895Z_ee72f82b.jpg","벱",948,,,pending_review,"P005","S01","2026-09-29T09:05:48.8951531Z",64,64,jpeg,5c7b367099e48f200c3c060a0b938d70bc070ec50e93ec4f670a178007281fc5
"hangul_0949_20260929T090552346Z_3d03020a.jpg","벳",949,,,pending_review,"P005","S01","2026-09-29T09:05:52.3467530Z",64,64,jpeg,5c7b367099e48f200c3c060a0b938d70bc070ec50e93ec4f670a178007281fc5
"hangul_0950_20260929T090556401Z_ac970cec.jpg","벴",950,,,pending_review,"P005","S01","2026-09-29T09:05:56.4017607Z",64,64,jpeg,5c7b367099e48f200c3c060a0b938d70bc070ec50e93ec4f670a178007281fc5
"hangul_0951_20260929T090605928Z_98d53ccb.jpg","벵",951,,,pending_review,"P005","S01","2026-09-29T09:06:05.9283325Z",64,64,jpeg,5c7b367099e48f200c3c060a0b938d70bc070ec50e93ec4f670a178007281fc5
"hangul_0952_20260929T090609825Z_701bd16d.jpg","벼",952,,,pending_review,"P005","S01","2026-09-29T09:06:09.8259069Z",64,64,jpeg,5c7b367099e48f200c3c060a0b938d70bc070ec50e93ec4f670a178007281fc5
"hangul_0953_20260929T090613723Z_c02cb91d.jpg","벽",953,,,pending_review,"P005","S01","2026-09-29T09:06:13.7235895Z",64,64,jpeg,5c7b367099e48f200c3c060a0b938d70bc070ec50e93ec4f670a178007281fc5
"hangul_0954_20260929T090618479Z_87eb05b4.jpg","변",954,,,pending_review,"P005","S01","2026-09-29T09:06:18.4798534Z",64,64,jpeg,5c7b367099e48f200c3c060a0b938d70bc070ec50e93ec4f670a178007281fc5
"hangul_0955_20260929T090623612Z_e7ac0a8d.jpg","별",955,,,pending_review,"P005","S01","2026-09-29T09:06:23.6123638Z",64,64,jpeg,5c7b367099e48f200c3c060a0b938d70bc070ec50e93ec4f670a178007281fc5
"hangul_0956_20260929T090628144Z_6576bf9b.jpg","볍",956,,,pending_review,"P005","S01","2026-09-29T09:06:28.1443224Z",64,64,jpeg,5c7b367099e48f200c3c060a0b938d70bc070ec50e93ec4f670a178007281fc5
"hangul_0957_20260929T090632205Z_d21a2c98.jpg","볏",957,,,pending_review,"P005","S01","2026-09-29T09:06:32.2053401Z",64,64,jpeg,5c7b367099e48f200c3c060a0b938d70bc070ec50e93ec4f670a178007281fc5
"hangul_0959_20260929T090652684Z_eb8c69fb.jpg","병",959,,,pending_review,"P005","S01","2026-09-29T09:06:52.6847641Z",64,64,jpeg,5c7b367099e48f200c3c060a0b938d70bc070ec50e93ec4f670a178007281fc5
"hangul_0960_20260929T090658499Z_7488711d.jpg","볕",960,,,pending_review,"P005","S01","2026-09-29T09:06:58.4990434Z",64,64,jpeg,5c7b367099e48f200c3c060a0b938d70bc070ec50e93ec4f670a178007281fc5
"hangul_0961_20260929T090703345Z_81fd83ba.jpg","볘",961,,,pending_review,"P005","S01","2026-09-29T09:07:03.3459381Z",64,64,jpeg,5c7b367099e48f200c3c060a0b938d70bc070ec50e93ec4f670a178007281fc5
"hangul_0962_20260929T090707742Z_ace89ff5.jpg","볜",962,,,pending_review,"P005","S01","2026-09-29T09:07:07.7425170Z",64,64,jpeg,5c7b367099e48f200c3c060a0b938d70bc070ec50e93ec4f670a178007281fc5
"hangul_0963_20260929T090710586Z_53fa6d9b.jpg","보",963,,,pending_review,"P005","S01","2026-09-29T09:07:10.5865578Z",64,64,jpeg,5c7b367099e48f200c3c060a0b938d70bc070ec50e93ec4f670a178007281fc5
"hangul_0964_20260929T090713851Z_7191f45c.jpg","복",964,,,pending_review,"P005","S01","2026-09-29T09:07:13.8519827Z",64,64,jpeg,5c7b367099e48f200c3c060a0b938d70bc070ec50e93ec4f670a178007281fc5
"hangul_0965_20260929T090718132Z_3175c3f8.jpg","볶",965,,,pending_review,"P005","S01","2026-09-29T09:07:18.1328664Z",64,64,jpeg,5c7b367099e48f200c3c060a0b938d70bc070ec50e93ec4f670a178007281fc5
"hangul_0966_20260929T090720975Z_5dd88e31.jpg","본",966,,,pending_review,"P005","S01","2026-09-29T09:07:20.9758801Z",64,64,jpeg,5c7b367099e48f200c3c060a0b938d70bc070ec50e93ec4f670a178007281fc5
"hangul_0967_20260929T090724478Z_48dc538c.jpg","볼",967,,,pending_review,"P005","S01","2026-09-29T09:07:24.4782358Z",64,64,jpeg,5c7b367099e48f200c3c060a0b938d70bc070ec50e93ec4f670a178007281fc5
"hangul_0968_20260929T090728377Z_44602d81.jpg","봄",968,,,pending_review,"P005","S01","2026-09-29T09:07:28.3777347Z",64,64,jpeg,5c7b367099e48f200c3c060a0b938d70bc070ec50e93ec4f670a178007281fc5
"hangul_0969_20260929T090733279Z_f6766487.jpg","봅",969,,,pending_review,"P005","S01","2026-09-29T09:07:33.2796791Z",64,64,jpeg,5c7b367099e48f200c3c060a0b938d70bc070ec50e93ec4f670a178007281fc5
"hangul_0970_20260929T090736564Z_c8f681a1.jpg","봇",970,,,pending_review,"P005","S01","2026-09-29T09:07:36.5647047Z",64,64,jpeg,5c7b367099e48f200c3c060a0b938d70bc070ec50e93ec4f670a178007281fc5
"hangul_0971_20260929T090740608Z_26f07d86.jpg","봉",971,,,pending_review,"P005","S01","2026-09-29T09:07:40.6086946Z",64,64,jpeg,5c7b367099e48f200c3c060a0b938d70bc070ec50e93ec4f670a178007281fc5
"hangul_0972_20260929T090753919Z_0dad032e.jpg","봐",972,,,pending_review,"P005","S01","2026-09-29T09:07:53.9196902Z",64,64,jpeg,5c7b367099e48f200c3c060a0b938d70bc070ec50e93ec4f670a178007281fc5
"hangul_0973_20260929T090757422Z_510bafce.jpg","봔",973,,,pending_review,"P005","S01","2026-09-29T09:07:57.4225182Z",64,64,jpeg,5c7b367099e48f200c3c060a0b938d70bc070ec50e93ec4f670a178007281fc5
"hangul_0974_20260929T090801527Z_cfadec02.jpg","봤",974,,,pending_review,"P005","S01","2026-09-29T09:08:01.5275950Z",64,64,jpeg,5c7b367099e48f200c3c060a0b938d70bc070ec50e93ec4f670a178007281fc5
"hangul_0975_20260929T090805463Z_ca5c17c1.jpg","봬",975,,,pending_review,"P005","S01","2026-09-29T09:08:05.4631582Z",64,64,jpeg,5c7b367099e48f200c3c060a0b938d70bc070ec50e93ec4f670a178007281fc5
"hangul_0976_20260929T090810554Z_1c01ef28.jpg","뵀",976,,,pending_review,"P005","S01","2026-09-29T09:08:10.5541542Z",64,64,jpeg,5c7b367099e48f200c3c060a0b938d70bc070ec50e93ec4f670a178007281fc5
"hangul_0977_20260929T090813683Z_ddc89672.jpg","뵈",977,,,pending_review,"P005","S01","2026-09-29T09:08:13.6830945Z",64,64,jpeg,5c7b367099e48f200c3c060a0b938d70bc070ec50e93ec4f670a178007281fc5
"hangul_0978_20260929T090817162Z_7de40e24.jpg","뵉",978,,,pending_review,"P005","S01","2026-09-29T09:08:17.1625028Z",64,64,jpeg,5c7b367099e48f200c3c060a0b938d70bc070ec50e93ec4f670a178007281fc5
"hangul_0979_20260929T090820679Z_3ab60d50.jpg","뵌",979,,,pending_review,"P005","S01","2026-09-29T09:08:20.6798801Z",64,64,jpeg,5c7b367099e48f200c3c060a0b938d70bc070ec50e93ec4f670a178007281fc5
"hangul_0980_20260929T090825219Z_d5068df5.jpg","뵐",980,,,pending_review,"P005","S01","2026-09-29T09:08:25.2193537Z",64,64,jpeg,5c7b367099e48f200c3c060a0b938d70bc070ec50e93ec4f670a178007281fc5
"hangul_0981_20260929T090828968Z_e4055b87.jpg","뵘",981,,,pending_review,"P005","S01","2026-09-29T09:08:28.9681339Z",64,64,jpeg,5c7b367099e48f200c3c060a0b938d70bc070ec50e93ec4f670a178007281fc5
"hangul_0982_20260929T090833350Z_3aed477e.jpg","뵙",982,,,pending_review,"P005","S01","2026-09-29T09:08:33.3507169Z",64,64,jpeg,5c7b367099e48f200c3c060a0b938d70bc070ec50e93ec4f670a178007281fc5
"hangul_0983_20260929T090836369Z_51deabdd.jpg","뵤",983,,,pending_review,"P005","S01","2026-09-29T09:08:36.3698802Z",64,64,jpeg,5c7b367099e48f200c3c060a0b938d70bc070ec50e93ec4f670a178007281fc5
"hangul_0984_20260929T090841146Z_78bd51e8.jpg","뵨",984,,,pending_review,"P005","S01","2026-09-29T09:08:41.1463277Z",64,64,jpeg,5c7b367099e48f200c3c060a0b938d70bc070ec50e93ec4f670a178007281fc5
"hangul_0985_20260929T090843809Z_a4d0b307.jpg","부",985,,,pending_review,"P005","S01","2026-09-29T09:08:43.8096470Z",64,64,jpeg,5c7b367099e48f200c3c060a0b938d70bc070ec50e93ec4f670a178007281fc5
"hangul_0986_20260929T090848824Z_ecd184d6.jpg","북",986,,,pending_review,"P005","S01","2026-09-29T09:08:48.8247969Z",64,64,jpeg,5c7b367099e48f200c3c060a0b938d70bc070ec50e93ec4f670a178007281fc5
"hangul_0987_20260929T090928998Z_aa0e9fa0.jpg","분",987,,,pending_review,"P005","S01","2026-09-29T09:09:28.9983552Z",64,64,jpeg,5c7b367099e48f200c3c060a0b938d70bc070ec50e93ec4f670a178007281fc5
"hangul_0988_20260929T090932270Z_f7f0cb6a.jpg","붇",988,,,pending_review,"P005","S01","2026-09-29T09:09:32.2702483Z",64,64,jpeg,5c7b367099e48f200c3c060a0b938d70bc070ec50e93ec4f670a178007281fc5
"hangul_0989_20260929T090935495Z_56f359e8.jpg","불",989,,,pending_review,"P005","S01","2026-09-29T09:09:35.4956882Z",64,64,jpeg,5c7b367099e48f200c3c060a0b938d70bc070ec50e93ec4f670a178007281fc5
"hangul_0990_20260929T090939184Z_1a8ffb56.jpg","붉",990,,,pending_review,"P005","S01","2026-09-29T09:09:39.1843518Z",64,64,jpeg,5c7b367099e48f200c3c060a0b938d70bc070ec50e93ec4f670a178007281fc5
"hangul_0991_20260929T090943262Z_1ecbe16a.jpg","붊",991,,,pending_review,"P005","S01","2026-09-29T09:09:43.2625039Z",64,64,jpeg,5c7b367099e48f200c3c060a0b938d70bc070ec50e93ec4f670a178007281fc5
"hangul_0992_20260929T090947351Z_0d632587.jpg","붐",992,,,pending_review,"P005","S01","2026-09-29T09:09:47.3511972Z",64,64,jpeg,5c7b367099e48f200c3c060a0b938d70bc070ec50e93ec4f670a178007281fc5
"hangul_0993_20260929T090951472Z_e431191c.jpg","붑",993,,,pending_review,"P005","S01","2026-09-29T09:09:51.4723720Z",64,64,jpeg,5c7b367099e48f200c3c060a0b938d70bc070ec50e93ec4f670a178007281fc5
"hangul_0994_20260929T090955031Z_a564c7a7.jpg","붓",994,,,pending_review,"P005","S01","2026-09-29T09:09:55.0314242Z",64,64,jpeg,5c7b367099e48f200c3c060a0b938d70bc070ec50e93ec4f670a178007281fc5
"hangul_0995_20260929T090958361Z_0f1df17f.jpg","붕",995,,,pending_review,"P005","S01","2026-09-29T09:09:58.3619878Z",64,64,jpeg,5c7b367099e48f200c3c060a0b938d70bc070ec50e93ec4f670a178007281fc5
"hangul_0996_20260929T091020548Z_07cb115b.jpg","붙",996,,,pending_review,"P005","S01","2026-09-29T09:10:20.5487662Z",64,64,jpeg,5c7b367099e48f200c3c060a0b938d70bc070ec50e93ec4f670a178007281fc5
"hangul_0997_20260929T091025418Z_3b867dde.jpg","붚",997,,,pending_review,"P005","S01","2026-09-29T09:10:25.4183688Z",64,64,jpeg,5c7b367099e48f200c3c060a0b938d70bc070ec50e93ec4f670a178007281fc5
"hangul_0998_20260929T091028842Z_13e2f75b.jpg","붜",998,,,pending_review,"P005","S01","2026-09-29T09:10:28.8423127Z",64,64,jpeg,5c7b367099e48f200c3c060a0b938d70bc070ec50e93ec4f670a178007281fc5
"hangul_0999_20260929T091033860Z_00f5cb9a.jpg","붤",999,,,pending_review,"P005","S01","2026-09-29T09:10:33.8609301Z",64,64,jpeg,5c7b367099e48f200c3c060a0b938d70bc070ec50e93ec4f670a178007281fc5
"hangul_1000_20260929T091038169Z_a7b3ced6.jpg","붰",1000,,,pending_review,"P005","S01","2026-09-29T09:10:38.1696090Z",64,64,jpeg,5c7b367099e48f200c3c060a0b938d70bc070ec50e93ec4f670a178007281fc5
"hangul_1001_20260929T091041644Z_51573f76.jpg","붸",1001,,,pending_review,"P005","S01","2026-09-29T09:10:41.6448752Z",64,64,jpeg,5c7b367099e48f200c3c060a0b938d70bc070ec50e93ec4f670a178007281fc5
"hangul_1002_20260929T091044481Z_5ebbb7e8.jpg","뷔",1002,,,pending_review,"P005","S01","2026-09-29T09:10:44.4818240Z",64,64,jpeg,5c7b367099e48f200c3c060a0b938d70bc070ec50e93ec4f670a178007281fc5
"hangul_1003_20260929T091048246Z_0a517c72.jpg","뷕",1003,,,pending_review,"P005","S01","2026-09-29T09:10:48.2461444Z",64,64,jpeg,5c7b367099e48f200c3c060a0b938d70bc070ec50e93ec4f670a178007281fc5
"hangul_1004_20260929T091052600Z_3be565a4.jpg","뷘",1004,,,pending_review,"P005","S01","2026-09-29T09:10:52.6003842Z",64,64,jpeg,5c7b367099e48f200c3c060a0b938d70bc070ec50e93ec4f670a178007281fc5
"hangul_1005_20260929T091145493Z_bec12cf3.jpg","뷜",1005,,,pending_review,"P005","S01","2026-09-29T09:11:45.4936077Z",64,64,jpeg,5c7b367099e48f200c3c060a0b938d70bc070ec50e93ec4f670a178007281fc5
"hangul_1006_20260929T091149123Z_924b610b.jpg","뷩",1006,,,pending_review,"P005","S01","2026-09-29T09:11:49.1230170Z",64,64,jpeg,5c7b367099e48f200c3c060a0b938d70bc070ec50e93ec4f670a178007281fc5
"hangul_1007_20260929T091152210Z_01a35ca9.jpg","뷰",1007,,,pending_review,"P005","S01","2026-09-29T09:11:52.2104518Z",64,64,jpeg,5c7b367099e48f200c3c060a0b938d70bc070ec50e93ec4f670a178007281fc5
"hangul_1008_20260929T091155811Z_cdf56d7e.jpg","뷴",1008,,,pending_review,"P005","S01","2026-09-29T09:11:55.8116887Z",64,64,jpeg,5c7b367099e48f200c3c060a0b938d70bc070ec50e93ec4f670a178007281fc5
"hangul_1009_20260929T091200025Z_e8a65a6f.jpg","뷸",1009,,,pending_review,"P005","S01","2026-09-29T09:12:00.0259628Z",64,64,jpeg,5c7b367099e48f200c3c060a0b938d70bc070ec50e93ec4f670a178007281fc5
"hangul_1010_20260929T091203602Z_76312835.jpg","븀",1010,,,pending_review,"P005","S01","2026-09-29T09:12:03.6029720Z",64,64,jpeg,5c7b367099e48f200c3c060a0b938d70bc070ec50e93ec4f670a178007281fc5
"hangul_1011_20260929T091206718Z_abba6fed.jpg","븃",1011,,,pending_review,"P005","S01","2026-09-29T09:12:06.7183300Z",64,64,jpeg,5c7b367099e48f200c3c060a0b938d70bc070ec50e93ec4f670a178007281fc5
"hangul_1012_20260929T091209920Z_1cbfe230.jpg","븅",1012,,,pending_review,"P005","S01","2026-09-29T09:12:09.9205240Z",64,64,jpeg,5c7b367099e48f200c3c060a0b938d70bc070ec50e93ec4f670a178007281fc5
"hangul_1013_20260929T091212336Z_b26e3b47.jpg","브",1013,,,pending_review,"P005","S01","2026-09-29T09:12:12.3362631Z",64,64,jpeg,5c7b367099e48f200c3c060a0b938d70bc070ec50e93ec4f670a178007281fc5
"hangul_1014_20260929T091214955Z_940a44b4.jpg","븍",1014,,,pending_review,"P005","S01","2026-09-29T09:12:14.9552927Z",64,64,jpeg,5c7b367099e48f200c3c060a0b938d70bc070ec50e93ec4f670a178007281fc5
"hangul_1015_20260929T091218015Z_922a9618.jpg","븐",1015,,,pending_review,"P005","S01","2026-09-29T09:12:18.0158480Z",64,64,jpeg,5c7b367099e48f200c3c060a0b938d70bc070ec50e93ec4f670a178007281fc5
"hangul_1024_20260929T100431828Z_2b5aa12a.jpg","빎",1024,,,pending_review,"P006","S01","2026-09-29T10:04:31.8284690Z",64,64,jpeg,5c7b367099e48f200c3c060a0b938d70bc070ec50e93ec4f670a178007281fc5
"hangul_1025_20260929T100435878Z_d43077b6.jpg","빔",1025,,,pending_review,"P006","S01","2026-09-29T10:04:35.8780431Z",64,64,jpeg,5c7b367099e48f200c3c060a0b938d70bc070ec50e93ec4f670a178007281fc5
"hangul_1026_20260929T100440484Z_5f0b86aa.jpg","빕",1026,,,pending_review,"P006","S01","2026-09-29T10:04:40.4844870Z",64,64,jpeg,5c7b367099e48f200c3c060a0b938d70bc070ec50e93ec4f670a178007281fc5
"hangul_1027_20260929T100444388Z_739064fc.jpg","빗",1027,,,pending_review,"P006","S01","2026-09-29T10:04:44.3888002Z",64,64,jpeg,5c7b367099e48f200c3c060a0b938d70bc070ec50e93ec4f670a178007281fc5
"hangul_1028_20260929T100448456Z_0b356046.jpg","빙",1028,,,pending_review,"P006","S01","2026-09-29T10:04:48.4568557Z",64,64,jpeg,5c7b367099e48f200c3c060a0b938d70bc070ec50e93ec4f670a178007281fc5
"hangul_1029_20260929T100453308Z_fc3165c6.jpg","빚",1029,,,pending_review,"P006","S01","2026-09-29T10:04:53.3087491Z",64,64,jpeg,5c7b367099e48f200c3c060a0b938d70bc070ec50e93ec4f670a178007281fc5
"hangul_1030_20260929T100459326Z_400ea5ee.jpg","빛",1030,,,pending_review,"P006","S01","2026-09-29T10:04:59.3269353Z",64,64,jpeg,5c7b367099e48f200c3c060a0b938d70bc070ec50e93ec4f670a178007281fc5
"hangul_1031_20260929T100505920Z_ce80791e.jpg","빠",1031,,,pending_review,"P006","S01","2026-09-29T10:05:05.9207145Z",64,64,jpeg,5c7b367099e48f200c3c060a0b938d70bc070ec50e93ec4f670a178007281fc5
"hangul_1032_20260929T100511893Z_10203f19.jpg","빡",1032,,,pending_review,"P006","S01","2026-09-29T10:05:11.8932412Z",64,64,jpeg,5c7b367099e48f200c3c060a0b938d70bc070ec50e93ec4f670a178007281fc5
"hangul_1033_20260929T100518167Z_32dd3e24.jpg","빤",1033,,,pending_review,"P006","S01","2026-09-29T10:05:18.1674600Z",64,64,jpeg,5c7b367099e48f200c3c060a0b938d70bc070ec50e93ec4f670a178007281fc5
"hangul_1034_20260929T100525895Z_fd138de7.jpg","빨",1034,,,pending_review,"P006","S01","2026-09-29T10:05:25.8951708Z",64,64,jpeg,5c7b367099e48f200c3c060a0b938d70bc070ec50e93ec4f670a178007281fc5
"hangul_1035_20260929T100533679Z_0bd1271f.jpg","빪",1035,,,pending_review,"P006","S01","2026-09-29T10:05:33.6797093Z",64,64,jpeg,5c7b367099e48f200c3c060a0b938d70bc070ec50e93ec4f670a178007281fc5
"hangul_1036_20260929T100539576Z_16f4ffa8.jpg","빰",1036,,,pending_review,"P006","S01","2026-09-29T10:05:39.5763266Z",64,64,jpeg,5c7b367099e48f200c3c060a0b938d70bc070ec50e93ec4f670a178007281fc5
"hangul_1037_20260929T100545687Z_49feae39.jpg","빱",1037,,,pending_review,"P006","S01","2026-09-29T10:05:45.6875831Z",64,64,jpeg,5c7b367099e48f200c3c060a0b938d70bc070ec50e93ec4f670a178007281fc5
"hangul_1038_20260929T100551837Z_a8f782ba.jpg","빳",1038,,,pending_review,"P006","S01","2026-09-29T10:05:51.8375065Z",64,64,jpeg,5c7b367099e48f200c3c060a0b938d70bc070ec50e93ec4f670a178007281fc5
"hangul_1039_20260929T100558172Z_c5bbe7cf.jpg","빴",1039,,,pending_review,"P006","S01","2026-09-29T10:05:58.1725631Z",64,64,jpeg,5c7b367099e48f200c3c060a0b938d70bc070ec50e93ec4f670a178007281fc5
"hangul_1040_20260929T100604208Z_e7b6bf68.jpg","빵",1040,,,pending_review,"P006","S01","2026-09-29T10:06:04.2082413Z",64,64,jpeg,5c7b367099e48f200c3c060a0b938d70bc070ec50e93ec4f670a178007281fc5
"hangul_1041_20260929T100612410Z_24533fe3.jpg","빻",1041,,,pending_review,"P006","S01","2026-09-29T10:06:12.4108520Z",64,64,jpeg,5c7b367099e48f200c3c060a0b938d70bc070ec50e93ec4f670a178007281fc5
"hangul_1042_20260929T103911668Z_eb842406.jpg","빼",1042,,,pending_review,"P006","S01","2026-09-29T10:39:11.6685616Z",64,64,jpeg,5c7b367099e48f200c3c060a0b938d70bc070ec50e93ec4f670a178007281fc5
"hangul_1043_20260929T103918128Z_26c62dca.jpg","빽",1043,,,pending_review,"P006","S01","2026-09-29T10:39:18.1280164Z",64,64,jpeg,5c7b367099e48f200c3c060a0b938d70bc070ec50e93ec4f670a178007281fc5
"hangul_1044_20260929T103922766Z_ae0f3ae4.jpg","뺀",1044,,,pending_review,"P006","S01","2026-09-29T10:39:22.7666424Z",64,64,jpeg,5c7b367099e48f200c3c060a0b938d70bc070ec50e93ec4f670a178007281fc5
"hangul_1045_20260929T103928121Z_d68db2f2.jpg","뺄",1045,,,pending_review,"P006","S01","2026-09-29T10:39:28.1212338Z",64,64,jpeg,5c7b367099e48f200c3c060a0b938d70bc070ec50e93ec4f670a178007281fc5
"hangul_1046_20260929T103934290Z_ae9b3db5.jpg","뺌",1046,,,pending_review,"P006","S01","2026-09-29T10:39:34.2906121Z",64,64,jpeg,5c7b367099e48f200c3c060a0b938d70bc070ec50e93ec4f670a178007281fc5
"hangul_1047_20260929T103940354Z_a37f2b04.jpg","뺍",1047,,,pending_review,"P006","S01","2026-09-29T10:39:40.3544444Z",64,64,jpeg,5c7b367099e48f200c3c060a0b938d70bc070ec50e93ec4f670a178007281fc5
"hangul_1048_20260929T103945665Z_a7e030f9.jpg","뺏",1048,,,pending_review,"P006","S01","2026-09-29T10:39:45.6651861Z",64,64,jpeg,5c7b367099e48f200c3c060a0b938d70bc070ec50e93ec4f670a178007281fc5
"hangul_1049_20260929T103951245Z_9a7dd40f.jpg","뺐",1049,,,pending_review,"P006","S01","2026-09-29T10:39:51.2452491Z",64,64,jpeg,5c7b367099e48f200c3c060a0b938d70bc070ec50e93ec4f670a178007281fc5
"hangul_1050_20260929T103959219Z_411a0610.jpg","뺑",1050,,,pending_review,"P006","S01","2026-09-29T10:39:59.2190300Z",64,64,jpeg,5c7b367099e48f200c3c060a0b938d70bc070ec50e93ec4f670a178007281fc5
"hangul_1051_20260929T104100195Z_cd562864.jpg","뺘",1051,,,pending_review,"P006","S01","2026-09-29T10:41:00.1958425Z",64,64,jpeg,5c7b367099e48f200c3c060a0b938d70bc070ec50e93ec4f670a178007281fc5
"hangul_1052_20260929T104107164Z_68a1ac12.jpg","뺙",1052,,,pending_review,"P006","S01","2026-09-29T10:41:07.1645379Z",64,64,jpeg,5c7b367099e48f200c3c060a0b938d70bc070ec50e93ec4f670a178007281fc5
"hangul_1053_20260929T104113665Z_1b247248.jpg","뺨",1053,,,pending_review,"P006","S01","2026-09-29T10:41:13.6655261Z",64,64,jpeg,5c7b367099e48f200c3c060a0b938d70bc070ec50e93ec4f670a178007281fc5
"hangul_1054_20260929T104118995Z_6b659bcc.jpg","뻐",1054,,,pending_review,"P006","S01","2026-09-29T10:41:18.9957355Z",64,64,jpeg,5c7b367099e48f200c3c060a0b938d70bc070ec50e93ec4f670a178007281fc5
"hangul_1055_20260929T104125339Z_79db8fa6.jpg","뻑",1055,,,pending_review,"P006","S01","2026-09-29T10:41:25.3399358Z",64,64,jpeg,5c7b367099e48f200c3c060a0b938d70bc070ec50e93ec4f670a178007281fc5
"hangul_1056_20260929T104132366Z_ffb5f6d8.jpg","뻔",1056,,,pending_review,"P006","S01","2026-09-29T10:41:32.3666995Z",64,64,jpeg,5c7b367099e48f200c3c060a0b938d70bc070ec50e93ec4f670a178007281fc5
"hangul_1057_20260929T104139429Z_2959fa3d.jpg","뻗",1057,,,pending_review,"P006","S01","2026-09-29T10:41:39.4299132Z",64,64,jpeg,5c7b367099e48f200c3c060a0b938d70bc070ec50e93ec4f670a178007281fc5
"hangul_1058_20260929T104146652Z_7bc0684f.jpg","뻘",1058,,,pending_review,"P006","S01","2026-09-29T10:41:46.6528028Z",64,64,jpeg,5c7b367099e48f200c3c060a0b938d70bc070ec50e93ec4f670a178007281fc5
"hangul_1059_20260929T121600764Z_ea409b8f.jpg","뻠",1059,,,pending_review,"P006","S01","2026-09-29T12:16:00.7645851Z",64,64,jpeg,5c7b367099e48f200c3c060a0b938d70bc070ec50e93ec4f670a178007281fc5
"hangul_1060_20260929T121609807Z_666276ce.jpg","뻣",1060,,,pending_review,"P006","S01","2026-09-29T12:16:09.8075222Z",64,64,jpeg,5c7b367099e48f200c3c060a0b938d70bc070ec50e93ec4f670a178007281fc5
"hangul_1061_20260929T121618846Z_8e5c7278.jpg","뻤",1061,,,pending_review,"P006","S01","2026-09-29T12:16:18.8467863Z",64,64,jpeg,5c7b367099e48f200c3c060a0b938d70bc070ec50e93ec4f670a178007281fc5
"hangul_1062_20260929T121626073Z_b8d385e5.jpg","뻥",1062,,,pending_review,"P006","S01","2026-09-29T12:16:26.0733802Z",64,64,jpeg,5c7b367099e48f200c3c060a0b938d70bc070ec50e93ec4f670a178007281fc5
"hangul_1063_20260929T121633080Z_6974c49d.jpg","뻬",1063,,,pending_review,"P006","S01","2026-09-29T12:16:33.0804573Z",64,64,jpeg,5c7b367099e48f200c3c060a0b938d70bc070ec50e93ec4f670a178007281fc5
"hangul_1064_20260929T121640840Z_3fb87c7e.jpg","뼁",1064,,,pending_review,"P006","S01","2026-09-29T12:16:40.8407435Z",64,64,jpeg,5c7b367099e48f200c3c060a0b938d70bc070ec50e93ec4f670a178007281fc5
"hangul_1065_20260929T121649351Z_eac10559.jpg","뼈",1065,,,pending_review,"P006","S01","2026-09-29T12:16:49.3518260Z",64,64,jpeg,5c7b367099e48f200c3c060a0b938d70bc070ec50e93ec4f670a178007281fc5
"hangul_1066_20260929T121656946Z_4039db26.jpg","뼉",1066,,,pending_review,"P006","S01","2026-09-29T12:16:56.9461210Z",64,64,jpeg,5c7b367099e48f200c3c060a0b938d70bc070ec50e93ec4f670a178007281fc5
"hangul_1067_20260929T121706470Z_63ef3198.jpg","뼘",1067,,,pending_review,"P006","S01","2026-09-29T12:17:06.4704873Z",64,64,jpeg,5c7b367099e48f200c3c060a0b938d70bc070ec50e93ec4f670a178007281fc5
"hangul_1068_20260929T121715105Z_5fcf54dc.jpg","뼙",1068,,,pending_review,"P006","S01","2026-09-29T12:17:15.1054583Z",64,64,jpeg,5c7b367099e48f200c3c060a0b938d70bc070ec50e93ec4f670a178007281fc5
"hangul_1069_20260929T121722084Z_404ecf4b.jpg","뼛",1069,,,pending_review,"P006","S01","2026-09-29T12:17:22.0847210Z",64,64,jpeg,5c7b367099e48f200c3c060a0b938d70bc070ec50e93ec4f670a178007281fc5
"hangul_1070_20260929T121729294Z_a18c6fc3.jpg","뼜",1070,,,pending_review,"P006","S01","2026-09-29T12:17:29.2946885Z",64,64,jpeg,5c7b367099e48f200c3c060a0b938d70bc070ec50e93ec4f670a178007281fc5
"hangul_1071_20260929T121735770Z_d2c97ca1.jpg","뼝",1071,,,pending_review,"P006","S01","2026-09-29T12:17:35.7705510Z",64,64,jpeg,5c7b367099e48f200c3c060a0b938d70bc070ec50e93ec4f670a178007281fc5
"hangul_1072_20260929T121741162Z_58c39352.jpg","뽀",1072,,,pending_review,"P006","S01","2026-09-29T12:17:41.1629738Z",64,64,jpeg,5c7b367099e48f200c3c060a0b938d70bc070ec50e93ec4f670a178007281fc5
"hangul_1073_20260929T121752600Z_e6e64da7.jpg","뽁",1073,,,pending_review,"P006","S01","2026-09-29T12:17:52.6009145Z",64,64,jpeg,5c7b367099e48f200c3c060a0b938d70bc070ec50e93ec4f670a178007281fc5
"hangul_1074_20260929T121759490Z_2e2cf574.jpg","뽄",1074,,,pending_review,"P006","S01","2026-09-29T12:17:59.4906514Z",64,64,jpeg,5c7b367099e48f200c3c060a0b938d70bc070ec50e93ec4f670a178007281fc5
"hangul_1075_20260929T121807709Z_5469bedb.jpg","뽈",1075,,,pending_review,"P006","S01","2026-09-29T12:18:07.7094154Z",64,64,jpeg,5c7b367099e48f200c3c060a0b938d70bc070ec50e93ec4f670a178007281fc5
"hangul_1076_20260929T121815051Z_7a8b58f2.jpg","뽐",1076,,,pending_review,"P006","S01","2026-09-29T12:18:15.0516952Z",64,64,jpeg,5c7b367099e48f200c3c060a0b938d70bc070ec50e93ec4f670a178007281fc5
"hangul_1077_20260929T121823151Z_39ab29da.jpg","뽑",1077,,,pending_review,"P006","S01","2026-09-29T12:18:23.1511476Z",64,64,jpeg,5c7b367099e48f200c3c060a0b938d70bc070ec50e93ec4f670a178007281fc5
"hangul_1078_20260929T121829956Z_d6f9a9a2.jpg","뽕",1078,,,pending_review,"P006","S01","2026-09-29T12:18:29.9567687Z",64,64,jpeg,5c7b367099e48f200c3c060a0b938d70bc070ec50e93ec4f670a178007281fc5
"hangul_1079_20260929T121838990Z_479b2866.jpg","뾔",1079,,,pending_review,"P006","S01","2026-09-29T12:18:38.9905173Z",64,64,jpeg,5c7b367099e48f200c3c060a0b938d70bc070ec50e93ec4f670a178007281fc5
"hangul_1080_20260929T121852231Z_00876eb4.jpg","뾰",1080,,,pending_review,"P006","S01","2026-09-29T12:18:52.2312403Z",64,64,jpeg,5c7b367099e48f200c3c060a0b938d70bc070ec50e93ec4f670a178007281fc5
"hangul_1081_20260929T121900715Z_00f133d7.jpg","뿅",1081,,,pending_review,"P006","S01","2026-09-29T12:19:00.7155035Z",64,64,jpeg,5c7b367099e48f200c3c060a0b938d70bc070ec50e93ec4f670a178007281fc5
"hangul_1082_20260929T121906953Z_dbe2e1ec.jpg","뿌",1082,,,pending_review,"P006","S01","2026-09-29T12:19:06.9533772Z",64,64,jpeg,5c7b367099e48f200c3c060a0b938d70bc070ec50e93ec4f670a178007281fc5
"hangul_1083_20260929T121918058Z_0acf7af4.jpg","뿍",1083,,,pending_review,"P006","S01","2026-09-29T12:19:18.0580460Z",64,64,jpeg,5c7b367099e48f200c3c060a0b938d70bc070ec50e93ec4f670a178007281fc5
"hangul_1084_20260929T121935876Z_9640e4db.jpg","뿐",1084,,,pending_review,"P006","S01","2026-09-29T12:19:35.8763328Z",64,64,jpeg,5c7b367099e48f200c3c060a0b938d70bc070ec50e93ec4f670a178007281fc5
"hangul_1085_20260929T121945484Z_e5ec9a3d.jpg","뿔",1085,,,pending_review,"P006","S01","2026-09-29T12:19:45.4842794Z",64,64,jpeg,5c7b367099e48f200c3c060a0b938d70bc070ec50e93ec4f670a178007281fc5
"hangul_1086_20260929T121953864Z_e63de7d4.jpg","뿜",1086,,,pending_review,"P006","S01","2026-09-29T12:19:53.8647608Z",64,64,jpeg,5c7b367099e48f200c3c060a0b938d70bc070ec50e93ec4f670a178007281fc5
"hangul_1087_20260929T122000914Z_743ababf.jpg","뿟",1087,,,pending_review,"P006","S01","2026-09-29T12:20:00.9141793Z",64,64,jpeg,5c7b367099e48f200c3c060a0b938d70bc070ec50e93ec4f670a178007281fc5
"hangul_1088_20260929T122007367Z_6fa3f4e4.jpg","뿡",1088,,,pending_review,"P006","S01","2026-09-29T12:20:07.3675496Z",64,64,jpeg,5c7b367099e48f200c3c060a0b938d70bc070ec50e93ec4f670a178007281fc5
"hangul_1089_20260929T122013728Z_3d41939a.jpg","쀼",1089,,,pending_review,"P006","S01","2026-09-29T12:20:13.7281962Z",64,64,jpeg,5c7b367099e48f200c3c060a0b938d70bc070ec50e93ec4f670a178007281fc5
"hangul_1090_20260929T122020617Z_48d6ac19.jpg","쁑",1090,,,pending_review,"P006","S01","2026-09-29T12:20:20.6170929Z",64,64,jpeg,5c7b367099e48f200c3c060a0b938d70bc070ec50e93ec4f670a178007281fc5
"hangul_1091_20260929T122026136Z_9b83718c.jpg","쁘",1091,,,pending_review,"P006","S01","2026-09-29T12:20:26.1360922Z",64,64,jpeg,5c7b367099e48f200c3c060a0b938d70bc070ec50e93ec4f670a178007281fc5
"hangul_1092_20260929T122035774Z_da3208b8.jpg","쁜",1092,,,pending_review,"P006","S01","2026-09-29T12:20:35.7744439Z",64,64,jpeg,5c7b367099e48f200c3c060a0b938d70bc070ec50e93ec4f670a178007281fc5
"hangul_1093_20260929T122044577Z_6b9c9dbf.jpg","쁠",1093,,,pending_review,"P006","S01","2026-09-29T12:20:44.5778472Z",64,64,jpeg,5c7b367099e48f200c3c060a0b938d70bc070ec50e93ec4f670a178007281fc5
"hangul_1094_20260929T122052767Z_1a6a5cae.jpg","쁨",1094,,,pending_review,"P006","S01","2026-09-29T12:20:52.7674634Z",64,64,jpeg,5c7b367099e48f200c3c060a0b938d70bc070ec50e93ec4f670a178007281fc5
"hangul_1095_20260929T122101378Z_bdcefe74.jpg","쁩",1095,,,pending_review,"P006","S01","2026-09-29T12:21:01.3781756Z",64,64,jpeg,5c7b367099e48f200c3c060a0b938d70bc070ec50e93ec4f670a178007281fc5
"hangul_1096_20260929T122108753Z_caa8657f.jpg","삐",1096,,,pending_review,"P006","S01","2026-09-29T12:21:08.7531687Z",64,64,jpeg,5c7b367099e48f200c3c060a0b938d70bc070ec50e93ec4f670a178007281fc5
"hangul_1097_20260929T122115686Z_4c2ffea4.jpg","삑",1097,,,pending_review,"P006","S01","2026-09-29T12:21:15.6862158Z",64,64,jpeg,5c7b367099e48f200c3c060a0b938d70bc070ec50e93ec4f670a178007281fc5
"hangul_1098_20260929T122121914Z_f5d18eed.jpg","삔",1098,,,pending_review,"P006","S01","2026-09-29T12:21:21.9146581Z",64,64,jpeg,5c7b367099e48f200c3c060a0b938d70bc070ec50e93ec4f670a178007281fc5
"hangul_1099_20260929T122129265Z_b1afcfac.jpg","삘",1099,,,pending_review,"P006","S01","2026-09-29T12:21:29.2659866Z",64,64,jpeg,5c7b367099e48f200c3c060a0b938d70bc070ec50e93ec4f670a178007281fc5
"hangul_1100_20260929T122136890Z_37c112cd.jpg","삠",1100,,,pending_review,"P006","S01","2026-09-29T12:21:36.8903421Z",64,64,jpeg,5c7b367099e48f200c3c060a0b938d70bc070ec50e93ec4f670a178007281fc5
"hangul_1101_20260929T122144608Z_dff9c246.jpg","삡",1101,,,pending_review,"P006","S01","2026-09-29T12:21:44.6089296Z",64,64,jpeg,5c7b367099e48f200c3c060a0b938d70bc070ec50e93ec4f670a178007281fc5
"hangul_1102_20260929T122150629Z_bc0766fb.jpg","삣",1102,,,pending_review,"P006","S01","2026-09-29T12:21:50.6299183Z",64,64,jpeg,5c7b367099e48f200c3c060a0b938d70bc070ec50e93ec4f670a178007281fc5
"hangul_1103_20260929T122157266Z_45f3d7f7.jpg","삥",1103,,,pending_review,"P006","S01","2026-09-29T12:21:57.2667101Z",64,64,jpeg,5c7b367099e48f200c3c060a0b938d70bc070ec50e93ec4f670a178007281fc5
"hangul_1104_20260929T122200739Z_a05d3126.jpg","사",1104,,,pending_review,"P006","S01","2026-09-29T12:22:00.7391303Z",64,64,jpeg,5c7b367099e48f200c3c060a0b938d70bc070ec50e93ec4f670a178007281fc5
"hangul_1105_20260929T122204547Z_c8c26868.jpg","삭",1105,,,pending_review,"P006","S01","2026-09-29T12:22:04.5473787Z",64,64,jpeg,5c7b367099e48f200c3c060a0b938d70bc070ec50e93ec4f670a178007281fc5
"hangul_1106_20260929T122209151Z_5e20cdf5.jpg","삯",1106,,,pending_review,"P006","S01","2026-09-29T12:22:09.1511830Z",64,64,jpeg,5c7b367099e48f200c3c060a0b938d70bc070ec50e93ec4f670a178007281fc5
"hangul_1107_20260929T122213265Z_b25c7314.jpg","산",1107,,,pending_review,"P006","S01","2026-09-29T12:22:13.2654552Z",64,64,jpeg,5c7b367099e48f200c3c060a0b938d70bc070ec50e93ec4f670a178007281fc5
"hangul_1108_20260929T122217388Z_cc7ea15a.jpg","삳",1108,,,pending_review,"P006","S01","2026-09-29T12:22:17.3888393Z",64,64,jpeg,5c7b367099e48f200c3c060a0b938d70bc070ec50e93ec4f670a178007281fc5
"hangul_1109_20260929T122224278Z_aa57bef3.jpg","살",1109,,,pending_review,"P006","S01","2026-09-29T12:22:24.2781170Z",64,64,jpeg,5c7b367099e48f200c3c060a0b938d70bc070ec50e93ec4f670a178007281fc5
"hangul_1110_20260929T122229607Z_022cbd10.jpg","삵",1110,,,pending_review,"P006","S01","2026-09-29T12:22:29.6078469Z",64,64,jpeg,5c7b367099e48f200c3c060a0b938d70bc070ec50e93ec4f670a178007281fc5
"hangul_1111_20260929T122235906Z_5faf8da8.jpg","삶",1111,,,pending_review,"P006","S01","2026-09-29T12:22:35.9061207Z",64,64,jpeg,5c7b367099e48f200c3c060a0b938d70bc070ec50e93ec4f670a178007281fc5
"hangul_1112_20260929T122240222Z_a760761a.jpg","삼",1112,,,pending_review,"P006","S01","2026-09-29T12:22:40.2228987Z",64,64,jpeg,5c7b367099e48f200c3c060a0b938d70bc070ec50e93ec4f670a178007281fc5
"hangul_1113_20260929T122245022Z_83a3f4bd.jpg","삽",1113,,,pending_review,"P006","S01","2026-09-29T12:22:45.0226504Z",64,64,jpeg,5c7b367099e48f200c3c060a0b938d70bc070ec50e93ec4f670a178007281fc5
"hangul_1114_20260929T122249257Z_ac1b450f.jpg","삿",1114,,,pending_review,"P006","S01","2026-09-29T12:22:49.2572098Z",64,64,jpeg,5c7b367099e48f200c3c060a0b938d70bc070ec50e93ec4f670a178007281fc5
"hangul_1115_20260929T122254710Z_be8d39b4.jpg","샀",1115,,,pending_review,"P006","S01","2026-09-29T12:22:54.7101763Z",64,64,jpeg,5c7b367099e48f200c3c060a0b938d70bc070ec50e93ec4f670a178007281fc5
"hangul_1116_20260929T122258416Z_501cfe20.jpg","상",1116,,,pending_review,"P006","S01","2026-09-29T12:22:58.4165431Z",64,64,jpeg,5c7b367099e48f200c3c060a0b938d70bc070ec50e93ec4f670a178007281fc5
"hangul_1117_20260929T122302780Z_bba8b252.jpg","샅",1117,,,pending_review,"P006","S01","2026-09-29T12:23:02.7802212Z",64,64,jpeg,5c7b367099e48f200c3c060a0b938d70bc070ec50e93ec4f670a178007281fc5
"hangul_1118_20260929T122306510Z_9cc07afb.jpg","새",1118,,,pending_review,"P006","S01","2026-09-29T12:23:06.5104096Z",64,64,jpeg,5c7b367099e48f200c3c060a0b938d70bc070ec50e93ec4f670a178007281fc5
"hangul_1119_20260929T122310626Z_7be1b12e.jpg","색",1119,,,pending_review,"P006","S01","2026-09-29T12:23:10.6262872Z",64,64,jpeg,5c7b367099e48f200c3c060a0b938d70bc070ec50e93ec4f670a178007281fc5
"hangul_1120_20260929T122314765Z_1a0a334d.jpg","샌",1120,,,pending_review,"P006","S01","2026-09-29T12:23:14.7656487Z",64,64,jpeg,5c7b367099e48f200c3c060a0b938d70bc070ec50e93ec4f670a178007281fc5
"hangul_1121_20260929T122320353Z_d19596b9.jpg","샐",1121,,,pending_review,"P006","S01","2026-09-29T12:23:20.3530805Z",64,64,jpeg,5c7b367099e48f200c3c060a0b938d70bc070ec50e93ec4f670a178007281fc5
"hangul_1122_20260929T122325480Z_cb2437a4.jpg","샘",1122,,,pending_review,"P006","S01","2026-09-29T12:23:25.4808213Z",64,64,jpeg,5c7b367099e48f200c3c060a0b938d70bc070ec50e93ec4f670a178007281fc5
"hangul_1123_20260929T122330664Z_49a3b1de.jpg","샙",1123,,,pending_review,"P006","S01","2026-09-29T12:23:30.6642488Z",64,64,jpeg,5c7b367099e48f200c3c060a0b938d70bc070ec50e93ec4f670a178007281fc5
"hangul_1124_20260929T122335841Z_e5d76aea.jpg","샛",1124,,,pending_review,"P006","S01","2026-09-29T12:23:35.8415357Z",64,64,jpeg,5c7b367099e48f200c3c060a0b938d70bc070ec50e93ec4f670a178007281fc5
"hangul_1125_20260929T122341194Z_f9d9dc2b.jpg","샜",1125,,,pending_review,"P006","S01","2026-09-29T12:23:41.1945023Z",64,64,jpeg,5c7b367099e48f200c3c060a0b938d70bc070ec50e93ec4f670a178007281fc5
"hangul_1126_20260929T122346076Z_28830fe1.jpg","생",1126,,,pending_review,"P006","S01","2026-09-29T12:23:46.0764821Z",64,64,jpeg,5c7b367099e48f200c3c060a0b938d70bc070ec50e93ec4f670a178007281fc5
"hangul_1127_20260929T122351327Z_863bb8f7.jpg","샤",1127,,,pending_review,"P006","S01","2026-09-29T12:23:51.3279119Z",64,64,jpeg,5c7b367099e48f200c3c060a0b938d70bc070ec50e93ec4f670a178007281fc5
"hangul_1128_20260929T122356190Z_7691d336.jpg","샥",1128,,,pending_review,"P006","S01","2026-09-29T12:23:56.1902718Z",64,64,jpeg,5c7b367099e48f200c3c060a0b938d70bc070ec50e93ec4f670a178007281fc5
"hangul_1129_20260929T122400428Z_288c6f69.jpg","샨",1129,,,pending_review,"P006","S01","2026-09-29T12:24:00.4286974Z",64,64,jpeg,5c7b367099e48f200c3c060a0b938d70bc070ec50e93ec4f670a178007281fc5
"hangul_1130_20260929T122405651Z_db49a95d.jpg","샬",1130,,,pending_review,"P006","S01","2026-09-29T12:24:05.6516346Z",64,64,jpeg,5c7b367099e48f200c3c060a0b938d70bc070ec50e93ec4f670a178007281fc5
"hangul_1131_20260929T122418022Z_58dfe050.jpg","샴",1131,,,pending_review,"P006","S01","2026-09-29T12:24:18.0220813Z",64,64,jpeg,5c7b367099e48f200c3c060a0b938d70bc070ec50e93ec4f670a178007281fc5
"hangul_1132_20260929T122424396Z_85d8116d.jpg","샵",1132,,,pending_review,"P006","S01","2026-09-29T12:24:24.3969538Z",64,64,jpeg,5c7b367099e48f200c3c060a0b938d70bc070ec50e93ec4f670a178007281fc5
"hangul_1133_20260929T122429496Z_0a2c963f.jpg","샷",1133,,,pending_review,"P006","S01","2026-09-29T12:24:29.4964137Z",64,64,jpeg,5c7b367099e48f200c3c060a0b938d70bc070ec50e93ec4f670a178007281fc5
"hangul_1134_20260929T122434881Z_379b32a0.jpg","샹",1134,,,pending_review,"P006","S01","2026-09-29T12:24:34.8817179Z",64,64,jpeg,5c7b367099e48f200c3c060a0b938d70bc070ec50e93ec4f670a178007281fc5
"hangul_1135_20260929T122439662Z_84908a53.jpg","섀",1135,,,pending_review,"P006","S01","2026-09-29T12:24:39.6621175Z",64,64,jpeg,5c7b367099e48f200c3c060a0b938d70bc070ec50e93ec4f670a178007281fc5
"hangul_1136_20260929T122444517Z_35bb4572.jpg","섄",1136,,,pending_review,"P006","S01","2026-09-29T12:24:44.5172017Z",64,64,jpeg,5c7b367099e48f200c3c060a0b938d70bc070ec50e93ec4f670a178007281fc5
"hangul_1137_20260929T122450671Z_b3560bb2.jpg","섈",1137,,,pending_review,"P006","S01","2026-09-29T12:24:50.6710135Z",64,64,jpeg,5c7b367099e48f200c3c060a0b938d70bc070ec50e93ec4f670a178007281fc5
"hangul_1138_20260929T122506249Z_208de1a9.jpg","섐",1138,,,pending_review,"P006","S01","2026-09-29T12:25:06.2494786Z",64,64,jpeg,5c7b367099e48f200c3c060a0b938d70bc070ec50e93ec4f670a178007281fc5
"hangul_1139_20260929T122511699Z_cdd01a4b.jpg","섕",1139,,,pending_review,"P006","S01","2026-09-29T12:25:11.6993080Z",64,64,jpeg,5c7b367099e48f200c3c060a0b938d70bc070ec50e93ec4f670a178007281fc5
"hangul_1140_20260929T122514804Z_e2eb183d.jpg","서",1140,,,pending_review,"P006","S01","2026-09-29T12:25:14.8042328Z",64,64,jpeg,5c7b367099e48f200c3c060a0b938d70bc070ec50e93ec4f670a178007281fc5
"hangul_1141_20260929T122518161Z_e1f38059.jpg","석",1141,,,pending_review,"P006","S01","2026-09-29T12:25:18.1610929Z",64,64,jpeg,5c7b367099e48f200c3c060a0b938d70bc070ec50e93ec4f670a178007281fc5
"hangul_1142_20260929T122524049Z_52ae4875.jpg","섞",1142,,,pending_review,"P006","S01","2026-09-29T12:25:24.0496647Z",64,64,jpeg,5c7b367099e48f200c3c060a0b938d70bc070ec50e93ec4f670a178007281fc5
"hangul_1143_20260929T122528954Z_3b8e627b.jpg","섟",1143,,,pending_review,"P006","S01","2026-09-29T12:25:28.9547411Z",64,64,jpeg,5c7b367099e48f200c3c060a0b938d70bc070ec50e93ec4f670a178007281fc5
"hangul_1144_20260929T122533359Z_a40b5c1f.jpg","선",1144,,,pending_review,"P006","S01","2026-09-29T12:25:33.3590065Z",64,64,jpeg,5c7b367099e48f200c3c060a0b938d70bc070ec50e93ec4f670a178007281fc5
"hangul_1145_20260929T122537946Z_f40e11ef.jpg","섣",1145,,,pending_review,"P006","S01","2026-09-29T12:25:37.9463054Z",64,64,jpeg,5c7b367099e48f200c3c060a0b938d70bc070ec50e93ec4f670a178007281fc5
"hangul_1146_20260929T122542183Z_e69aef15.jpg","설",1146,,,pending_review,"P006","S01","2026-09-29T12:25:42.1831748Z",64,64,jpeg,5c7b367099e48f200c3c060a0b938d70bc070ec50e93ec4f670a178007281fc5
"hangul_1147_20260929T122548911Z_7c5683d2.jpg","섦",1147,,,pending_review,"P006","S01","2026-09-29T12:25:48.9117727Z",64,64,jpeg,5c7b367099e48f200c3c060a0b938d70bc070ec50e93ec4f670a178007281fc5
"hangul_1148_20260929T122555054Z_35983b66.jpg","섧",1148,,,pending_review,"P006","S01","2026-09-29T12:25:55.0541590Z",64,64,jpeg,5c7b367099e48f200c3c060a0b938d70bc070ec50e93ec4f670a178007281fc5
"hangul_1149_20260929T122934320Z_a41db3bc.jpg","섬",1149,,,pending_review,"P006","S01","2026-09-29T12:29:34.3209938Z",64,64,jpeg,5c7b367099e48f200c3c060a0b938d70bc070ec50e93ec4f670a178007281fc5
"hangul_1150_20260929T122939329Z_6fba9c4e.jpg","섭",1150,,,pending_review,"P006","S01","2026-09-29T12:29:39.3298577Z",64,64,jpeg,5c7b367099e48f200c3c060a0b938d70bc070ec50e93ec4f670a178007281fc5
"hangul_1151_20260929T122943065Z_c652379a.jpg","섯",1151,,,pending_review,"P006","S01","2026-09-29T12:29:43.0653411Z",64,64,jpeg,5c7b367099e48f200c3c060a0b938d70bc070ec50e93ec4f670a178007281fc5
"hangul_1152_20260929T122948347Z_928358ce.jpg","섰",1152,,,pending_review,"P006","S01","2026-09-29T12:29:48.3478812Z",64,64,jpeg,5c7b367099e48f200c3c060a0b938d70bc070ec50e93ec4f670a178007281fc5
"hangul_1153_20260929T122951941Z_64376c46.jpg","성",1153,,,pending_review,"P006","S01","2026-09-29T12:29:51.9410851Z",64,64,jpeg,5c7b367099e48f200c3c060a0b938d70bc070ec50e93ec4f670a178007281fc5
"hangul_1154_20260929T122957419Z_a7cee573.jpg","섶",1154,,,pending_review,"P006","S01","2026-09-29T12:29:57.4194672Z",64,64,jpeg,5c7b367099e48f200c3c060a0b938d70bc070ec50e93ec4f670a178007281fc5
"hangul_1155_20260929T123001612Z_52151644.jpg","세",1155,,,pending_review,"P006","S01","2026-09-29T12:30:01.6126566Z",64,64,jpeg,5c7b367099e48f200c3c060a0b938d70bc070ec50e93ec4f670a178007281fc5
"hangul_1156_20260929T123006697Z_3b55c952.jpg","섹",1156,,,pending_review,"P006","S01","2026-09-29T12:30:06.6979868Z",64,64,jpeg,5c7b367099e48f200c3c060a0b938d70bc070ec50e93ec4f670a178007281fc5
"hangul_1157_20260929T123010832Z_59404273.jpg","센",1157,,,pending_review,"P006","S01","2026-09-29T12:30:10.8328512Z",64,64,jpeg,5c7b367099e48f200c3c060a0b938d70bc070ec50e93ec4f670a178007281fc5
"hangul_1158_20260929T123015808Z_22541b6f.jpg","셀",1158,,,pending_review,"P006","S01","2026-09-29T12:30:15.8082094Z",64,64,jpeg,5c7b367099e48f200c3c060a0b938d70bc070ec50e93ec4f670a178007281fc5
"hangul_1159_20260929T123020557Z_3ee21265.jpg","셈",1159,,,pending_review,"P006","S01","2026-09-29T12:30:20.5576034Z",64,64,jpeg,5c7b367099e48f200c3c060a0b938d70bc070ec50e93ec4f670a178007281fc5
"hangul_1160_20260929T123025627Z_cc40f894.jpg","셉",1160,,,pending_review,"P006","S01","2026-09-29T12:30:25.6270235Z",64,64,jpeg,5c7b367099e48f200c3c060a0b938d70bc070ec50e93ec4f670a178007281fc5
"hangul_1161_20260929T123029799Z_832f2c6e.jpg","셋",1161,,,pending_review,"P006","S01","2026-09-29T12:30:29.7999097Z",64,64,jpeg,5c7b367099e48f200c3c060a0b938d70bc070ec50e93ec4f670a178007281fc5
"hangul_1162_20260929T123039361Z_029179e1.jpg","셌",1162,,,pending_review,"P006","S01","2026-09-29T12:30:39.3616698Z",64,64,jpeg,5c7b367099e48f200c3c060a0b938d70bc070ec50e93ec4f670a178007281fc5
"hangul_1163_20260929T123043320Z_d4eec9cf.jpg","셍",1163,,,pending_review,"P006","S01","2026-09-29T12:30:43.3207012Z",64,64,jpeg,5c7b367099e48f200c3c060a0b938d70bc070ec50e93ec4f670a178007281fc5
"hangul_1164_20260929T123046910Z_d55e4f47.jpg","셔",1164,,,pending_review,"P006","S01","2026-09-29T12:30:46.9102399Z",64,64,jpeg,5c7b367099e48f200c3c060a0b938d70bc070ec50e93ec4f670a178007281fc5
"hangul_1165_20260929T123050643Z_416fb718.jpg","셕",1165,,,pending_review,"P006","S01","2026-09-29T12:30:50.6431768Z",64,64,jpeg,5c7b367099e48f200c3c060a0b938d70bc070ec50e93ec4f670a178007281fc5
"hangul_1166_20260929T123056109Z_c8f20b78.jpg","션",1166,,,pending_review,"P006","S01","2026-09-29T12:30:56.1098798Z",64,64,jpeg,5c7b367099e48f200c3c060a0b938d70bc070ec50e93ec4f670a178007281fc5
"hangul_1167_20260929T123101078Z_817584d8.jpg","셜",1167,,,pending_review,"P006","S01","2026-09-29T12:31:01.0783406Z",64,64,jpeg,5c7b367099e48f200c3c060a0b938d70bc070ec50e93ec4f670a178007281fc5
"hangul_1168_20260929T123105770Z_40935877.jpg","셤",1168,,,pending_review,"P006","S01","2026-09-29T12:31:05.7700968Z",64,64,jpeg,5c7b367099e48f200c3c060a0b938d70bc070ec50e93ec4f670a178007281fc5
"hangul_1169_20260929T123110859Z_4c16a41d.jpg","셥",1169,,,pending_review,"P006","S01","2026-09-29T12:31:10.8594650Z",64,64,jpeg,5c7b367099e48f200c3c060a0b938d70bc070ec50e93ec4f670a178007281fc5
"hangul_1170_20260929T123114902Z_51cc5227.jpg","셧",1170,,,pending_review,"P006","S01","2026-09-29T12:31:14.9020092Z",64,64,jpeg,5c7b367099e48f200c3c060a0b938d70bc070ec50e93ec4f670a178007281fc5
"hangul_1171_20260929T123121029Z_5036283d.jpg","셨",1171,,,pending_review,"P006","S01","2026-09-29T12:31:21.0299018Z",64,64,jpeg,5c7b367099e48f200c3c060a0b938d70bc070ec50e93ec4f670a178007281fc5
"hangul_1172_20260929T123127021Z_79c70c21.jpg","셩",1172,,,pending_review,"P006","S01","2026-09-29T12:31:27.0211373Z",64,64,jpeg,5c7b367099e48f200c3c060a0b938d70bc070ec50e93ec4f670a178007281fc5
"hangul_1173_20260929T123132608Z_9df9ff36.jpg","셰",1173,,,pending_review,"P006","S01","2026-09-29T12:31:32.6086020Z",64,64,jpeg,5c7b367099e48f200c3c060a0b938d70bc070ec50e93ec4f670a178007281fc5
"hangul_1174_20260929T123137495Z_5d141391.jpg","셴",1174,,,pending_review,"P006","S01","2026-09-29T12:31:37.4950229Z",64,64,jpeg,5c7b367099e48f200c3c060a0b938d70bc070ec50e93ec4f670a178007281fc5
"hangul_1175_20260929T123143102Z_45cfefd2.jpg","셸",1175,,,pending_review,"P006","S01","2026-09-29T12:31:43.1022701Z",64,64,jpeg,5c7b367099e48f200c3c060a0b938d70bc070ec50e93ec4f670a178007281fc5
"hangul_1176_20260929T123147929Z_e6877e7c.jpg","솅",1176,,,pending_review,"P006","S01","2026-09-29T12:31:47.9294826Z",64,64,jpeg,5c7b367099e48f200c3c060a0b938d70bc070ec50e93ec4f670a178007281fc5
"hangul_1177_20260929T123150662Z_7368ef56.jpg","소",1177,,,pending_review,"P006","S01","2026-09-29T12:31:50.6628184Z",64,64,jpeg,5c7b367099e48f200c3c060a0b938d70bc070ec50e93ec4f670a178007281fc5
"hangul_1178_20260929T123153966Z_7c80dacc.jpg","속",1178,,,pending_review,"P006","S01","2026-09-29T12:31:53.9669764Z",64,64,jpeg,5c7b367099e48f200c3c060a0b938d70bc070ec50e93ec4f670a178007281fc5
"hangul_1179_20260929T123158520Z_eefdc77f.jpg","솎",1179,,,pending_review,"P006","S01","2026-09-29T12:31:58.5202461Z",64,64,jpeg,5c7b367099e48f200c3c060a0b938d70bc070ec50e93ec4f670a178007281fc5
"hangul_1180_20260929T123203025Z_c4baf205.jpg","손",1180,,,pending_review,"P006","S01","2026-09-29T12:32:03.0258578Z",64,64,jpeg,5c7b367099e48f200c3c060a0b938d70bc070ec50e93ec4f670a178007281fc5
"hangul_1181_20260929T123207261Z_2c3c5835.jpg","솔",1181,,,pending_review,"P006","S01","2026-09-29T12:32:07.2613330Z",64,64,jpeg,5c7b367099e48f200c3c060a0b938d70bc070ec50e93ec4f670a178007281fc5
"hangul_1182_20260929T123212856Z_f83d4560.jpg","솖",1182,,,pending_review,"P006","S01","2026-09-29T12:32:12.8568170Z",64,64,jpeg,5c7b367099e48f200c3c060a0b938d70bc070ec50e93ec4f670a178007281fc5
"hangul_1183_20260929T123247334Z_697084c0.jpg","솜",1183,,,pending_review,"P006","S01","2026-09-29T12:32:47.3347023Z",64,64,jpeg,5c7b367099e48f200c3c060a0b938d70bc070ec50e93ec4f670a178007281fc5
"hangul_1184_20260929T123252008Z_2986c2b9.jpg","솝",1184,,,pending_review,"P006","S01","2026-09-29T12:32:52.0083524Z",64,64,jpeg,5c7b367099e48f200c3c060a0b938d70bc070ec50e93ec4f670a178007281fc5
"hangul_1185_20260929T123256156Z_21621b66.jpg","솟",1185,,,pending_review,"P006","S01","2026-09-29T12:32:56.1564987Z",64,64,jpeg,5c7b367099e48f200c3c060a0b938d70bc070ec50e93ec4f670a178007281fc5
"hangul_1186_20260929T123300259Z_469f4208.jpg","송",1186,,,pending_review,"P006","S01","2026-09-29T12:33:00.2597763Z",64,64,jpeg,5c7b367099e48f200c3c060a0b938d70bc070ec50e93ec4f670a178007281fc5
"hangul_1187_20260929T123305346Z_fbb8214a.jpg","솥",1187,,,pending_review,"P006","S01","2026-09-29T12:33:05.3469586Z",64,64,jpeg,5c7b367099e48f200c3c060a0b938d70bc070ec50e93ec4f670a178007281fc5
"hangul_1188_20260929T123309408Z_7367fe98.jpg","솨",1188,,,pending_review,"P006","S01","2026-09-29T12:33:09.4080275Z",64,64,jpeg,5c7b367099e48f200c3c060a0b938d70bc070ec50e93ec4f670a178007281fc5
"hangul_1189_20260929T123314549Z_f30fb249.jpg","솩",1189,,,pending_review,"P006","S01","2026-09-29T12:33:14.5494907Z",64,64,jpeg,5c7b367099e48f200c3c060a0b938d70bc070ec50e93ec4f670a178007281fc5
"hangul_1190_20260929T123319171Z_3d275914.jpg","솬",1190,,,pending_review,"P006","S01","2026-09-29T12:33:19.1719057Z",64,64,jpeg,5c7b367099e48f200c3c060a0b938d70bc070ec50e93ec4f670a178007281fc5
"hangul_1191_20260929T123324008Z_3ef9a07e.jpg","솰",1191,,,pending_review,"P006","S01","2026-09-29T12:33:24.0084768Z",64,64,jpeg,5c7b367099e48f200c3c060a0b938d70bc070ec50e93ec4f670a178007281fc5
"hangul_1192_20260929T123328680Z_7b8d2d9d.jpg","솽",1192,,,pending_review,"P006","S01","2026-09-29T12:33:28.6801580Z",64,64,jpeg,5c7b367099e48f200c3c060a0b938d70bc070ec50e93ec4f670a178007281fc5
"hangul_1193_20260929T123333786Z_4c46a6d5.jpg","쇄",1193,,,pending_review,"P006","S01","2026-09-29T12:33:33.7865852Z",64,64,jpeg,5c7b367099e48f200c3c060a0b938d70bc070ec50e93ec4f670a178007281fc5
"hangul_1194_20260929T123338461Z_cbc4a377.jpg","쇈",1194,,,pending_review,"P006","S01","2026-09-29T12:33:38.4610163Z",64,64,jpeg,5c7b367099e48f200c3c060a0b938d70bc070ec50e93ec4f670a178007281fc5
"hangul_1195_20260929T123446628Z_16103aa3.jpg","쇌",1195,,,pending_review,"P006","S01","2026-09-29T12:34:46.6283986Z",64,64,jpeg,5c7b367099e48f200c3c060a0b938d70bc070ec50e93ec4f670a178007281fc5
"hangul_1196_20260929T123453040Z_0ead7242.jpg","쇔",1196,,,pending_review,"P006","S01","2026-09-29T12:34:53.0404553Z",64,64,jpeg,5c7b367099e48f200c3c060a0b938d70bc070ec50e93ec4f670a178007281fc5
"hangul_1197_20260929T123458513Z_2a6c067e.jpg","쇗",1197,,,pending_review,"P006","S01","2026-09-29T12:34:58.5136936Z",64,64,jpeg,5c7b367099e48f200c3c060a0b938d70bc070ec50e93ec4f670a178007281fc5
"hangul_1198_20260929T123503973Z_970351b1.jpg","쇘",1198,,,pending_review,"P006","S01","2026-09-29T12:35:03.9737734Z",64,64,jpeg,5c7b367099e48f200c3c060a0b938d70bc070ec50e93ec4f670a178007281fc5
"hangul_1199_20260929T123507201Z_458e5302.jpg","쇠",1199,,,pending_review,"P006","S01","2026-09-29T12:35:07.2011857Z",64,64,jpeg,5c7b367099e48f200c3c060a0b938d70bc070ec50e93ec4f670a178007281fc5
"hangul_1200_20260929T123511200Z_19a0f996.jpg","쇤",1200,,,pending_review,"P006","S01","2026-09-29T12:35:11.2005495Z",64,64,jpeg,5c7b367099e48f200c3c060a0b938d70bc070ec50e93ec4f670a178007281fc5
"hangul_1201_20260929T123515981Z_e9a68d77.jpg","쇨",1201,,,pending_review,"P006","S01","2026-09-29T12:35:15.9813473Z",64,64,jpeg,5c7b367099e48f200c3c060a0b938d70bc070ec50e93ec4f670a178007281fc5
"hangul_1202_20260929T123521131Z_b7a04bd1.jpg","쇰",1202,,,pending_review,"P006","S01","2026-09-29T12:35:21.1316565Z",64,64,jpeg,5c7b367099e48f200c3c060a0b938d70bc070ec50e93ec4f670a178007281fc5
"hangul_1203_20260929T123525994Z_426f7ab0.jpg","쇱",1203,,,pending_review,"P006","S01","2026-09-29T12:35:25.9945599Z",64,64,jpeg,5c7b367099e48f200c3c060a0b938d70bc070ec50e93ec4f670a178007281fc5
"hangul_1204_20260929T123530327Z_462abe31.jpg","쇳",1204,,,pending_review,"P006","S01","2026-09-29T12:35:30.3272819Z",64,64,jpeg,5c7b367099e48f200c3c060a0b938d70bc070ec50e93ec4f670a178007281fc5
"hangul_1205_20260929T123534148Z_0d088308.jpg","쇼",1205,,,pending_review,"P006","S01","2026-09-29T12:35:34.1489214Z",64,64,jpeg,5c7b367099e48f200c3c060a0b938d70bc070ec50e93ec4f670a178007281fc5
"hangul_1206_20260929T123537985Z_b8bf3cd2.jpg","쇽",1206,,,pending_review,"P006","S01","2026-09-29T12:35:37.9853053Z",64,64,jpeg,5c7b367099e48f200c3c060a0b938d70bc070ec50e93ec4f670a178007281fc5
"hangul_1207_20260929T123541908Z_17fe2501.jpg","숀",1207,,,pending_review,"P006","S01","2026-09-29T12:35:41.9087363Z",64,64,jpeg,5c7b367099e48f200c3c060a0b938d70bc070ec50e93ec4f670a178007281fc5
"hangul_1208_20260929T123546208Z_b0e8d0a2.jpg","숄",1208,,,pending_review,"P006","S01","2026-09-29T12:35:46.2084755Z",64,64,jpeg,5c7b367099e48f200c3c060a0b938d70bc070ec50e93ec4f670a178007281fc5
"hangul_1209_20260929T123552388Z_98514688.jpg","숌",1209,,,pending_review,"P006","S01","2026-09-29T12:35:52.3887347Z",64,64,jpeg,5c7b367099e48f200c3c060a0b938d70bc070ec50e93ec4f670a178007281fc5
"hangul_1210_20260929T123558088Z_f017389a.jpg","숍",1210,,,pending_review,"P006","S01","2026-09-29T12:35:58.0881050Z",64,64,jpeg,5c7b367099e48f200c3c060a0b938d70bc070ec50e93ec4f670a178007281fc5
"hangul_1211_20260929T123602041Z_b3c3d759.jpg","숏",1211,,,pending_review,"P006","S01","2026-09-29T12:36:02.0416495Z",64,64,jpeg,5c7b367099e48f200c3c060a0b938d70bc070ec50e93ec4f670a178007281fc5
"hangul_1212_20260929T123606556Z_e0138562.jpg","숑",1212,,,pending_review,"P006","S01","2026-09-29T12:36:06.5562984Z",64,64,jpeg,5c7b367099e48f200c3c060a0b938d70bc070ec50e93ec4f670a178007281fc5
"hangul_1213_20260929T123610256Z_6a133932.jpg","수",1213,,,pending_review,"P006","S01","2026-09-29T12:36:10.2568016Z",64,64,jpeg,5c7b367099e48f200c3c060a0b938d70bc070ec50e93ec4f670a178007281fc5
"hangul_1214_20260929T123614248Z_c28a5326.jpg","숙",1214,,,pending_review,"P006","S01","2026-09-29T12:36:14.2486961Z",64,64,jpeg,5c7b367099e48f200c3c060a0b938d70bc070ec50e93ec4f670a178007281fc5
"hangul_1215_20260929T123617514Z_a2662f3e.jpg","순",1215,,,pending_review,"P006","S01","2026-09-29T12:36:17.5141216Z",64,64,jpeg,5c7b367099e48f200c3c060a0b938d70bc070ec50e93ec4f670a178007281fc5
"hangul_1216_20260929T123621219Z_6221335a.jpg","숟",1216,,,pending_review,"P006","S01","2026-09-29T12:36:21.2191975Z",64,64,jpeg,5c7b367099e48f200c3c060a0b938d70bc070ec50e93ec4f670a178007281fc5
"hangul_1217_20260929T123625136Z_38448498.jpg","술",1217,,,pending_review,"P006","S01","2026-09-29T12:36:25.1360894Z",64,64,jpeg,5c7b367099e48f200c3c060a0b938d70bc070ec50e93ec4f670a178007281fc5
"hangul_1218_20260929T123629264Z_f7f15c70.jpg","숨",1218,,,pending_review,"P006","S01","2026-09-29T12:36:29.2645459Z",64,64,jpeg,5c7b367099e48f200c3c060a0b938d70bc070ec50e93ec4f670a178007281fc5
"hangul_1219_20260929T123637058Z_436d4a0b.jpg","숩",1219,,,pending_review,"P006","S01","2026-09-29T12:36:37.0588243Z",64,64,jpeg,5c7b367099e48f200c3c060a0b938d70bc070ec50e93ec4f670a178007281fc5
"hangul_1220_20260929T123640300Z_9559e264.jpg","숫",1220,,,pending_review,"P006","S01","2026-09-29T12:36:40.3002992Z",64,64,jpeg,5c7b367099e48f200c3c060a0b938d70bc070ec50e93ec4f670a178007281fc5
"hangul_1221_20260929T123643533Z_1a9ba3dc.jpg","숭",1221,,,pending_review,"P006","S01","2026-09-29T12:36:43.5332519Z",64,64,jpeg,5c7b367099e48f200c3c060a0b938d70bc070ec50e93ec4f670a178007281fc5
"hangul_1222_20260929T123647499Z_8ca838ba.jpg","숯",1222,,,pending_review,"P006","S01","2026-09-29T12:36:47.4991712Z",64,64,jpeg,5c7b367099e48f200c3c060a0b938d70bc070ec50e93ec4f670a178007281fc5
"hangul_1223_20260929T123652445Z_7e50e889.jpg","숱",1223,,,pending_review,"P006","S01","2026-09-29T12:36:52.4456693Z",64,64,jpeg,5c7b367099e48f200c3c060a0b938d70bc070ec50e93ec4f670a178007281fc5
"hangul_1224_20260929T123751637Z_75b32bd6.jpg","숲",1224,,,pending_review,"P006","S01","2026-09-29T12:37:51.6376704Z",64,64,jpeg,5c7b367099e48f200c3c060a0b938d70bc070ec50e93ec4f670a178007281fc5
"hangul_1225_20260929T123756681Z_ada433db.jpg","숴",1225,,,pending_review,"P006","S01","2026-09-29T12:37:56.6819108Z",64,64,jpeg,5c7b367099e48f200c3c060a0b938d70bc070ec50e93ec4f670a178007281fc5
"hangul_1226_20260929T123802975Z_71110c58.jpg","쉈",1226,,,pending_review,"P006","S01","2026-09-29T12:38:02.9758322Z",64,64,jpeg,5c7b367099e48f200c3c060a0b938d70bc070ec50e93ec4f670a178007281fc5
"hangul_1227_20260929T123807638Z_d7f27280.jpg","쉐",1227,,,pending_review,"P006","S01","2026-09-29T12:38:07.6389994Z",64,64,jpeg,5c7b367099e48f200c3c060a0b938d70bc070ec50e93ec4f670a178007281fc5
"hangul_1228_20260929T123812766Z_b2a0dee0.jpg","쉑",1228,,,pending_review,"P006","S01","2026-09-29T12:38:12.7663892Z",64,64,jpeg,5c7b367099e48f200c3c060a0b938d70bc070ec50e93ec4f670a178007281fc5
"hangul_1229_20260929T123819224Z_7b184872.jpg","쉔",1229,,,pending_review,"P006","S01","2026-09-29T12:38:19.2241649Z",64,64,jpeg,5c7b367099e48f200c3c060a0b938d70bc070ec50e93ec4f670a178007281fc5
"hangul_1299_20260929T124027785Z_c8e4674c.jpg","쏘",1299,,,pending_review,"P007","S01","2026-09-29T12:40:27.7856319Z",64,64,jpeg,5c7b367099e48f200c3c060a0b938d70bc070ec50e93ec4f670a178007281fc5
"hangul_1300_20260929T124032197Z_b4b9fe9b.jpg","쏙",1300,,,pending_review,"P007","S01","2026-09-29T12:40:32.1970439Z",64,64,jpeg,5c7b367099e48f200c3c060a0b938d70bc070ec50e93ec4f670a178007281fc5
"hangul_1301_20260929T124035496Z_6edc5945.jpg","쏜",1301,,,pending_review,"P007","S01","2026-09-29T12:40:35.4960516Z",64,64,jpeg,5c7b367099e48f200c3c060a0b938d70bc070ec50e93ec4f670a178007281fc5
"hangul_1301_20260929T124059619Z_d9d2aa46.jpg","쏜",1301,,,pending_review,"P007","S01","2026-09-29T12:40:59.6196572Z",64,64,jpeg,5c7b367099e48f200c3c060a0b938d70bc070ec50e93ec4f670a178007281fc5
"hangul_1302_20260929T124102690Z_066286d8.jpg","쏟",1302,,,pending_review,"P007","S01","2026-09-29T12:41:02.6901583Z",64,64,jpeg,5c7b367099e48f200c3c060a0b938d70bc070ec50e93ec4f670a178007281fc5
"hangul_1303_20260929T124106132Z_d600957c.jpg","쏠",1303,,,pending_review,"P007","S01","2026-09-29T12:41:06.1326510Z",64,64,jpeg,5c7b367099e48f200c3c060a0b938d70bc070ec50e93ec4f670a178007281fc5
"hangul_1304_20260929T124110697Z_69a08208.jpg","쏢",1304,,,pending_review,"P007","S01","2026-09-29T12:41:10.6977527Z",64,64,jpeg,5c7b367099e48f200c3c060a0b938d70bc070ec50e93ec4f670a178007281fc5
"hangul_1305_20260929T124114715Z_091d85cf.jpg","쏨",1305,,,pending_review,"P007","S01","2026-09-29T12:41:14.7152530Z",64,64,jpeg,5c7b367099e48f200c3c060a0b938d70bc070ec50e93ec4f670a178007281fc5
"hangul_1306_20260929T124118427Z_676174b8.jpg","쏩",1306,,,pending_review,"P007","S01","2026-09-29T12:41:18.4277838Z",64,64,jpeg,5c7b367099e48f200c3c060a0b938d70bc070ec50e93ec4f670a178007281fc5
"hangul_1307_20260929T124121730Z_1333e88b.jpg","쏭",1307,,,pending_review,"P007","S01","2026-09-29T12:41:21.7305171Z",64,64,jpeg,5c7b367099e48f200c3c060a0b938d70bc070ec50e93ec4f670a178007281fc5
"hangul_1308_20260929T124150529Z_ba3ef80b.jpg","쏴",1308,,,pending_review,"P007","S01","2026-09-29T12:41:50.5299622Z",64,64,jpeg,5c7b367099e48f200c3c060a0b938d70bc070ec50e93ec4f670a178007281fc5
"hangul_1309_20260929T124154828Z_4dc5f4c7.jpg","쏵",1309,,,pending_review,"P007","S01","2026-09-29T12:41:54.8288357Z",64,64,jpeg,5c7b367099e48f200c3c060a0b938d70bc070ec50e93ec4f670a178007281fc5
"hangul_1310_20260929T124158800Z_940777a7.jpg","쏸",1310,,,pending_review,"P007","S01","2026-09-29T12:41:58.8004512Z",64,64,jpeg,5c7b367099e48f200c3c060a0b938d70bc070ec50e93ec4f670a178007281fc5
"hangul_1311_20260929T124203169Z_65bcca58.jpg","쐈",1311,,,pending_review,"P007","S01","2026-09-29T12:42:03.1693045Z",64,64,jpeg,5c7b367099e48f200c3c060a0b938d70bc070ec50e93ec4f670a178007281fc5
"hangul_1312_20260929T124206738Z_d39af05d.jpg","쐐",1312,,,pending_review,"P007","S01","2026-09-29T12:42:06.7387765Z",64,64,jpeg,5c7b367099e48f200c3c060a0b938d70bc070ec50e93ec4f670a178007281fc5
"hangul_1313_20260929T124210832Z_0f1b2a27.jpg","쐤",1313,,,pending_review,"P007","S01","2026-09-29T12:42:10.8321579Z",64,64,jpeg,5c7b367099e48f200c3c060a0b938d70bc070ec50e93ec4f670a178007281fc5
"hangul_1314_20260929T124213801Z_24a5c1d1.jpg","쐬",1314,,,pending_review,"P007","S01","2026-09-29T12:42:13.8016648Z",64,64,jpeg,5c7b367099e48f200c3c060a0b938d70bc070ec50e93ec4f670a178007281fc5
"hangul_1315_20260929T124218382Z_2b223ee4.jpg","쐰",1315,,,pending_review,"P007","S01","2026-09-29T12:42:18.3828951Z",64,64,jpeg,5c7b367099e48f200c3c060a0b938d70bc070ec50e93ec4f670a178007281fc5
"hangul_1316_20260929T124222259Z_187b4dfd.jpg","쐴",1316,,,pending_review,"P007","S01","2026-09-29T12:42:22.2598927Z",64,64,jpeg,5c7b367099e48f200c3c060a0b938d70bc070ec50e93ec4f670a178007281fc5
"hangul_1317_20260929T124226047Z_4d60d4dd.jpg","쐼",1317,,,pending_review,"P007","S01","2026-09-29T12:42:26.0476252Z",64,64,jpeg,5c7b367099e48f200c3c060a0b938d70bc070ec50e93ec4f670a178007281fc5
"hangul_1318_20260929T124229588Z_a18c5666.jpg","쐽",1318,,,pending_review,"P007","S01","2026-09-29T12:42:29.5885354Z",64,64,jpeg,5c7b367099e48f200c3c060a0b938d70bc070ec50e93ec4f670a178007281fc5
"hangul_1319_20260929T124232380Z_b16aa3fb.jpg","쑈",1319,,,pending_review,"P007","S01","2026-09-29T12:42:32.3807190Z",64,64,jpeg,5c7b367099e48f200c3c060a0b938d70bc070ec50e93ec4f670a178007281fc5
"hangul_1320_20260929T124235515Z_de403f96.jpg","쑤",1320,,,pending_review,"P007","S01","2026-09-29T12:42:35.5153601Z",64,64,jpeg,5c7b367099e48f200c3c060a0b938d70bc070ec50e93ec4f670a178007281fc5
"hangul_1321_20260929T124239258Z_6e2c8886.jpg","쑥",1321,,,pending_review,"P007","S01","2026-09-29T12:42:39.2580409Z",64,64,jpeg,5c7b367099e48f200c3c060a0b938d70bc070ec50e93ec4f670a178007281fc5
"hangul_1322_20260929T124243464Z_a71eee7a.jpg","쑨",1322,,,pending_review,"P007","S01","2026-09-29T12:42:43.4641024Z",64,64,jpeg,5c7b367099e48f200c3c060a0b938d70bc070ec50e93ec4f670a178007281fc5
"hangul_1323_20260929T124246881Z_ab579933.jpg","쑬",1323,,,pending_review,"P007","S01","2026-09-29T12:42:46.8819463Z",64,64,jpeg,5c7b367099e48f200c3c060a0b938d70bc070ec50e93ec4f670a178007281fc5
"hangul_1324_20260929T124250359Z_e1939dbf.jpg","쑴",1324,,,pending_review,"P007","S01","2026-09-29T12:42:50.3591783Z",64,64,jpeg,5c7b367099e48f200c3c060a0b938d70bc070ec50e93ec4f670a178007281fc5
"hangul_1326_20260929T124300106Z_2679cb34.jpg","쑹",1326,,,pending_review,"P007","S01","2026-09-29T12:43:00.1061519Z",64,64,jpeg,5c7b367099e48f200c3c060a0b938d70bc070ec50e93ec4f670a178007281fc5
"hangul_1327_20260929T124304617Z_95ca7b86.jpg","쒀",1327,,,pending_review,"P007","S01","2026-09-29T12:43:04.6170542Z",64,64,jpeg,5c7b367099e48f200c3c060a0b938d70bc070ec50e93ec4f670a178007281fc5
"hangul_1328_20260929T124308631Z_77adafce.jpg","쒔",1328,,,pending_review,"P007","S01","2026-09-29T12:43:08.6310195Z",64,64,jpeg,5c7b367099e48f200c3c060a0b938d70bc070ec50e93ec4f670a178007281fc5
"hangul_1329_20260929T124312125Z_7ad10993.jpg","쒜",1329,,,pending_review,"P007","S01","2026-09-29T12:43:12.1253047Z",64,64,jpeg,5c7b367099e48f200c3c060a0b938d70bc070ec50e93ec4f670a178007281fc5
"hangul_1330_20260929T124315308Z_31cbc53d.jpg","쒸",1330,,,pending_review,"P007","S01","2026-09-29T12:43:15.3088888Z",64,64,jpeg,5c7b367099e48f200c3c060a0b938d70bc070ec50e93ec4f670a178007281fc5
"hangul_1331_20260929T124322034Z_c30a9a3b.jpg","쒼",1331,,,pending_review,"P007","S01","2026-09-29T12:43:22.0348209Z",64,64,jpeg,5c7b367099e48f200c3c060a0b938d70bc070ec50e93ec4f670a178007281fc5
"hangul_1332_20260929T124326754Z_89e1192a.jpg","쓩",1332,,,pending_review,"P007","S01","2026-09-29T12:43:26.7545345Z",64,64,jpeg,5c7b367099e48f200c3c060a0b938d70bc070ec50e93ec4f670a178007281fc5
"hangul_1333_20260929T124329634Z_d5d8e743.jpg","쓰",1333,,,pending_review,"P007","S01","2026-09-29T12:43:29.6349717Z",64,64,jpeg,5c7b367099e48f200c3c060a0b938d70bc070ec50e93ec4f670a178007281fc5
"hangul_1333_20260929T124335102Z_2595d73b.jpg","쓰",1333,,,pending_review,"P007","S01","2026-09-29T12:43:35.1025460Z",64,64,jpeg,5c7b367099e48f200c3c060a0b938d70bc070ec50e93ec4f670a178007281fc5
"hangul_1334_20260929T124338184Z_7f0b51ed.jpg","쓱",1334,,,pending_review,"P007","S01","2026-09-29T12:43:38.1845827Z",64,64,jpeg,5c7b367099e48f200c3c060a0b938d70bc070ec50e93ec4f670a178007281fc5
"hangul_1335_20260929T124344555Z_a18f5efe.jpg","쓴",1335,,,pending_review,"P007","S01","2026-09-29T12:43:44.5555708Z",64,64,jpeg,5c7b367099e48f200c3c060a0b938d70bc070ec50e93ec4f670a178007281fc5
"hangul_1336_20260929T124347524Z_c70b4985.jpg","쓸",1336,,,pending_review,"P007","S01","2026-09-29T12:43:47.5245379Z",64,64,jpeg,5c7b367099e48f200c3c060a0b938d70bc070ec50e93ec4f670a178007281fc5
"hangul_1337_20260929T124352037Z_5250749e.jpg","쓺",1337,,,pending_review,"P007","S01","2026-09-29T12:43:52.0374346Z",64,64,jpeg,5c7b367099e48f200c3c060a0b938d70bc070ec50e93ec4f670a178007281fc5
"hangul_1338_20260929T124409457Z_f62274ba.jpg","쓿",1338,,,pending_review,"P007","S01","2026-09-29T12:44:09.4577004Z",64,64,jpeg,5c7b367099e48f200c3c060a0b938d70bc070ec50e93ec4f670a178007281fc5
"hangul_1339_20260929T124412933Z_970952fb.jpg","씀",1339,,,pending_review,"P007","S01","2026-09-29T12:44:12.9337601Z",64,64,jpeg,5c7b367099e48f200c3c060a0b938d70bc070ec50e93ec4f670a178007281fc5
"hangul_1340_20260929T124431086Z_bcd47bff.jpg","씁",1340,,,pending_review,"P007","S01","2026-09-29T12:44:31.0863587Z",64,64,jpeg,5c7b367099e48f200c3c060a0b938d70bc070ec50e93ec4f670a178007281fc5
"hangul_1341_20260929T124434235Z_01e66ded.jpg","씌",1341,,,pending_review,"P007","S01","2026-09-29T12:44:34.2359862Z",64,64,jpeg,5c7b367099e48f200c3c060a0b938d70bc070ec50e93ec4f670a178007281fc5
"hangul_1342_20260929T124436827Z_d40312c6.jpg","씐",1342,,,pending_review,"P007","S01","2026-09-29T12:44:36.8270674Z",64,64,jpeg,5c7b367099e48f200c3c060a0b938d70bc070ec50e93ec4f670a178007281fc5
"hangul_1343_20260929T124439987Z_6ab6fa0b.jpg","씔",1343,,,pending_review,"P007","S01","2026-09-29T12:44:39.9873917Z",64,64,jpeg,5c7b367099e48f200c3c060a0b938d70bc070ec50e93ec4f670a178007281fc5
"hangul_1344_20260929T124443084Z_d46c37b6.jpg","씜",1344,,,pending_review,"P007","S01","2026-09-29T12:44:43.0843385Z",64,64,jpeg,5c7b367099e48f200c3c060a0b938d70bc070ec50e93ec4f670a178007281fc5
"hangul_1345_20260929T124445364Z_673c2158.jpg","씨",1345,,,pending_review,"P007","S01","2026-09-29T12:44:45.3647922Z",64,64,jpeg,5c7b367099e48f200c3c060a0b938d70bc070ec50e93ec4f670a178007281fc5
"hangul_1346_20260929T124513717Z_1d8c92ba.jpg","씩",1346,,,pending_review,"P007","S01","2026-09-29T12:45:13.7176622Z",64,64,jpeg,5c7b367099e48f200c3c060a0b938d70bc070ec50e93ec4f670a178007281fc5
"hangul_1347_20260929T124516310Z_023ba433.jpg","씬",1347,,,pending_review,"P007","S01","2026-09-29T12:45:16.3109897Z",64,64,jpeg,5c7b367099e48f200c3c060a0b938d70bc070ec50e93ec4f670a178007281fc5
"hangul_1348_20260929T124519011Z_6f1f02ae.jpg","씰",1348,,,pending_review,"P007","S01","2026-09-29T12:45:19.0115261Z",64,64,jpeg,5c7b367099e48f200c3c060a0b938d70bc070ec50e93ec4f670a178007281fc5
"hangul_1349_20260929T124522854Z_f7899a3d.jpg","씸",1349,,,pending_review,"P007","S01","2026-09-29T12:45:22.8549412Z",64,64,jpeg,5c7b367099e48f200c3c060a0b938d70bc070ec50e93ec4f670a178007281fc5
"hangul_1350_20260929T124526630Z_136235a2.jpg","씹",1350,,,pending_review,"P007","S01","2026-09-29T12:45:26.6305846Z",64,64,jpeg,5c7b367099e48f200c3c060a0b938d70bc070ec50e93ec4f670a178007281fc5
"hangul_1351_20260929T124529564Z_55092f2d.jpg","씻",1351,,,pending_review,"P007","S01","2026-09-29T12:45:29.5643589Z",64,64,jpeg,5c7b367099e48f200c3c060a0b938d70bc070ec50e93ec4f670a178007281fc5
"hangul_1352_20260929T124532491Z_5be6a85a.jpg","씽",1352,,,pending_review,"P007","S01","2026-09-29T12:45:32.4919113Z",64,64,jpeg,5c7b367099e48f200c3c060a0b938d70bc070ec50e93ec4f670a178007281fc5
"hangul_1353_20260929T124534894Z_7dcacd4e.jpg","아",1353,,,pending_review,"P007","S01","2026-09-29T12:45:34.8945478Z",64,64,jpeg,5c7b367099e48f200c3c060a0b938d70bc070ec50e93ec4f670a178007281fc5
"hangul_1354_20260929T124538244Z_4a95d97f.jpg","악",1354,,,pending_review,"P007","S01","2026-09-29T12:45:38.2443524Z",64,64,jpeg,5c7b367099e48f200c3c060a0b938d70bc070ec50e93ec4f670a178007281fc5
"hangul_1355_20260929T124540487Z_540d90a5.jpg","안",1355,,,pending_review,"P007","S01","2026-09-29T12:45:40.4875424Z",64,64,jpeg,5c7b367099e48f200c3c060a0b938d70bc070ec50e93ec4f670a178007281fc5
"hangul_1356_20260929T124543935Z_e3acfa4a.jpg","앉",1356,,,pending_review,"P007","S01","2026-09-29T12:45:43.9354449Z",64,64,jpeg,5c7b367099e48f200c3c060a0b938d70bc070ec50e93ec4f670a178007281fc5
"hangul_1357_20260929T124546825Z_7ab4c2e3.jpg","않",1357,,,pending_review,"P007","S01","2026-09-29T12:45:46.8251929Z",64,64,jpeg,5c7b367099e48f200c3c060a0b938d70bc070ec50e93ec4f670a178007281fc5
"hangul_1358_20260929T124549469Z_368d3aa9.jpg","알",1358,,,pending_review,"P007","S01","2026-09-29T12:45:49.4697513Z",64,64,jpeg,5c7b367099e48f200c3c060a0b938d70bc070ec50e93ec4f670a178007281fc5
"hangul_1359_20260929T124552174Z_4582fba9.jpg","앍",1359,,,pending_review,"P007","S01","2026-09-29T12:45:52.1747291Z",64,64,jpeg,5c7b367099e48f200c3c060a0b938d70bc070ec50e93ec4f670a178007281fc5
"hangul_1360_20260929T124555741Z_b7d32cb9.jpg","앎",1360,,,pending_review,"P007","S01","2026-09-29T12:45:55.7417569Z",64,64,jpeg,5c7b367099e48f200c3c060a0b938d70bc070ec50e93ec4f670a178007281fc5
"hangul_1361_20260929T124602053Z_1807e3eb.jpg","앓",1361,,,pending_review,"P007","S01","2026-09-29T12:46:02.0534777Z",64,64,jpeg,5c7b367099e48f200c3c060a0b938d70bc070ec50e93ec4f670a178007281fc5
"hangul_1362_20260929T124607245Z_e39ed970.jpg","암",1362,,,pending_review,"P007","S01","2026-09-29T12:46:07.2453818Z",64,64,jpeg,5c7b367099e48f200c3c060a0b938d70bc070ec50e93ec4f670a178007281fc5
"hangul_1363_20260929T124610446Z_c10e6140.jpg","압",1363,,,pending_review,"P007","S01","2026-09-29T12:46:10.4465062Z",64,64,jpeg,5c7b367099e48f200c3c060a0b938d70bc070ec50e93ec4f670a178007281fc5
"hangul_1364_20260929T124613235Z_8e832a49.jpg","앗",1364,,,pending_review,"P007","S01","2026-09-29T12:46:13.2351039Z",64,64,jpeg,5c7b367099e48f200c3c060a0b938d70bc070ec50e93ec4f670a178007281fc5
"hangul_1365_20260929T124615985Z_4f3569d6.jpg","았",1365,,,pending_review,"P007","S01","2026-09-29T12:46:15.9859118Z",64,64,jpeg,5c7b367099e48f200c3c060a0b938d70bc070ec50e93ec4f670a178007281fc5
"hangul_1366_20260929T124618498Z_b82b31cb.jpg","앙",1366,,,pending_review,"P007","S01","2026-09-29T12:46:18.4980538Z",64,64,jpeg,5c7b367099e48f200c3c060a0b938d70bc070ec50e93ec4f670a178007281fc5
"hangul_1367_20260929T124623393Z_362292a2.jpg","앝",1367,,,pending_review,"P007","S01","2026-09-29T12:46:23.3934014Z",64,64,jpeg,5c7b367099e48f200c3c060a0b938d70bc070ec50e93ec4f670a178007281fc5
"hangul_1368_20260929T124626510Z_d3bfb2e6.jpg","앞",1368,,,pending_review,"P007","S01","2026-09-29T12:46:26.5101875Z",64,64,jpeg,5c7b367099e48f200c3c060a0b938d70bc070ec50e93ec4f670a178007281fc5
"hangul_1369_20260929T124628826Z_20a736d3.jpg","애",1369,,,pending_review,"P007","S01","2026-09-29T12:46:28.8267640Z",64,64,jpeg,5c7b367099e48f200c3c060a0b938d70bc070ec50e93ec4f670a178007281fc5
"hangul_1370_20260929T124635001Z_d8bbe2a7.jpg","액",1370,,,pending_review,"P007","S01","2026-09-29T12:46:35.0013881Z",64,64,jpeg,5c7b367099e48f200c3c060a0b938d70bc070ec50e93ec4f670a178007281fc5
"hangul_1371_20260929T124637465Z_eabbee80.jpg","앤",1371,,,pending_review,"P007","S01","2026-09-29T12:46:37.4650199Z",64,64,jpeg,5c7b367099e48f200c3c060a0b938d70bc070ec50e93ec4f670a178007281fc5
"hangul_1372_20260929T124657587Z_4ad0c1dd.jpg","앨",1372,,,pending_review,"P007","S01","2026-09-29T12:46:57.5878228Z",64,64,jpeg,5c7b367099e48f200c3c060a0b938d70bc070ec50e93ec4f670a178007281fc5
"hangul_1373_20260929T124700418Z_e7b203b3.jpg","앰",1373,,,pending_review,"P007","S01","2026-09-29T12:47:00.4185470Z",64,64,jpeg,5c7b367099e48f200c3c060a0b938d70bc070ec50e93ec4f670a178007281fc5
"hangul_1374_20260929T124703700Z_72e41c62.jpg","앱",1374,,,pending_review,"P007","S01","2026-09-29T12:47:03.7002590Z",64,64,jpeg,5c7b367099e48f200c3c060a0b938d70bc070ec50e93ec4f670a178007281fc5
"hangul_1375_20260929T124706750Z_4012c761.jpg","앳",1375,,,pending_review,"P007","S01","2026-09-29T12:47:06.7502539Z",64,64,jpeg,5c7b367099e48f200c3c060a0b938d70bc070ec50e93ec4f670a178007281fc5
"hangul_1376_20260929T124709559Z_67f447d7.jpg","앴",1376,,,pending_review,"P007","S01","2026-09-29T12:47:09.5590514Z",64,64,jpeg,5c7b367099e48f200c3c060a0b938d70bc070ec50e93ec4f670a178007281fc5
"hangul_1377_20260929T124712059Z_fa0bdb6f.jpg","앵",1377,,,pending_review,"P007","S01","2026-09-29T12:47:12.0591908Z",64,64,jpeg,5c7b367099e48f200c3c060a0b938d70bc070ec50e93ec4f670a178007281fc5
"hangul_1378_20260929T124714243Z_2c3ddfd2.jpg","야",1378,,,pending_review,"P007","S01","2026-09-29T12:47:14.2433203Z",64,64,jpeg,5c7b367099e48f200c3c060a0b938d70bc070ec50e93ec4f670a178007281fc5
"hangul_1379_20260929T124716730Z_63cb3185.jpg","약",1379,,,pending_review,"P007","S01","2026-09-29T12:47:16.7305215Z",64,64,jpeg,5c7b367099e48f200c3c060a0b938d70bc070ec50e93ec4f670a178007281fc5
"hangul_1380_20260929T124719015Z_1e1fb3f6.jpg","얀",1380,,,pending_review,"P007","S01","2026-09-29T12:47:19.0156473Z",64,64,jpeg,5c7b367099e48f200c3c060a0b938d70bc070ec50e93ec4f670a178007281fc5
"hangul_1381_20260929T124721486Z_ad9895b9.jpg","얄",1381,,,pending_review,"P007","S01","2026-09-29T12:47:21.4867736Z",64,64,jpeg,5c7b367099e48f200c3c060a0b938d70bc070ec50e93ec4f670a178007281fc5
"hangul_1382_20260929T124724681Z_c933093a.jpg","얇",1382,,,pending_review,"P007","S01","2026-09-29T12:47:24.6811206Z",64,64,jpeg,5c7b367099e48f200c3c060a0b938d70bc070ec50e93ec4f670a178007281fc5
"hangul_1383_20260929T124727594Z_0bf64285.jpg","얌",1383,,,pending_review,"P007","S01","2026-09-29T12:47:27.5947028Z",64,64,jpeg,5c7b367099e48f200c3c060a0b938d70bc070ec50e93ec4f670a178007281fc5
"hangul_1384_20260929T124730922Z_8822c2eb.jpg","얍",1384,,,pending_review,"P007","S01","2026-09-29T12:47:30.9224779Z",64,64,jpeg,5c7b367099e48f200c3c060a0b938d70bc070ec50e93ec4f670a178007281fc5
"hangul_1385_20260929T124733751Z_d50a2e89.jpg","얏",1385,,,pending_review,"P007","S01","2026-09-29T12:47:33.7511748Z",64,64,jpeg,5c7b367099e48f200c3c060a0b938d70bc070ec50e93ec4f670a178007281fc5
"hangul_1386_20260929T124736970Z_acdef9e5.jpg","양",1386,,,pending_review,"P007","S01","2026-09-29T12:47:36.9709861Z",64,64,jpeg,5c7b367099e48f200c3c060a0b938d70bc070ec50e93ec4f670a178007281fc5
"hangul_1387_20260929T124741109Z_0ecef399.jpg","얕",1387,,,pending_review,"P007","S01","2026-09-29T12:47:41.1092452Z",64,64,jpeg,5c7b367099e48f200c3c060a0b938d70bc070ec50e93ec4f670a178007281fc5
"hangul_1388_20260929T124743620Z_d5df65a1.jpg","얗",1388,,,pending_review,"P007","S01","2026-09-29T12:47:43.6200779Z",64,64,jpeg,5c7b367099e48f200c3c060a0b938d70bc070ec50e93ec4f670a178007281fc5
"hangul_1389_20260929T124746341Z_f9903a90.jpg","얘",1389,,,pending_review,"P007","S01","2026-09-29T12:47:46.3417005Z",64,64,jpeg,5c7b367099e48f200c3c060a0b938d70bc070ec50e93ec4f670a178007281fc5
"hangul_1390_20260929T124749293Z_e37a4421.jpg","얜",1390,,,pending_review,"P007","S01","2026-09-29T12:47:49.2939879Z",64,64,jpeg,5c7b367099e48f200c3c060a0b938d70bc070ec50e93ec4f670a178007281fc5
"hangul_1391_20260929T124752649Z_922a65f2.jpg","얠",1391,,,pending_review,"P007","S01","2026-09-29T12:47:52.6495695Z",64,64,jpeg,5c7b367099e48f200c3c060a0b938d70bc070ec50e93ec4f670a178007281fc5
"hangul_1392_20260929T124755854Z_3b4ee078.jpg","얩",1392,,,pending_review,"P007","S01","2026-09-29T12:47:55.8541588Z",64,64,jpeg,5c7b367099e48f200c3c060a0b938d70bc070ec50e93ec4f670a178007281fc5
"hangul_1393_20260929T124757731Z_e61c6eb3.jpg","어",1393,,,pending_review,"P007","S01","2026-09-29T12:47:57.7315991Z",64,64,jpeg,5c7b367099e48f200c3c060a0b938d70bc070ec50e93ec4f670a178007281fc5
"hangul_1394_20260929T124759935Z_d1efaa70.jpg","억",1394,,,pending_review,"P007","S01","2026-09-29T12:47:59.9353085Z",64,64,jpeg,5c7b367099e48f200c3c060a0b938d70bc070ec50e93ec4f670a178007281fc5
"hangul_1395_20260929T124802117Z_553a227c.jpg","언",1395,,,pending_review,"P007","S01","2026-09-29T12:48:02.1173647Z",64,64,jpeg,5c7b367099e48f200c3c060a0b938d70bc070ec50e93ec4f670a178007281fc5
"hangul_1396_20260929T124804821Z_94ac3387.jpg","얹",1396,,,pending_review,"P007","S01","2026-09-29T12:48:04.8213856Z",64,64,jpeg,5c7b367099e48f200c3c060a0b938d70bc070ec50e93ec4f670a178007281fc5
"hangul_1397_20260929T124807264Z_38f062f0.jpg","얻",1397,,,pending_review,"P007","S01","2026-09-29T12:48:07.2647495Z",64,64,jpeg,5c7b367099e48f200c3c060a0b938d70bc070ec50e93ec4f670a178007281fc5
"hangul_1398_20260929T124810270Z_d6cd36a6.jpg","얼",1398,,,pending_review,"P007","S01","2026-09-29T12:48:10.2701386Z",64,64,jpeg,5c7b367099e48f200c3c060a0b938d70bc070ec50e93ec4f670a178007281fc5
"hangul_1399_20260929T124813640Z_9c0701ec.jpg","얽",1399,,,pending_review,"P007","S01","2026-09-29T12:48:13.6403591Z",64,64,jpeg,5c7b367099e48f200c3c060a0b938d70bc070ec50e93ec4f670a178007281fc5
"hangul_1400_20260929T124817327Z_8b5c340e.jpg","얾",1400,,,pending_review,"P007","S01","2026-09-29T12:48:17.3273594Z",64,64,jpeg,5c7b367099e48f200c3c060a0b938d70bc070ec50e93ec4f670a178007281fc5
"hangul_1401_20260929T124820014Z_01653a70.jpg","엄",1401,,,pending_review,"P007","S01","2026-09-29T12:48:20.0144454Z",64,64,jpeg,5c7b367099e48f200c3c060a0b938d70bc070ec50e93ec4f670a178007281fc5
"hangul_1402_20260929T124823269Z_88294efd.jpg","업",1402,,,pending_review,"P007","S01","2026-09-29T12:48:23.2694853Z",64,64,jpeg,5c7b367099e48f200c3c060a0b938d70bc070ec50e93ec4f670a178007281fc5
"hangul_1403_20260929T124826540Z_c96b44a5.jpg","없",1403,,,pending_review,"P007","S01","2026-09-29T12:48:26.5401979Z",64,64,jpeg,5c7b367099e48f200c3c060a0b938d70bc070ec50e93ec4f670a178007281fc5
"hangul_1404_20260929T124829178Z_f74a92e5.jpg","엇",1404,,,pending_review,"P007","S01","2026-09-29T12:48:29.1780899Z",64,64,jpeg,5c7b367099e48f200c3c060a0b938d70bc070ec50e93ec4f670a178007281fc5
"hangul_1405_20260929T124832542Z_9ee6e64c.jpg","었",1405,,,pending_review,"P007","S01","2026-09-29T12:48:32.5422395Z",64,64,jpeg,5c7b367099e48f200c3c060a0b938d70bc070ec50e93ec4f670a178007281fc5
"hangul_1406_20260929T124835183Z_75fc59fa.jpg","엉",1406,,,pending_review,"P007","S01","2026-09-29T12:48:35.1832415Z",64,64,jpeg,5c7b367099e48f200c3c060a0b938d70bc070ec50e93ec4f670a178007281fc5
"hangul_1407_20260929T124837991Z_91b547fd.jpg","엊",1407,,,pending_review,"P007","S01","2026-09-29T12:48:37.9915310Z",64,64,jpeg,5c7b367099e48f200c3c060a0b938d70bc070ec50e93ec4f670a178007281fc5
"hangul_1408_20260929T124840750Z_86447b2a.jpg","엌",1408,,,pending_review,"P007","S01","2026-09-29T12:48:40.7502999Z",64,64,jpeg,5c7b367099e48f200c3c060a0b938d70bc070ec50e93ec4f670a178007281fc5
"hangul_1409_20260929T124844087Z_3e6a8650.jpg","엎",1409,,,pending_review,"P007","S01","2026-09-29T12:48:44.0873117Z",64,64,jpeg,5c7b367099e48f200c3c060a0b938d70bc070ec50e93ec4f670a178007281fc5
"hangul_1410_20260929T124848084Z_2f91f49d.jpg","에",1410,,,pending_review,"P007","S01","2026-09-29T12:48:48.0841201Z",64,64,jpeg,5c7b367099e48f200c3c060a0b938d70bc070ec50e93ec4f670a178007281fc5
"hangul_1411_20260929T124851054Z_9d85f6b3.jpg","엑",1411,,,pending_review,"P007","S01","2026-09-29T12:48:51.0542429Z",64,64,jpeg,5c7b367099e48f200c3c060a0b938d70bc070ec50e93ec4f670a178007281fc5
"hangul_1412_20260929T124853701Z_1b6ec9bb.jpg","엔",1412,,,pending_review,"P007","S01","2026-09-29T12:48:53.7011634Z",64,64,jpeg,5c7b367099e48f200c3c060a0b938d70bc070ec50e93ec4f670a178007281fc5
"hangul_1413_20260929T124857022Z_26a01f6a.jpg","엘",1413,,,pending_review,"P007","S01","2026-09-29T12:48:57.0220111Z",64,64,jpeg,5c7b367099e48f200c3c060a0b938d70bc070ec50e93ec4f670a178007281fc5
"hangul_1414_20260929T124900211Z_8bb67cf9.jpg","엠",1414,,,pending_review,"P007","S01","2026-09-29T12:49:00.2111472Z",64,64,jpeg,5c7b367099e48f200c3c060a0b938d70bc070ec50e93ec4f670a178007281fc5
"hangul_1415_20260929T124903108Z_c064c035.jpg","엡",1415,,,pending_review,"P007","S01","2026-09-29T12:49:03.1089077Z",64,64,jpeg,5c7b367099e48f200c3c060a0b938d70bc070ec50e93ec4f670a178007281fc5
"hangul_1416_20260929T124906650Z_2b0a6a47.jpg","엣",1416,,,pending_review,"P007","S01","2026-09-29T12:49:06.6503589Z",64,64,jpeg,5c7b367099e48f200c3c060a0b938d70bc070ec50e93ec4f670a178007281fc5
"hangul_1417_20260929T124909460Z_556401ca.jpg","엥",1417,,,pending_review,"P007","S01","2026-09-29T12:49:09.4603368Z",64,64,jpeg,5c7b367099e48f200c3c060a0b938d70bc070ec50e93ec4f670a178007281fc5
"hangul_1418_20260929T124911889Z_c0c8d50e.jpg","여",1418,,,pending_review,"P007","S01","2026-09-29T12:49:11.8892134Z",64,64,jpeg,5c7b367099e48f200c3c060a0b938d70bc070ec50e93ec4f670a178007281fc5
"hangul_1419_20260929T124914548Z_621af567.jpg","역",1419,,,pending_review,"P007","S01","2026-09-29T12:49:14.5481548Z",64,64,jpeg,5c7b367099e48f200c3c060a0b938d70bc070ec50e93ec4f670a178007281fc5
"hangul_1420_20260929T124917898Z_e89554de.jpg","엮",1420,,,pending_review,"P007","S01","2026-09-29T12:49:17.8983681Z",64,64,jpeg,5c7b367099e48f200c3c060a0b938d70bc070ec50e93ec4f670a178007281fc5
"hangul_1421_20260929T124920504Z_e947fe2b.jpg","연",1421,,,pending_review,"P007","S01","2026-09-29T12:49:20.5045101Z",64,64,jpeg,5c7b367099e48f200c3c060a0b938d70bc070ec50e93ec4f670a178007281fc5
"hangul_1422_20260929T124923328Z_76896c40.jpg","열",1422,,,pending_review,"P007","S01","2026-09-29T12:49:23.3281464Z",64,64,jpeg,5c7b367099e48f200c3c060a0b938d70bc070ec50e93ec4f670a178007281fc5
"hangul_1423_20260929T124927178Z_f831fff9.jpg","엶",1423,,,pending_review,"P007","S01","2026-09-29T12:49:27.1782113Z",64,64,jpeg,5c7b367099e48f200c3c060a0b938d70bc070ec50e93ec4f670a178007281fc5
"hangul_1424_20260929T124930964Z_bb8cf42b.jpg","엷",1424,,,pending_review,"P007","S01","2026-09-29T12:49:30.9645501Z",64,64,jpeg,5c7b367099e48f200c3c060a0b938d70bc070ec50e93ec4f670a178007281fc5
"hangul_1425_20260929T125024338Z_a8507dce.jpg","염",1425,,,pending_review,"P007","S01","2026-09-29T12:50:24.3385165Z",64,64,jpeg,5c7b367099e48f200c3c060a0b938d70bc070ec50e93ec4f670a178007281fc5
"hangul_1426_20260929T125027630Z_c2855701.jpg","엽",1426,,,pending_review,"P007","S01","2026-09-29T12:50:27.6309060Z",64,64,jpeg,5c7b367099e48f200c3c060a0b938d70bc070ec50e93ec4f670a178007281fc5
"hangul_1427_20260929T125031046Z_41aa6eae.jpg","엾",1427,,,pending_review,"P007","S01","2026-09-29T12:50:31.0469706Z",64,64,jpeg,5c7b367099e48f200c3c060a0b938d70bc070ec50e93ec4f670a178007281fc5
"hangul_1428_20260929T125033664Z_36852641.jpg","엿",1428,,,pending_review,"P007","S01","2026-09-29T12:50:33.6642672Z",64,64,jpeg,5c7b367099e48f200c3c060a0b938d70bc070ec50e93ec4f670a178007281fc5
"hangul_1429_20260929T125036636Z_861d76c6.jpg","였",1429,,,pending_review,"P007","S01","2026-09-29T12:50:36.6363258Z",64,64,jpeg,5c7b367099e48f200c3c060a0b938d70bc070ec50e93ec4f670a178007281fc5
"hangul_1430_20260929T125039262Z_29900799.jpg","영",1430,,,pending_review,"P007","S01","2026-09-29T12:50:39.2621783Z",64,64,jpeg,5c7b367099e48f200c3c060a0b938d70bc070ec50e93ec4f670a178007281fc5
"hangul_1431_20260929T125042545Z_8624dd34.jpg","옅",1431,,,pending_review,"P007","S01","2026-09-29T12:50:42.5452522Z",64,64,jpeg,5c7b367099e48f200c3c060a0b938d70bc070ec50e93ec4f670a178007281fc5
"hangul_1432_20260929T125046294Z_25af9fcd.jpg","옆",1432,,,pending_review,"P007","S01","2026-09-29T12:50:46.2948139Z",64,64,jpeg,5c7b367099e48f200c3c060a0b938d70bc070ec50e93ec4f670a178007281fc5
"hangul_1433_20260929T125050386Z_d7eed82f.jpg","옇",1433,,,pending_review,"P007","S01","2026-09-29T12:50:50.3860091Z",64,64,jpeg,5c7b367099e48f200c3c060a0b938d70bc070ec50e93ec4f670a178007281fc5
"hangul_1434_20260929T125053039Z_020221c4.jpg","예",1434,,,pending_review,"P007","S01","2026-09-29T12:50:53.0394411Z",64,64,jpeg,5c7b367099e48f200c3c060a0b938d70bc070ec50e93ec4f670a178007281fc5
"hangul_1435_20260929T125055751Z_8577a6fe.jpg","옌",1435,,,pending_review,"P007","S01","2026-09-29T12:50:55.7519596Z",64,64,jpeg,5c7b367099e48f200c3c060a0b938d70bc070ec50e93ec4f670a178007281fc5
"hangul_1436_20260929T125058486Z_9ad91602.jpg","옐",1436,,,pending_review,"P007","S01","2026-09-29T12:50:58.4866775Z",64,64,jpeg,5c7b367099e48f200c3c060a0b938d70bc070ec50e93ec4f670a178007281fc5
"hangul_1437_20260929T125101418Z_9a91fd41.jpg","옘",1437,,,pending_review,"P007","S01","2026-09-29T12:51:01.4182535Z",64,64,jpeg,5c7b367099e48f200c3c060a0b938d70bc070ec50e93ec4f670a178007281fc5
"hangul_1438_20260929T125106315Z_dc94398d.jpg","옙",1438,,,pending_review,"P007","S01","2026-09-29T12:51:06.3153825Z",64,64,jpeg,5c7b367099e48f200c3c060a0b938d70bc070ec50e93ec4f670a178007281fc5
"hangul_1439_20260929T125109800Z_0e3c8306.jpg","옛",1439,,,pending_review,"P007","S01","2026-09-29T12:51:09.8002235Z",64,64,jpeg,5c7b367099e48f200c3c060a0b938d70bc070ec50e93ec4f670a178007281fc5
"hangul_1440_20260929T125113562Z_f39fb777.jpg","옜",1440,,,pending_review,"P007","S01","2026-09-29T12:51:13.5624683Z",64,64,jpeg,5c7b367099e48f200c3c060a0b938d70bc070ec50e93ec4f670a178007281fc5
"hangul_1441_20260929T125115965Z_5ea5e814.jpg","오",1441,,,pending_review,"P007","S01","2026-09-29T12:51:15.9658057Z",64,64,jpeg,5c7b367099e48f200c3c060a0b938d70bc070ec50e93ec4f670a178007281fc5
"hangul_1442_20260929T125118260Z_d81e8fc6.jpg","옥",1442,,,pending_review,"P007","S01","2026-09-29T12:51:18.2608743Z",64,64,jpeg,5c7b367099e48f200c3c060a0b938d70bc070ec50e93ec4f670a178007281fc5
"hangul_1443_20260929T125120658Z_49ef5c52.jpg","온",1443,,,pending_review,"P007","S01","2026-09-29T12:51:20.6581910Z",64,64,jpeg,5c7b367099e48f200c3c060a0b938d70bc070ec50e93ec4f670a178007281fc5
"hangul_1444_20260929T125123624Z_2e45591a.jpg","올",1444,,,pending_review,"P007","S01","2026-09-29T12:51:23.6244009Z",64,64,jpeg,5c7b367099e48f200c3c060a0b938d70bc070ec50e93ec4f670a178007281fc5
"hangul_1445_20260929T125127250Z_a2b9c4f3.jpg","옭",1445,,,pending_review,"P007","S01","2026-09-29T12:51:27.2502213Z",64,64,jpeg,5c7b367099e48f200c3c060a0b938d70bc070ec50e93ec4f670a178007281fc5
"hangul_1446_20260929T125130867Z_c76650a6.jpg","옮",1446,,,pending_review,"P007","S01","2026-09-29T12:51:30.8675703Z",64,64,jpeg,5c7b367099e48f200c3c060a0b938d70bc070ec50e93ec4f670a178007281fc5
"hangul_1447_20260929T125134332Z_d5bbb585.jpg","옰",1447,,,pending_review,"P007","S01","2026-09-29T12:51:34.3326915Z",64,64,jpeg,5c7b367099e48f200c3c060a0b938d70bc070ec50e93ec4f670a178007281fc5
"hangul_1448_20260929T125137541Z_0cbe7e3c.jpg","옳",1448,,,pending_review,"P007","S01","2026-09-29T12:51:37.5415061Z",64,64,jpeg,5c7b367099e48f200c3c060a0b938d70bc070ec50e93ec4f670a178007281fc5
"hangul_1449_20260929T125140175Z_328a2e00.jpg","옴",1449,,,pending_review,"P007","S01","2026-09-29T12:51:40.1757785Z",64,64,jpeg,5c7b367099e48f200c3c060a0b938d70bc070ec50e93ec4f670a178007281fc5
"hangul_1450_20260929T125143301Z_bfe56659.jpg","옵",1450,,,pending_review,"P007","S01","2026-09-29T12:51:43.3014637Z",64,64,jpeg,5c7b367099e48f200c3c060a0b938d70bc070ec50e93ec4f670a178007281fc5
"hangul_1451_20260929T125146904Z_29330c61.jpg","옷",1451,,,pending_review,"P007","S01","2026-09-29T12:51:46.9048549Z",64,64,jpeg,5c7b367099e48f200c3c060a0b938d70bc070ec50e93ec4f670a178007281fc5
"hangul_1452_20260929T125149206Z_8b7b054a.jpg","옹",1452,,,pending_review,"P007","S01","2026-09-29T12:51:49.2064291Z",64,64,jpeg,5c7b367099e48f200c3c060a0b938d70bc070ec50e93ec4f670a178007281fc5
"hangul_1453_20260929T125151991Z_187fe852.jpg","옻",1453,,,pending_review,"P007","S01","2026-09-29T12:51:51.9917790Z",64,64,jpeg,5c7b367099e48f200c3c060a0b938d70bc070ec50e93ec4f670a178007281fc5
"hangul_1454_20260929T125154998Z_44094dcf.jpg","와",1454,,,pending_review,"P007","S01","2026-09-29T12:51:54.9986202Z",64,64,jpeg,5c7b367099e48f200c3c060a0b938d70bc070ec50e93ec4f670a178007281fc5
"hangul_1455_20260929T125157953Z_65d037a5.jpg","왁",1455,,,pending_review,"P007","S01","2026-09-29T12:51:57.9530251Z",64,64,jpeg,5c7b367099e48f200c3c060a0b938d70bc070ec50e93ec4f670a178007281fc5
"hangul_1456_20260929T125201213Z_7c84421b.jpg","완",1456,,,pending_review,"P007","S01","2026-09-29T12:52:01.2134436Z",64,64,jpeg,5c7b367099e48f200c3c060a0b938d70bc070ec50e93ec4f670a178007281fc5
"hangul_1457_20260929T125204135Z_821f4464.jpg","왈",1457,,,pending_review,"P007","S01","2026-09-29T12:52:04.1356593Z",64,64,jpeg,5c7b367099e48f200c3c060a0b938d70bc070ec50e93ec4f670a178007281fc5
"hangul_1458_20260929T125207518Z_052f0e58.jpg","왐",1458,,,pending_review,"P007","S01","2026-09-29T12:52:07.5182472Z",64,64,jpeg,5c7b367099e48f200c3c060a0b938d70bc070ec50e93ec4f670a178007281fc5
"hangul_1459_20260929T125211187Z_152d4b26.jpg","왑",1459,,,pending_review,"P007","S01","2026-09-29T12:52:11.1878852Z",64,64,jpeg,5c7b367099e48f200c3c060a0b938d70bc070ec50e93ec4f670a178007281fc5
"hangul_1460_20260929T125214068Z_721b12a8.jpg","왓",1460,,,pending_review,"P007","S01","2026-09-29T12:52:14.0680217Z",64,64,jpeg,5c7b367099e48f200c3c060a0b938d70bc070ec50e93ec4f670a178007281fc5
"hangul_1460_20260929T125217990Z_672a6fdc.jpg","왓",1460,,,pending_review,"P007","S01","2026-09-29T12:52:17.9909628Z",64,64,jpeg,5c7b367099e48f200c3c060a0b938d70bc070ec50e93ec4f670a178007281fc5
"hangul_1461_20260929T125221044Z_d9f87997.jpg","왔",1461,,,pending_review,"P007","S01","2026-09-29T12:52:21.0447733Z",64,64,jpeg,5c7b367099e48f200c3c060a0b938d70bc070ec50e93ec4f670a178007281fc5
"hangul_1462_20260929T125224893Z_486255f9.jpg","왕",1462,,,pending_review,"P007","S01","2026-09-29T12:52:24.8933592Z",64,64,jpeg,5c7b367099e48f200c3c060a0b938d70bc070ec50e93ec4f670a178007281fc5
"hangul_1462_20260929T125227946Z_ada4bf49.jpg","왕",1462,,,pending_review,"P007","S01","2026-09-29T12:52:27.9465078Z",64,64,jpeg,5c7b367099e48f200c3c060a0b938d70bc070ec50e93ec4f670a178007281fc5
"hangul_1463_20260929T125256372Z_693a8db6.jpg","왜",1463,,,pending_review,"P007","S01","2026-09-29T12:52:56.3721490Z",64,64,jpeg,5c7b367099e48f200c3c060a0b938d70bc070ec50e93ec4f670a178007281fc5
"hangul_1464_20260929T125300281Z_9f167c92.jpg","왝",1464,,,pending_review,"P007","S01","2026-09-29T12:53:00.2816544Z",64,64,jpeg,5c7b367099e48f200c3c060a0b938d70bc070ec50e93ec4f670a178007281fc5
"hangul_1465_20260929T125303704Z_4c893a03.jpg","왠",1465,,,pending_review,"P007","S01","2026-09-29T12:53:03.7045518Z",64,64,jpeg,5c7b367099e48f200c3c060a0b938d70bc070ec50e93ec4f670a178007281fc5
"hangul_1466_20260929T125310480Z_73e00f4d.jpg","왬",1466,,,pending_review,"P007","S01","2026-09-29T12:53:10.4805321Z",64,64,jpeg,5c7b367099e48f200c3c060a0b938d70bc070ec50e93ec4f670a178007281fc5
"hangul_1467_20260929T125317449Z_912e8fb0.jpg","왯",1467,,,pending_review,"P007","S01","2026-09-29T12:53:17.4490320Z",64,64,jpeg,5c7b367099e48f200c3c060a0b938d70bc070ec50e93ec4f670a178007281fc5
"hangul_1468_20260929T125322029Z_cce1cbc6.jpg","왱",1468,,,pending_review,"P007","S01","2026-09-29T12:53:22.0297356Z",64,64,jpeg,5c7b367099e48f200c3c060a0b938d70bc070ec50e93ec4f670a178007281fc5
"hangul_1469_20260929T125324487Z_047c7491.jpg","외",1469,,,pending_review,"P007","S01","2026-09-29T12:53:24.4873764Z",64,64,jpeg,5c7b367099e48f200c3c060a0b938d70bc070ec50e93ec4f670a178007281fc5
"hangul_1470_20260929T125327485Z_3fcfe730.jpg","왹",1470,,,pending_review,"P007","S01","2026-09-29T12:53:27.4859810Z",64,64,jpeg,5c7b367099e48f200c3c060a0b938d70bc070ec50e93ec4f670a178007281fc5
"hangul_1471_20260929T125330025Z_8bc960de.jpg","왼",1471,,,pending_review,"P007","S01","2026-09-29T12:53:30.0259105Z",64,64,jpeg,5c7b367099e48f200c3c060a0b938d70bc070ec50e93ec4f670a178007281fc5
"hangul_1472_20260929T125333136Z_2156cf2f.jpg","욀",1472,,,pending_review,"P007","S01","2026-09-29T12:53:33.1368321Z",64,64,jpeg,5c7b367099e48f200c3c060a0b938d70bc070ec50e93ec4f670a178007281fc5
"hangul_1473_20260929T125336707Z_fbb59b11.jpg","욈",1473,,,pending_review,"P007","S01","2026-09-29T12:53:36.7073277Z",64,64,jpeg,5c7b367099e48f200c3c060a0b938d70bc070ec50e93ec4f670a178007281fc5
"hangul_1474_20260929T125339992Z_8f45c927.jpg","욉",1474,,,pending_review,"P007","S01","2026-09-29T12:53:39.9927856Z",64,64,jpeg,5c7b367099e48f200c3c060a0b938d70bc070ec50e93ec4f670a178007281fc5
"hangul_1475_20260929T125343321Z_bf570fe0.jpg","욋",1475,,,pending_review,"P007","S01","2026-09-29T12:53:43.3218313Z",64,64,jpeg,5c7b367099e48f200c3c060a0b938d70bc070ec50e93ec4f670a178007281fc5
"hangul_1476_20260929T125346613Z_515b2485.jpg","욍",1476,,,pending_review,"P007","S01","2026-09-29T12:53:46.6132984Z",64,64,jpeg,5c7b367099e48f200c3c060a0b938d70bc070ec50e93ec4f670a178007281fc5
"hangul_1477_20260929T125349858Z_651b51b1.jpg","요",1477,,,pending_review,"P007","S01","2026-09-29T12:53:49.8581857Z",64,64,jpeg,5c7b367099e48f200c3c060a0b938d70bc070ec50e93ec4f670a178007281fc5
"hangul_1478_20260929T125356631Z_f3c205d8.jpg","욕",1478,,,pending_review,"P007","S01","2026-09-29T12:53:56.6312991Z",64,64,jpeg,5c7b367099e48f200c3c060a0b938d70bc070ec50e93ec4f670a178007281fc5
"hangul_1478_20260929T125538882Z_b43cc22c.jpg","욕",1478,,,pending_review,"P007","S01","2026-09-29T12:55:38.8829681Z",64,64,jpeg,5c7b367099e48f200c3c060a0b938d70bc070ec50e93ec4f670a178007281fc5
"hangul_1479_20260929T125543572Z_40de7143.jpg","욘",1479,,,pending_review,"P007","S01","2026-09-29T12:55:43.5729818Z",64,64,jpeg,5c7b367099e48f200c3c060a0b938d70bc070ec50e93ec4f670a178007281fc5
"hangul_1480_20260929T125545911Z_a605bfff.jpg","욜",1480,,,pending_review,"P007","S01","2026-09-29T12:55:45.9116817Z",64,64,jpeg,5c7b367099e48f200c3c060a0b938d70bc070ec50e93ec4f670a178007281fc5
"hangul_1481_20260929T125548483Z_d7caf340.jpg","욤",1481,,,pending_review,"P007","S01","2026-09-29T12:55:48.4830338Z",64,64,jpeg,5c7b367099e48f200c3c060a0b938d70bc070ec50e93ec4f670a178007281fc5
"hangul_1482_20260929T125551528Z_3f661b65.jpg","욥",1482,,,pending_review,"P007","S01","2026-09-29T12:55:51.5281303Z",64,64,jpeg,5c7b367099e48f200c3c060a0b938d70bc070ec50e93ec4f670a178007281fc5
"hangul_1483_20260929T125555120Z_2243d2d5.jpg","욧",1483,,,pending_review,"P007","S01","2026-09-29T12:55:55.1206166Z",64,64,jpeg,5c7b367099e48f200c3c060a0b938d70bc070ec50e93ec4f670a178007281fc5
"hangul_1484_20260929T125557835Z_1c91296c.jpg","용",1484,,,pending_review,"P007","S01","2026-09-29T12:55:57.8355485Z",64,64,jpeg,5c7b367099e48f200c3c060a0b938d70bc070ec50e93ec4f670a178007281fc5
"hangul_1485_20260929T125559892Z_360f23ad.jpg","우",1485,,,pending_review,"P007","S01","2026-09-29T12:55:59.8929418Z",64,64,jpeg,5c7b367099e48f200c3c060a0b938d70bc070ec50e93ec4f670a178007281fc5
"hangul_1486_20260929T125604112Z_584c146d.jpg","욱",1486,,,pending_review,"P007","S01","2026-09-29T12:56:04.1128708Z",64,64,jpeg,5c7b367099e48f200c3c060a0b938d70bc070ec50e93ec4f670a178007281fc5
"hangul_1487_20260929T125754952Z_acefe51c.jpg","운",1487,,,pending_review,"P007","S01","2026-09-29T12:57:54.9528804Z",64,64,jpeg,5c7b367099e48f200c3c060a0b938d70bc070ec50e93ec4f670a178007281fc5
"hangul_1488_20260929T125757644Z_2bc228a1.jpg","울",1488,,,pending_review,"P007","S01","2026-09-29T12:57:57.6444098Z",64,64,jpeg,5c7b367099e48f200c3c060a0b938d70bc070ec50e93ec4f670a178007281fc5
"hangul_1489_20260929T125800330Z_8c0faf68.jpg","욹",1489,,,pending_review,"P007","S01","2026-09-29T12:58:00.3305030Z",64,64,jpeg,5c7b367099e48f200c3c060a0b938d70bc070ec50e93ec4f670a178007281fc5
"hangul_1490_20260929T125804145Z_a62c9e03.jpg","욺",1490,,,pending_review,"P007","S01","2026-09-29T12:58:04.1455613Z",64,64,jpeg,5c7b367099e48f200c3c060a0b938d70bc070ec50e93ec4f670a178007281fc5
"hangul_1491_20260929T125806804Z_0647bf6c.jpg","움",1491,,,pending_review,"P007","S01","2026-09-29T12:58:06.8043371Z",64,64,jpeg,5c7b367099e48f200c3c060a0b938d70bc070ec50e93ec4f670a178007281fc5
"hangul_1492_20260929T125809502Z_adeeb1fb.jpg","웁",1492,,,pending_review,"P007","S01","2026-09-29T12:58:09.5022566Z",64,64,jpeg,5c7b367099e48f200c3c060a0b938d70bc070ec50e93ec4f670a178007281fc5
"hangul_1493_20260929T125812296Z_dcc0e36c.jpg","웃",1493,,,pending_review,"P007","S01","2026-09-29T12:58:12.2969036Z",64,64,jpeg,5c7b367099e48f200c3c060a0b938d70bc070ec50e93ec4f670a178007281fc5
"hangul_1494_20260929T125815577Z_30e3c0de.jpg","웅",1494,,,pending_review,"P007","S01","2026-09-29T12:58:15.5770975Z",64,64,jpeg,5c7b367099e48f200c3c060a0b938d70bc070ec50e93ec4f670a178007281fc5
"hangul_1495_20260929T125818355Z_4567f132.jpg","워",1495,,,pending_review,"P007","S01","2026-09-29T12:58:18.3552727Z",64,64,jpeg,5c7b367099e48f200c3c060a0b938d70bc070ec50e93ec4f670a178007281fc5
"hangul_1496_20260929T125821056Z_fb36e7ae.jpg","웍",1496,,,pending_review,"P007","S01","2026-09-29T12:58:21.0564939Z",64,64,jpeg,5c7b367099e48f200c3c060a0b938d70bc070ec50e93ec4f670a178007281fc5
"hangul_1497_20260929T125823603Z_03675a14.jpg","원",1497,,,pending_review,"P007","S01","2026-09-29T12:58:23.6034798Z",64,64,jpeg,5c7b367099e48f200c3c060a0b938d70bc070ec50e93ec4f670a178007281fc5
"hangul_1498_20260929T125840718Z_4a0c2589.jpg","월",1498,,,pending_review,"P007","S01","2026-09-29T12:58:40.7186977Z",64,64,jpeg,5c7b367099e48f200c3c060a0b938d70bc070ec50e93ec4f670a178007281fc5
"hangul_1499_20260929T125843537Z_b8f19373.jpg","웜",1499,,,pending_review,"P007","S01","2026-09-29T12:58:43.5372619Z",64,64,jpeg,5c7b367099e48f200c3c060a0b938d70bc070ec50e93ec4f670a178007281fc5
"hangul_1500_20260929T125846496Z_309a205b.jpg","웝",1500,,,pending_review,"P007","S01","2026-09-29T12:58:46.4962408Z",64,64,jpeg,5c7b367099e48f200c3c060a0b938d70bc070ec50e93ec4f670a178007281fc5
"hangul_1599_20260929T125938138Z_1e4b1f47.jpg","접",1599,,,pending_review,"P008","S01","2026-09-29T12:59:38.1380604Z",64,64,jpeg,5c7b367099e48f200c3c060a0b938d70bc070ec50e93ec4f670a178007281fc5
"hangul_1600_20260929T130019230Z_8d97d3b6.jpg","젓",1600,,,pending_review,"P008","S01","2026-09-29T13:00:19.2301016Z",64,64,jpeg,5c7b367099e48f200c3c060a0b938d70bc070ec50e93ec4f670a178007281fc5
"hangul_1601_20260929T130023065Z_9667012a.jpg","정",1601,,,pending_review,"P008","S01","2026-09-29T13:00:23.0654534Z",64,64,jpeg,5c7b367099e48f200c3c060a0b938d70bc070ec50e93ec4f670a178007281fc5
"hangul_1602_20260929T130124640Z_ac549dbf.jpg","젖",1602,,,pending_review,"P008","S01","2026-09-29T13:01:24.6402761Z",64,64,jpeg,5c7b367099e48f200c3c060a0b938d70bc070ec50e93ec4f670a178007281fc5
"hangul_1603_20260929T130127507Z_a1880de0.jpg","제",1603,,,pending_review,"P008","S01","2026-09-29T13:01:27.5076140Z",64,64,jpeg,5c7b367099e48f200c3c060a0b938d70bc070ec50e93ec4f670a178007281fc5
"hangul_1604_20260929T130132415Z_4114be25.jpg","젝",1604,,,pending_review,"P008","S01","2026-09-29T13:01:32.4158935Z",64,64,jpeg,5c7b367099e48f200c3c060a0b938d70bc070ec50e93ec4f670a178007281fc5
"hangul_1605_20260929T130135384Z_dec60ae5.jpg","젠",1605,,,pending_review,"P008","S01","2026-09-29T13:01:35.3843954Z",64,64,jpeg,5c7b367099e48f200c3c060a0b938d70bc070ec50e93ec4f670a178007281fc5
"hangul_1606_20260929T130156822Z_d1585e75.jpg","젤",1606,,,pending_review,"P008","S01","2026-09-29T13:01:56.8220734Z",64,64,jpeg,5c7b367099e48f200c3c060a0b938d70bc070ec50e93ec4f670a178007281fc5
"hangul_1607_20260929T130201541Z_b4a9f6f6.jpg","젬",1607,,,pending_review,"P008","S01","2026-09-29T13:02:01.5417688Z",64,64,jpeg,5c7b367099e48f200c3c060a0b938d70bc070ec50e93ec4f670a178007281fc5
"hangul_1608_20260929T130206593Z_45a1a5e4.jpg","젭",1608,,,pending_review,"P008","S01","2026-09-29T13:02:06.5932313Z",64,64,jpeg,5c7b367099e48f200c3c060a0b938d70bc070ec50e93ec4f670a178007281fc5
"hangul_1609_20260929T130210352Z_4f0950c4.jpg","젯",1609,,,pending_review,"P008","S01","2026-09-29T13:02:10.3520656Z",64,64,jpeg,5c7b367099e48f200c3c060a0b938d70bc070ec50e93ec4f670a178007281fc5
"hangul_1610_20260929T130215126Z_0afc7356.jpg","젱",1610,,,pending_review,"P008","S01","2026-09-29T13:02:15.1262796Z",64,64,jpeg,5c7b367099e48f200c3c060a0b938d70bc070ec50e93ec4f670a178007281fc5
"hangul_1611_20260929T130219005Z_cc9ba209.jpg","져",1611,,,pending_review,"P008","S01","2026-09-29T13:02:19.0056693Z",64,64,jpeg,5c7b367099e48f200c3c060a0b938d70bc070ec50e93ec4f670a178007281fc5
"hangul_1612_20260929T130223559Z_a794964d.jpg","젼",1612,,,pending_review,"P008","S01","2026-09-29T13:02:23.5595637Z",64,64,jpeg,5c7b367099e48f200c3c060a0b938d70bc070ec50e93ec4f670a178007281fc5
"hangul_1613_20260929T130227288Z_1100dfb4.jpg","졀",1613,,,pending_review,"P008","S01","2026-09-29T13:02:27.2886042Z",64,64,jpeg,5c7b367099e48f200c3c060a0b938d70bc070ec50e93ec4f670a178007281fc5
"hangul_1614_20260929T130242951Z_d8f6dc45.jpg","졈",1614,,,pending_review,"P008","S01","2026-09-29T13:02:42.9516384Z",64,64,jpeg,5c7b367099e48f200c3c060a0b938d70bc070ec50e93ec4f670a178007281fc5
"hangul_1615_20260929T130249301Z_1e61f406.jpg","졉",1615,,,pending_review,"P008","S01","2026-09-29T13:02:49.3016338Z",64,64,jpeg,5c7b367099e48f200c3c060a0b938d70bc070ec50e93ec4f670a178007281fc5
"hangul_1616_20260929T130254246Z_e39cedaf.jpg","졌",1616,,,pending_review,"P008","S01","2026-09-29T13:02:54.2463328Z",64,64,jpeg,5c7b367099e48f200c3c060a0b938d70bc070ec50e93ec4f670a178007281fc5
"hangul_1617_20260929T130257464Z_f5ad73e5.jpg","졍",1617,,,pending_review,"P008","S01","2026-09-29T13:02:57.4644355Z",64,64,jpeg,5c7b367099e48f200c3c060a0b938d70bc070ec50e93ec4f670a178007281fc5
"hangul_1618_20260929T130300667Z_9e7026a7.jpg","졔",1618,,,pending_review,"P008","S01","2026-09-29T13:03:00.6672755Z",64,64,jpeg,5c7b367099e48f200c3c060a0b938d70bc070ec50e93ec4f670a178007281fc5
"hangul_1619_20260929T130303247Z_6c29f65a.jpg","조",1619,,,pending_review,"P008","S01","2026-09-29T13:03:03.2479195Z",64,64,jpeg,5c7b367099e48f200c3c060a0b938d70bc070ec50e93ec4f670a178007281fc5
"hangul_1620_20260929T130323805Z_92d75521.jpg","족",1620,,,pending_review,"P008","S01","2026-09-29T13:03:23.8059060Z",64,64,jpeg,5c7b367099e48f200c3c060a0b938d70bc070ec50e93ec4f670a178007281fc5
"hangul_1621_20260929T130326766Z_6d93e1ef.jpg","존",1621,,,pending_review,"P008","S01","2026-09-29T13:03:26.7660785Z",64,64,jpeg,5c7b367099e48f200c3c060a0b938d70bc070ec50e93ec4f670a178007281fc5
"hangul_1622_20260929T130329722Z_e6ef5f7b.jpg","졸",1622,,,pending_review,"P008","S01","2026-09-29T13:03:29.7224216Z",64,64,jpeg,5c7b367099e48f200c3c060a0b938d70bc070ec50e93ec4f670a178007281fc5
"hangul_1623_20260929T130332868Z_86107642.jpg","졺",1623,,,pending_review,"P008","S01","2026-09-29T13:03:32.8686301Z",64,64,jpeg,5c7b367099e48f200c3c060a0b938d70bc070ec50e93ec4f670a178007281fc5
"hangul_1624_20260929T130335585Z_7cc95fcb.jpg","좀",1624,,,pending_review,"P008","S01","2026-09-29T13:03:35.5854764Z",64,64,jpeg,5c7b367099e48f200c3c060a0b938d70bc070ec50e93ec4f670a178007281fc5
"hangul_1625_20260929T130338460Z_a57b8f25.jpg","좁",1625,,,pending_review,"P008","S01","2026-09-29T13:03:38.4606155Z",64,64,jpeg,5c7b367099e48f200c3c060a0b938d70bc070ec50e93ec4f670a178007281fc5
"hangul_1626_20260929T130341826Z_f43e8ae2.jpg","좃",1626,,,pending_review,"P008","S01","2026-09-29T13:03:41.8269056Z",64,64,jpeg,5c7b367099e48f200c3c060a0b938d70bc070ec50e93ec4f670a178007281fc5
"hangul_1627_20260929T130443242Z_eca61eac.jpg","종",1627,,,pending_review,"P008","S01","2026-09-29T13:04:43.2424159Z",64,64,jpeg,5c7b367099e48f200c3c060a0b938d70bc070ec50e93ec4f670a178007281fc5
"hangul_1628_20260929T130446547Z_ce3a8eb3.jpg","좆",1628,,,pending_review,"P008","S01","2026-09-29T13:04:46.5479505Z",64,64,jpeg,5c7b367099e48f200c3c060a0b938d70bc070ec50e93ec4f670a178007281fc5
"hangul_1629_20260929T130449448Z_b7249147.jpg","좇",1629,,,pending_review,"P008","S01","2026-09-29T13:04:49.4482241Z",64,64,jpeg,5c7b367099e48f200c3c060a0b938d70bc070ec50e93ec4f670a178007281fc5
"hangul_1630_20260929T130452376Z_92135b86.jpg","좋",1630,,,pending_review,"P008","S01","2026-09-29T13:04:52.3761066Z",64,64,jpeg,5c7b367099e48f200c3c060a0b938d70bc070ec50e93ec4f670a178007281fc5
"hangul_1631_20260929T130455127Z_132072be.jpg","좌",1631,,,pending_review,"P008","S01","2026-09-29T13:04:55.1273541Z",64,64,jpeg,5c7b367099e48f200c3c060a0b938d70bc070ec50e93ec4f670a178007281fc5
"hangul_1632_20260929T130458088Z_bca279ed.jpg","좍",1632,,,pending_review,"P008","S01","2026-09-29T13:04:58.0881380Z",64,64,jpeg,5c7b367099e48f200c3c060a0b938d70bc070ec50e93ec4f670a178007281fc5
"hangul_1633_20260929T130500831Z_801344e9.jpg","좔",1633,,,pending_review,"P008","S01","2026-09-29T13:05:00.8319745Z",64,64,jpeg,5c7b367099e48f200c3c060a0b938d70bc070ec50e93ec4f670a178007281fc5
"hangul_1634_20260929T130505189Z_c0a1eff1.jpg","좝",1634,,,pending_review,"P008","S01","2026-09-29T13:05:05.1891340Z",64,64,jpeg,5c7b367099e48f200c3c060a0b938d70bc070ec50e93ec4f670a178007281fc5
"hangul_1635_20260929T130509385Z_eb5d2a9e.jpg","좟",1635,,,pending_review,"P008","S01","2026-09-29T13:05:09.3855209Z",64,64,jpeg,5c7b367099e48f200c3c060a0b938d70bc070ec50e93ec4f670a178007281fc5
"hangul_1636_20260929T130513189Z_95bdec62.jpg","좡",1636,,,pending_review,"P008","S01","2026-09-29T13:05:13.1895487Z",64,64,jpeg,5c7b367099e48f200c3c060a0b938d70bc070ec50e93ec4f670a178007281fc5
"hangul_1637_20260929T130518310Z_5d35ca36.jpg","좨",1637,,,pending_review,"P008","S01","2026-09-29T13:05:18.3109322Z",64,64,jpeg,5c7b367099e48f200c3c060a0b938d70bc070ec50e93ec4f670a178007281fc5
"hangul_1638_20260929T130525172Z_90256e7b.jpg","좼",1638,,,pending_review,"P008","S01","2026-09-29T13:05:25.1726208Z",64,64,jpeg,5c7b367099e48f200c3c060a0b938d70bc070ec50e93ec4f670a178007281fc5
"hangul_1639_20260929T130529418Z_05b61eb3.jpg","좽",1639,,,pending_review,"P008","S01","2026-09-29T13:05:29.4187467Z",64,64,jpeg,5c7b367099e48f200c3c060a0b938d70bc070ec50e93ec4f670a178007281fc5
"hangul_1640_20260929T130532782Z_8d9604c3.jpg","죄",1640,,,pending_review,"P008","S01","2026-09-29T13:05:32.7827467Z",64,64,jpeg,5c7b367099e48f200c3c060a0b938d70bc070ec50e93ec4f670a178007281fc5
"hangul_1641_20260929T130535727Z_a00ad5e5.jpg","죈",1641,,,pending_review,"P008","S01","2026-09-29T13:05:35.7274827Z",64,64,jpeg,5c7b367099e48f200c3c060a0b938d70bc070ec50e93ec4f670a178007281fc5
"hangul_1641_20260929T131118586Z_5ec7ebee.jpg","죈",1641,,,pending_review,"P008","S01","2026-09-29T13:11:18.5861459Z",64,64,jpeg,5c7b367099e48f200c3c060a0b938d70bc070ec50e93ec4f670a178007281fc5
"hangul_1642_20260929T131121935Z_6a1c6658.jpg","죌",1642,,,pending_review,"P008","S01","2026-09-29T13:11:21.9355381Z",64,64,jpeg,5c7b367099e48f200c3c060a0b938d70bc070ec50e93ec4f670a178007281fc5
"hangul_1642_20260929T131125027Z_34c655bc.jpg","죌",1642,,,pending_review,"P008","S01","2026-09-29T13:11:25.0274899Z",64,64,jpeg,5c7b367099e48f200c3c060a0b938d70bc070ec50e93ec4f670a178007281fc5
"hangul_1643_20260929T131128116Z_85ac7d24.jpg","죔",1643,,,pending_review,"P008","S01","2026-09-29T13:11:28.1165462Z",64,64,jpeg,5c7b367099e48f200c3c060a0b938d70bc070ec50e93ec4f670a178007281fc5
"hangul_1644_20260929T131130862Z_be61857d.jpg","죕",1644,,,pending_review,"P008","S01","2026-09-29T13:11:30.8629370Z",64,64,jpeg,5c7b367099e48f200c3c060a0b938d70bc070ec50e93ec4f670a178007281fc5
"hangul_1645_20260929T131135904Z_f4148560.jpg","죗",1645,,,pending_review,"P008","S01","2026-09-29T13:11:35.9044715Z",64,64,jpeg,5c7b367099e48f200c3c060a0b938d70bc070ec50e93ec4f670a178007281fc5
"hangul_1646_20260929T131139105Z_7f0356d2.jpg","죙",1646,,,pending_review,"P008","S01","2026-09-29T13:11:39.1055824Z",64,64,jpeg,5c7b367099e48f200c3c060a0b938d70bc070ec50e93ec4f670a178007281fc5
"hangul_1647_20260929T131141554Z_a5add167.jpg","죠",1647,,,pending_review,"P008","S01","2026-09-29T13:11:41.5541938Z",64,64,jpeg,5c7b367099e48f200c3c060a0b938d70bc070ec50e93ec4f670a178007281fc5
"hangul_1648_20260929T131144372Z_239e26eb.jpg","죡",1648,,,pending_review,"P008","S01","2026-09-29T13:11:44.3724497Z",64,64,jpeg,5c7b367099e48f200c3c060a0b938d70bc070ec50e93ec4f670a178007281fc5
"hangul_1649_20260929T131147148Z_435559ae.jpg","죤",1649,,,pending_review,"P008","S01","2026-09-29T13:11:47.1488645Z",64,64,jpeg,5c7b367099e48f200c3c060a0b938d70bc070ec50e93ec4f670a178007281fc5
"hangul_1650_20260929T131149844Z_6cfb7659.jpg","죵",1650,,,pending_review,"P008","S01","2026-09-29T13:11:49.8443520Z",64,64,jpeg,5c7b367099e48f200c3c060a0b938d70bc070ec50e93ec4f670a178007281fc5
"hangul_1651_20260929T131152254Z_dbd0321d.jpg","주",1651,,,pending_review,"P008","S01","2026-09-29T13:11:52.2546168Z",64,64,jpeg,5c7b367099e48f200c3c060a0b938d70bc070ec50e93ec4f670a178007281fc5
"hangul_1652_20260929T131154647Z_528f47e5.jpg","죽",1652,,,pending_review,"P008","S01","2026-09-29T13:11:54.6478041Z",64,64,jpeg,5c7b367099e48f200c3c060a0b938d70bc070ec50e93ec4f670a178007281fc5
"hangul_1653_20260929T131158300Z_b47f5312.jpg","준",1653,,,pending_review,"P008","S01","2026-09-29T13:11:58.3003062Z",64,64,jpeg,5c7b367099e48f200c3c060a0b938d70bc070ec50e93ec4f670a178007281fc5
"hangul_1654_20260929T131200608Z_43cbadfb.jpg","줄",1654,,,pending_review,"P008","S01","2026-09-29T13:12:00.6080425Z",64,64,jpeg,5c7b367099e48f200c3c060a0b938d70bc070ec50e93ec4f670a178007281fc5
"hangul_1655_20260929T131203627Z_539112ec.jpg","줅",1655,,,pending_review,"P008","S01","2026-09-29T13:12:03.6271381Z",64,64,jpeg,5c7b367099e48f200c3c060a0b938d70bc070ec50e93ec4f670a178007281fc5
"hangul_1656_20260929T131206864Z_98c21bf2.jpg","줆",1656,,,pending_review,"P008","S01","2026-09-29T13:12:06.8644041Z",64,64,jpeg,5c7b367099e48f200c3c060a0b938d70bc070ec50e93ec4f670a178007281fc5
"hangul_1656_20260929T131225303Z_d86b71df.jpg","줆",1656,,,pending_review,"P008","S01","2026-09-29T13:12:25.3036354Z",64,64,jpeg,5c7b367099e48f200c3c060a0b938d70bc070ec50e93ec4f670a178007281fc5
"hangul_1657_20260929T131230615Z_aa5e5016.jpg","줌",1657,,,pending_review,"P008","S01","2026-09-29T13:12:30.6151539Z",64,64,jpeg,5c7b367099e48f200c3c060a0b938d70bc070ec50e93ec4f670a178007281fc5
"hangul_1658_20260929T131237023Z_50b6350c.jpg","줍",1658,,,pending_review,"P008","S01","2026-09-29T13:12:37.0231794Z",64,64,jpeg,5c7b367099e48f200c3c060a0b938d70bc070ec50e93ec4f670a178007281fc5
"hangul_1659_20260929T131243932Z_4eec66fd.jpg","줏",1659,,,pending_review,"P008","S01","2026-09-29T13:12:43.9328017Z",64,64,jpeg,5c7b367099e48f200c3c060a0b938d70bc070ec50e93ec4f670a178007281fc5
"hangul_1660_20260929T131248454Z_5cf807f4.jpg","중",1660,,,pending_review,"P008","S01","2026-09-29T13:12:48.4542834Z",64,64,jpeg,5c7b367099e48f200c3c060a0b938d70bc070ec50e93ec4f670a178007281fc5
"hangul_1661_20260929T131253496Z_a81be3b6.jpg","줘",1661,,,pending_review,"P008","S01","2026-09-29T13:12:53.4965047Z",64,64,jpeg,5c7b367099e48f200c3c060a0b938d70bc070ec50e93ec4f670a178007281fc5
"hangul_1662_20260929T131258592Z_2f108e1c.jpg","줬",1662,,,pending_review,"P008","S01","2026-09-29T13:12:58.5924961Z",64,64,jpeg,5c7b367099e48f200c3c060a0b938d70bc070ec50e93ec4f670a178007281fc5
"hangul_1663_20260929T131303162Z_be691331.jpg","줴",1663,,,pending_review,"P008","S01","2026-09-29T13:13:03.1628878Z",64,64,jpeg,5c7b367099e48f200c3c060a0b938d70bc070ec50e93ec4f670a178007281fc5
"hangul_1664_20260929T131307558Z_04a46ba2.jpg","쥐",1664,,,pending_review,"P008","S01","2026-09-29T13:13:07.5582209Z",64,64,jpeg,5c7b367099e48f200c3c060a0b938d70bc070ec50e93ec4f670a178007281fc5
"hangul_1665_20260929T131311470Z_b005c705.jpg","쥑",1665,,,pending_review,"P008","S01","2026-09-29T13:13:11.4700191Z",64,64,jpeg,5c7b367099e48f200c3c060a0b938d70bc070ec50e93ec4f670a178007281fc5
"hangul_1666_20260929T131315194Z_1303d616.jpg","쥔",1666,,,pending_review,"P008","S01","2026-09-29T13:13:15.1943323Z",64,64,jpeg,5c7b367099e48f200c3c060a0b938d70bc070ec50e93ec4f670a178007281fc5
"hangul_1667_20260929T131319812Z_48683aa0.jpg","쥘",1667,,,pending_review,"P008","S01","2026-09-29T13:13:19.8122748Z",64,64,jpeg,5c7b367099e48f200c3c060a0b938d70bc070ec50e93ec4f670a178007281fc5
"hangul_1668_20260929T131324432Z_ef80d2e8.jpg","쥠",1668,,,pending_review,"P008","S01","2026-09-29T13:13:24.4329393Z",64,64,jpeg,5c7b367099e48f200c3c060a0b938d70bc070ec50e93ec4f670a178007281fc5
"hangul_1669_20260929T131329955Z_ea7a53a0.jpg","쥡",1669,,,pending_review,"P008","S01","2026-09-29T13:13:29.9556027Z",64,64,jpeg,5c7b367099e48f200c3c060a0b938d70bc070ec50e93ec4f670a178007281fc5
"hangul_1670_20260929T131334085Z_56607159.jpg","쥣",1670,,,pending_review,"P008","S01","2026-09-29T13:13:34.0852971Z",64,64,jpeg,5c7b367099e48f200c3c060a0b938d70bc070ec50e93ec4f670a178007281fc5
"hangul_1671_20260929T131337566Z_bbb80053.jpg","쥬",1671,,,pending_review,"P008","S01","2026-09-29T13:13:37.5667657Z",64,64,jpeg,5c7b367099e48f200c3c060a0b938d70bc070ec50e93ec4f670a178007281fc5
"hangul_1672_20260929T131341686Z_ac73cf01.jpg","쥰",1672,,,pending_review,"P008","S01","2026-09-29T13:13:41.6860971Z",64,64,jpeg,5c7b367099e48f200c3c060a0b938d70bc070ec50e93ec4f670a178007281fc5
"hangul_1673_20260929T131346103Z_29bb5950.jpg","쥴",1673,,,pending_review,"P008","S01","2026-09-29T13:13:46.1034681Z",64,64,jpeg,5c7b367099e48f200c3c060a0b938d70bc070ec50e93ec4f670a178007281fc5
"hangul_1674_20260929T131351363Z_23dccdbe.jpg","쥼",1674,,,pending_review,"P008","S01","2026-09-29T13:13:51.3639283Z",64,64,jpeg,5c7b367099e48f200c3c060a0b938d70bc070ec50e93ec4f670a178007281fc5
"hangul_1675_20260929T131354104Z_d09ec158.jpg","즈",1675,,,pending_review,"P008","S01","2026-09-29T13:13:54.1046062Z",64,64,jpeg,5c7b367099e48f200c3c060a0b938d70bc070ec50e93ec4f670a178007281fc5
"hangul_1676_20260929T131357274Z_7d1ac5e1.jpg","즉",1676,,,pending_review,"P008","S01","2026-09-29T13:13:57.2742607Z",64,64,jpeg,5c7b367099e48f200c3c060a0b938d70bc070ec50e93ec4f670a178007281fc5
"hangul_1677_20260929T131400296Z_90ef1cfc.jpg","즌",1677,,,pending_review,"P008","S01","2026-09-29T13:14:00.2966304Z",64,64,jpeg,5c7b367099e48f200c3c060a0b938d70bc070ec50e93ec4f670a178007281fc5
"hangul_1678_20260929T131405485Z_da9a6d1a.jpg","즐",1678,,,pending_review,"P008","S01","2026-09-29T13:14:05.4856385Z",64,64,jpeg,5c7b367099e48f200c3c060a0b938d70bc070ec50e93ec4f670a178007281fc5
"hangul_1679_20260929T131409492Z_dab4ec67.jpg","즘",1679,,,pending_review,"P008","S01","2026-09-29T13:14:09.4927776Z",64,64,jpeg,5c7b367099e48f200c3c060a0b938d70bc070ec50e93ec4f670a178007281fc5
"hangul_1680_20260929T131413286Z_9d77a045.jpg","즙",1680,,,pending_review,"P008","S01","2026-09-29T13:14:13.2862252Z",64,64,jpeg,5c7b367099e48f200c3c060a0b938d70bc070ec50e93ec4f670a178007281fc5
"hangul_1681_20260929T131416574Z_58e474ec.jpg","즛",1681,,,pending_review,"P008","S01","2026-09-29T13:14:16.5747049Z",64,64,jpeg,5c7b367099e48f200c3c060a0b938d70bc070ec50e93ec4f670a178007281fc5
"hangul_1682_20260929T131422362Z_dad8bdbb.jpg","증",1682,,,pending_review,"P008","S01","2026-09-29T13:14:22.3622280Z",64,64,jpeg,5c7b367099e48f200c3c060a0b938d70bc070ec50e93ec4f670a178007281fc5
"hangul_1683_20260929T131427517Z_d4b705f2.jpg","지",1683,,,pending_review,"P008","S01","2026-09-29T13:14:27.5172718Z",64,64,jpeg,5c7b367099e48f200c3c060a0b938d70bc070ec50e93ec4f670a178007281fc5
"hangul_1684_20260929T131430606Z_c57230da.jpg","직",1684,,,pending_review,"P008","S01","2026-09-29T13:14:30.6065885Z",64,64,jpeg,5c7b367099e48f200c3c060a0b938d70bc070ec50e93ec4f670a178007281fc5
"hangul_1685_20260929T131433462Z_000eabc5.jpg","진",1685,,,pending_review,"P008","S01","2026-09-29T13:14:33.4625205Z",64,64,jpeg,5c7b367099e48f200c3c060a0b938d70bc070ec50e93ec4f670a178007281fc5
"hangul_1686_20260929T131436696Z_b66ce126.jpg","짇",1686,,,pending_review,"P008","S01","2026-09-29T13:14:36.6961799Z",64,64,jpeg,5c7b367099e48f200c3c060a0b938d70bc070ec50e93ec4f670a178007281fc5
"hangul_1687_20260929T131440011Z_263afa57.jpg","질",1687,,,pending_review,"P008","S01","2026-09-29T13:14:40.0117755Z",64,64,jpeg,5c7b367099e48f200c3c060a0b938d70bc070ec50e93ec4f670a178007281fc5
"hangul_1688_20260929T131444709Z_b1f8f195.jpg","짊",1688,,,pending_review,"P008","S01","2026-09-29T13:14:44.7091988Z",64,64,jpeg,5c7b367099e48f200c3c060a0b938d70bc070ec50e93ec4f670a178007281fc5
"hangul_1689_20260929T131448305Z_9a8561c3.jpg","짐",1689,,,pending_review,"P008","S01","2026-09-29T13:14:48.3050892Z",64,64,jpeg,5c7b367099e48f200c3c060a0b938d70bc070ec50e93ec4f670a178007281fc5
"hangul_1690_20260929T131451873Z_2fc82353.jpg","집",1690,,,pending_review,"P008","S01","2026-09-29T13:14:51.8739372Z",64,64,jpeg,5c7b367099e48f200c3c060a0b938d70bc070ec50e93ec4f670a178007281fc5
"hangul_1691_20260929T131454858Z_3fdd1be2.jpg","짓",1691,,,pending_review,"P008","S01","2026-09-29T13:14:54.8584441Z",64,64,jpeg,5c7b367099e48f200c3c060a0b938d70bc070ec50e93ec4f670a178007281fc5
"hangul_1692_20260929T131457900Z_635d80cd.jpg","징",1692,,,pending_review,"P008","S01","2026-09-29T13:14:57.9006527Z",64,64,jpeg,5c7b367099e48f200c3c060a0b938d70bc070ec50e93ec4f670a178007281fc5
"hangul_1693_20260929T131501058Z_cd39e04a.jpg","짖",1693,,,pending_review,"P008","S01","2026-09-29T13:15:01.0583939Z",64,64,jpeg,5c7b367099e48f200c3c060a0b938d70bc070ec50e93ec4f670a178007281fc5
"hangul_1694_20260929T131505067Z_d7545132.jpg","짙",1694,,,pending_review,"P008","S01","2026-09-29T13:15:05.0673281Z",64,64,jpeg,5c7b367099e48f200c3c060a0b938d70bc070ec50e93ec4f670a178007281fc5
"hangul_1695_20260929T131510726Z_42e0eeaa.jpg","짚",1695,,,pending_review,"P008","S01","2026-09-29T13:15:10.7266927Z",64,64,jpeg,5c7b367099e48f200c3c060a0b938d70bc070ec50e93ec4f670a178007281fc5
"hangul_1696_20260929T131516196Z_8cc32a3c.jpg","짜",1696,,,pending_review,"P008","S01","2026-09-29T13:15:16.1964136Z",64,64,jpeg,5c7b367099e48f200c3c060a0b938d70bc070ec50e93ec4f670a178007281fc5
"hangul_1697_20260929T131520474Z_b953307d.jpg","짝",1697,,,pending_review,"P008","S01","2026-09-29T13:15:20.4746265Z",64,64,jpeg,5c7b367099e48f200c3c060a0b938d70bc070ec50e93ec4f670a178007281fc5
"hangul_1698_20260929T131524654Z_bc6ebc7d.jpg","짠",1698,,,pending_review,"P008","S01","2026-09-29T13:15:24.6544059Z",64,64,jpeg,5c7b367099e48f200c3c060a0b938d70bc070ec50e93ec4f670a178007281fc5
"hangul_1699_20260929T131530568Z_5b12d7bf.jpg","짢",1699,,,pending_review,"P008","S01","2026-09-29T13:15:30.5682857Z",64,64,jpeg,5c7b367099e48f200c3c060a0b938d70bc070ec50e93ec4f670a178007281fc5
"hangul_1700_20260929T131536361Z_658e8b11.jpg","짤",1700,,,pending_review,"P008","S01","2026-09-29T13:15:36.3613415Z",64,64,jpeg,5c7b367099e48f200c3c060a0b938d70bc070ec50e93ec4f670a178007281fc5
"hangul_1701_20260929T131542367Z_6771c8eb.jpg","짧",1701,,,pending_review,"P008","S01","2026-09-29T13:15:42.3678008Z",64,64,jpeg,5c7b367099e48f200c3c060a0b938d70bc070ec50e93ec4f670a178007281fc5
"hangul_1702_20260929T131548520Z_4b075ad2.jpg","짬",1702,,,pending_review,"P008","S01","2026-09-29T13:15:48.5206775Z",64,64,jpeg,5c7b367099e48f200c3c060a0b938d70bc070ec50e93ec4f670a178007281fc5
"hangul_1703_20260929T131553450Z_bb3478b4.jpg","짭",1703,,,pending_review,"P008","S01","2026-09-29T13:15:53.4508804Z",64,64,jpeg,5c7b367099e48f200c3c060a0b938d70bc070ec50e93ec4f670a178007281fc5
"hangul_1704_20260929T131557971Z_9d2a505f.jpg","짯",1704,,,pending_review,"P008","S01","2026-09-29T13:15:57.9711976Z",64,64,jpeg,5c7b367099e48f200c3c060a0b938d70bc070ec50e93ec4f670a178007281fc5
"hangul_1705_20260929T131602778Z_4e93759a.jpg","짰",1705,,,pending_review,"P008","S01","2026-09-29T13:16:02.7781177Z",64,64,jpeg,5c7b367099e48f200c3c060a0b938d70bc070ec50e93ec4f670a178007281fc5
"hangul_1706_20260929T131606773Z_9ff99243.jpg","짱",1706,,,pending_review,"P008","S01","2026-09-29T13:16:06.7730348Z",64,64,jpeg,5c7b367099e48f200c3c060a0b938d70bc070ec50e93ec4f670a178007281fc5
"hangul_1707_20260929T131612575Z_ef5f6a58.jpg","째",1707,,,pending_review,"P008","S01","2026-09-29T13:16:12.5755301Z",64,64,jpeg,5c7b367099e48f200c3c060a0b938d70bc070ec50e93ec4f670a178007281fc5
"hangul_1708_20260929T131617087Z_b6704f60.jpg","짹",1708,,,pending_review,"P008","S01","2026-09-29T13:16:17.0879753Z",64,64,jpeg,5c7b367099e48f200c3c060a0b938d70bc070ec50e93ec4f670a178007281fc5
"hangul_1709_20260929T131621686Z_12e724ee.jpg","짼",1709,,,pending_review,"P008","S01","2026-09-29T13:16:21.6861328Z",64,64,jpeg,5c7b367099e48f200c3c060a0b938d70bc070ec50e93ec4f670a178007281fc5
"hangul_1710_20260929T131626821Z_6f58b6d1.jpg","쨀",1710,,,pending_review,"P008","S01","2026-09-29T13:16:26.8214077Z",64,64,jpeg,5c7b367099e48f200c3c060a0b938d70bc070ec50e93ec4f670a178007281fc5
"hangul_1711_20260929T131632263Z_3bdfb643.jpg","쨈",1711,,,pending_review,"P008","S01","2026-09-29T13:16:32.2630422Z",64,64,jpeg,5c7b367099e48f200c3c060a0b938d70bc070ec50e93ec4f670a178007281fc5
"hangul_1712_20260929T131638436Z_3d4642d3.jpg","쨉",1712,,,pending_review,"P008","S01","2026-09-29T13:16:38.4361309Z",64,64,jpeg,5c7b367099e48f200c3c060a0b938d70bc070ec50e93ec4f670a178007281fc5
"hangul_1713_20260929T131643293Z_11487407.jpg","쨋",1713,,,pending_review,"P008","S01","2026-09-29T13:16:43.2933952Z",64,64,jpeg,5c7b367099e48f200c3c060a0b938d70bc070ec50e93ec4f670a178007281fc5
"hangul_1714_20260929T131648645Z_59388435.jpg","쨌",1714,,,pending_review,"P008","S01","2026-09-29T13:16:48.6453026Z",64,64,jpeg,5c7b367099e48f200c3c060a0b938d70bc070ec50e93ec4f670a178007281fc5
"hangul_1715_20260929T131653955Z_fbbceec5.jpg","쨍",1715,,,pending_review,"P008","S01","2026-09-29T13:16:53.9553075Z",64,64,jpeg,5c7b367099e48f200c3c060a0b938d70bc070ec50e93ec4f670a178007281fc5
"hangul_1716_20260929T131658586Z_3cd01eb8.jpg","쨔",1716,,,pending_review,"P008","S01","2026-09-29T13:16:58.5868758Z",64,64,jpeg,5c7b367099e48f200c3c060a0b938d70bc070ec50e93ec4f670a178007281fc5
"hangul_1717_20260929T131703654Z_7b5ad15b.jpg","쨘",1717,,,pending_review,"P008","S01","2026-09-29T13:17:03.6545692Z",64,64,jpeg,5c7b367099e48f200c3c060a0b938d70bc070ec50e93ec4f670a178007281fc5
"hangul_1718_20260929T131708807Z_719a5259.jpg","쨩",1718,,,pending_review,"P008","S01","2026-09-29T13:17:08.8070121Z",64,64,jpeg,5c7b367099e48f200c3c060a0b938d70bc070ec50e93ec4f670a178007281fc5
"hangul_1719_20260929T131715248Z_be56b0ec.jpg","쩌",1719,,,pending_review,"P008","S01","2026-09-29T13:17:15.2483774Z",64,64,jpeg,5c7b367099e48f200c3c060a0b938d70bc070ec50e93ec4f670a178007281fc5
"hangul_1720_20260929T131721605Z_2935f897.jpg","쩍",1720,,,pending_review,"P008","S01","2026-09-29T13:17:21.6059645Z",64,64,jpeg,5c7b367099e48f200c3c060a0b938d70bc070ec50e93ec4f670a178007281fc5
"hangul_1721_20260929T131727134Z_58b93c29.jpg","쩐",1721,,,pending_review,"P008","S01","2026-09-29T13:17:27.1343854Z",64,64,jpeg,5c7b367099e48f200c3c060a0b938d70bc070ec50e93ec4f670a178007281fc5
"hangul_1722_20260929T131733711Z_ae35b51f.jpg","쩔",1722,,,pending_review,"P008","S01","2026-09-29T13:17:33.7113980Z",64,64,jpeg,5c7b367099e48f200c3c060a0b938d70bc070ec50e93ec4f670a178007281fc5
"hangul_1723_20260929T131741216Z_1df4b075.jpg","쩜",1723,,,pending_review,"P008","S01","2026-09-29T13:17:41.2161645Z",64,64,jpeg,5c7b367099e48f200c3c060a0b938d70bc070ec50e93ec4f670a178007281fc5
"hangul_1724_20260929T131746600Z_697e2f03.jpg","쩝",1724,,,pending_review,"P008","S01","2026-09-29T13:17:46.6002691Z",64,64,jpeg,5c7b367099e48f200c3c060a0b938d70bc070ec50e93ec4f670a178007281fc5
"hangul_1725_20260929T131752468Z_e142179b.jpg","쩟",1725,,,pending_review,"P008","S01","2026-09-29T13:17:52.4686539Z",64,64,jpeg,5c7b367099e48f200c3c060a0b938d70bc070ec50e93ec4f670a178007281fc5
"hangul_1726_20260929T131757602Z_ef0fced7.jpg","쩠",1726,,,pending_review,"P008","S01","2026-09-29T13:17:57.6020997Z",64,64,jpeg,5c7b367099e48f200c3c060a0b938d70bc070ec50e93ec4f670a178007281fc5
"hangul_1727_20260929T131802225Z_466e509b.jpg","쩡",1727,,,pending_review,"P008","S01","2026-09-29T13:18:02.2252820Z",64,64,jpeg,5c7b367099e48f200c3c060a0b938d70bc070ec50e93ec4f670a178007281fc5
"hangul_1728_20260929T131806339Z_99ca71b2.jpg","쩨",1728,,,pending_review,"P008","S01","2026-09-29T13:18:06.3392010Z",64,64,jpeg,5c7b367099e48f200c3c060a0b938d70bc070ec50e93ec4f670a178007281fc5
"hangul_1729_20260929T131814542Z_a13dcadd.jpg","쩽",1729,,,pending_review,"P008","S01","2026-09-29T13:18:14.5426451Z",64,64,jpeg,5c7b367099e48f200c3c060a0b938d70bc070ec50e93ec4f670a178007281fc5
"hangul_1730_20260929T131820702Z_bd9b0ed3.jpg","쪄",1730,,,pending_review,"P008","S01","2026-09-29T13:18:20.7022343Z",64,64,jpeg,5c7b367099e48f200c3c060a0b938d70bc070ec50e93ec4f670a178007281fc5
"hangul_1731_20260929T131826221Z_a60f8213.jpg","쪘",1731,,,pending_review,"P008","S01","2026-09-29T13:18:26.2219510Z",64,64,jpeg,5c7b367099e48f200c3c060a0b938d70bc070ec50e93ec4f670a178007281fc5
"hangul_1732_20260929T131831444Z_96e34d8e.jpg","쪼",1732,,,pending_review,"P008","S01","2026-09-29T13:18:31.4441548Z",64,64,jpeg,5c7b367099e48f200c3c060a0b938d70bc070ec50e93ec4f670a178007281fc5
"hangul_1733_20260929T131835877Z_bff6a5c0.jpg","쪽",1733,,,pending_review,"P008","S01","2026-09-29T13:18:35.8779947Z",64,64,jpeg,5c7b367099e48f200c3c060a0b938d70bc070ec50e93ec4f670a178007281fc5
"hangul_1733_20260929T131841227Z_8ea9f205.jpg","쪽",1733,,,pending_review,"P008","S01","2026-09-29T13:18:41.2278637Z",64,64,jpeg,5c7b367099e48f200c3c060a0b938d70bc070ec50e93ec4f670a178007281fc5
"hangul_1734_20260929T131846274Z_5c3e29a2.jpg","쫀",1734,,,pending_review,"P008","S01","2026-09-29T13:18:46.2745124Z",64,64,jpeg,5c7b367099e48f200c3c060a0b938d70bc070ec50e93ec4f670a178007281fc5
"hangul_1735_20260929T131851586Z_381b769d.jpg","쫄",1735,,,pending_review,"P008","S01","2026-09-29T13:18:51.5868991Z",64,64,jpeg,5c7b367099e48f200c3c060a0b938d70bc070ec50e93ec4f670a178007281fc5
"hangul_1736_20260929T131857315Z_ada356a3.jpg","쫌",1736,,,pending_review,"P008","S01","2026-09-29T13:18:57.3158412Z",64,64,jpeg,5c7b367099e48f200c3c060a0b938d70bc070ec50e93ec4f670a178007281fc5
"hangul_1737_20260929T131902868Z_76824465.jpg","쫍",1737,,,pending_review,"P008","S01","2026-09-29T13:19:02.8683544Z",64,64,jpeg,5c7b367099e48f200c3c060a0b938d70bc070ec50e93ec4f670a178007281fc5
"hangul_1738_20260929T131907612Z_a84e4e2a.jpg","쫏",1738,,,pending_review,"P008","S01","2026-09-29T13:19:07.6127580Z",64,64,jpeg,5c7b367099e48f200c3c060a0b938d70bc070ec50e93ec4f670a178007281fc5
"hangul_1739_20260929T131913381Z_fbb55550.jpg","쫑",1739,,,pending_review,"P008","S01","2026-09-29T13:19:13.3816521Z",64,64,jpeg,5c7b367099e48f200c3c060a0b938d70bc070ec50e93ec4f670a178007281fc5
"hangul_1740_20260929T131921209Z_6dafcbe7.jpg","쫓",1740,,,pending_review,"P008","S01","2026-09-29T13:19:21.2091087Z",64,64,jpeg,5c7b367099e48f200c3c060a0b938d70bc070ec50e93ec4f670a178007281fc5
"hangul_1741_20260929T131929138Z_2f6f4ffa.jpg","쫘",1741,,,pending_review,"P008","S01","2026-09-29T13:19:29.1384162Z",64,64,jpeg,5c7b367099e48f200c3c060a0b938d70bc070ec50e93ec4f670a178007281fc5
"hangul_1742_20260929T131935905Z_9c571c5c.jpg","쫙",1742,,,pending_review,"P008","S01","2026-09-29T13:19:35.9053910Z",64,64,jpeg,5c7b367099e48f200c3c060a0b938d70bc070ec50e93ec4f670a178007281fc5
"hangul_1743_20260929T131943181Z_6c9701cf.jpg","쫠",1743,,,pending_review,"P008","S01","2026-09-29T13:19:43.1810578Z",64,64,jpeg,5c7b367099e48f200c3c060a0b938d70bc070ec50e93ec4f670a178007281fc5
"hangul_1744_20260929T131955652Z_d586b3b7.jpg","쫬",1744,,,pending_review,"P008","S01","2026-09-29T13:19:55.6529276Z",64,64,jpeg,5c7b367099e48f200c3c060a0b938d70bc070ec50e93ec4f670a178007281fc5
"hangul_1745_20260929T132002164Z_1bfb7bd8.jpg","쫴",1745,,,pending_review,"P008","S01","2026-09-29T13:20:02.1642790Z",64,64,jpeg,5c7b367099e48f200c3c060a0b938d70bc070ec50e93ec4f670a178007281fc5
"hangul_1745_20260929T132011825Z_3b0659c6.jpg","쫴",1745,,,pending_review,"P008","S01","2026-09-29T13:20:11.8258305Z",64,64,jpeg,5c7b367099e48f200c3c060a0b938d70bc070ec50e93ec4f670a178007281fc5
"hangul_1746_20260929T132018343Z_64713c5e.jpg","쬈",1746,,,pending_review,"P008","S01","2026-09-29T13:20:18.3430470Z",64,64,jpeg,5c7b367099e48f200c3c060a0b938d70bc070ec50e93ec4f670a178007281fc5
"hangul_1747_20260929T132024266Z_f36698e2.jpg","쬐",1747,,,pending_review,"P008","S01","2026-09-29T13:20:24.2668839Z",64,64,jpeg,5c7b367099e48f200c3c060a0b938d70bc070ec50e93ec4f670a178007281fc5
"hangul_1748_20260929T132030424Z_b0cd286e.jpg","쬔",1748,,,pending_review,"P008","S01","2026-09-29T13:20:30.4244650Z",64,64,jpeg,5c7b367099e48f200c3c060a0b938d70bc070ec50e93ec4f670a178007281fc5
"hangul_1749_20260929T132040091Z_1723cba2.jpg","쬘",1749,,,pending_review,"P008","S01","2026-09-29T13:20:40.0917229Z",64,64,jpeg,5c7b367099e48f200c3c060a0b938d70bc070ec50e93ec4f670a178007281fc5
"hangul_1750_20260929T132046740Z_b412f3d2.jpg","쬠",1750,,,pending_review,"P008","S01","2026-09-29T13:20:46.7402585Z",64,64,jpeg,5c7b367099e48f200c3c060a0b938d70bc070ec50e93ec4f670a178007281fc5
"hangul_1751_20260929T132052662Z_7e175404.jpg","쬡",1751,,,pending_review,"P008","S01","2026-09-29T13:20:52.6622728Z",64,64,jpeg,5c7b367099e48f200c3c060a0b938d70bc070ec50e93ec4f670a178007281fc5
"hangul_1752_20260929T132057931Z_cf7b362b.jpg","쭁",1752,,,pending_review,"P008","S01","2026-09-29T13:20:57.9317014Z",64,64,jpeg,5c7b367099e48f200c3c060a0b938d70bc070ec50e93ec4f670a178007281fc5
"hangul_1753_20260929T132102015Z_af4e2fb0.jpg","쭈",1753,,,pending_review,"P008","S01","2026-09-29T13:21:02.0150755Z",64,64,jpeg,5c7b367099e48f200c3c060a0b938d70bc070ec50e93ec4f670a178007281fc5
"hangul_1754_20260929T132109119Z_b9efc065.jpg","쭉",1754,,,pending_review,"P008","S01","2026-09-29T13:21:09.1199833Z",64,64,jpeg,5c7b367099e48f200c3c060a0b938d70bc070ec50e93ec4f670a178007281fc5
"hangul_1755_20260929T132116008Z_09990283.jpg","쭌",1755,,,pending_review,"P008","S01","2026-09-29T13:21:16.0080666Z",64,64,jpeg,5c7b367099e48f200c3c060a0b938d70bc070ec50e93ec4f670a178007281fc5
"hangul_1756_20260929T132121783Z_cd1e096e.jpg","쭐",1756,,,pending_review,"P008","S01","2026-09-29T13:21:21.7834799Z",64,64,jpeg,5c7b367099e48f200c3c060a0b938d70bc070ec50e93ec4f670a178007281fc5
"hangul_1757_20260929T132127745Z_965b772b.jpg","쭘",1757,,,pending_review,"P008","S01","2026-09-29T13:21:27.7450915Z",64,64,jpeg,5c7b367099e48f200c3c060a0b938d70bc070ec50e93ec4f670a178007281fc5
"hangul_1758_20260929T132132661Z_ff5aeab5.jpg","쭙",1758,,,pending_review,"P008","S01","2026-09-29T13:21:32.6615215Z",64,64,jpeg,5c7b367099e48f200c3c060a0b938d70bc070ec50e93ec4f670a178007281fc5
"hangul_1759_20260929T132141393Z_82b891a9.jpg","쭝",1759,,,pending_review,"P008","S01","2026-09-29T13:21:41.3933474Z",64,64,jpeg,5c7b367099e48f200c3c060a0b938d70bc070ec50e93ec4f670a178007281fc5
"hangul_1760_20260929T132146548Z_6ca08798.jpg","쭤",1760,,,pending_review,"P008","S01","2026-09-29T13:21:46.5483397Z",64,64,jpeg,5c7b367099e48f200c3c060a0b938d70bc070ec50e93ec4f670a178007281fc5
"hangul_1761_20260929T132158520Z_c48361d4.jpg","쭸",1761,,,pending_review,"P008","S01","2026-09-29T13:21:58.5204071Z",64,64,jpeg,5c7b367099e48f200c3c060a0b938d70bc070ec50e93ec4f670a178007281fc5
"hangul_1762_20260929T132205739Z_1a00849b.jpg","쭹",1762,,,pending_review,"P008","S01","2026-09-29T13:22:05.7390302Z",64,64,jpeg,5c7b367099e48f200c3c060a0b938d70bc070ec50e93ec4f670a178007281fc5
"hangul_1763_20260929T132212926Z_42dfbd9e.jpg","쮜",1763,,,pending_review,"P008","S01","2026-09-29T13:22:12.9266674Z",64,64,jpeg,5c7b367099e48f200c3c060a0b938d70bc070ec50e93ec4f670a178007281fc5
"hangul_1764_20260929T132218345Z_d2e98409.jpg","쮸",1764,,,pending_review,"P008","S01","2026-09-29T13:22:18.3459399Z",64,64,jpeg,5c7b367099e48f200c3c060a0b938d70bc070ec50e93ec4f670a178007281fc5
"hangul_1765_20260929T132222397Z_d353d67d.jpg","쯔",1765,,,pending_review,"P008","S01","2026-09-29T13:22:22.3978038Z",64,64,jpeg,5c7b367099e48f200c3c060a0b938d70bc070ec50e93ec4f670a178007281fc5
"hangul_1766_20260929T132228820Z_906cdadf.jpg","쯤",1766,,,pending_review,"P008","S01","2026-09-29T13:22:28.8206609Z",64,64,jpeg,5c7b367099e48f200c3c060a0b938d70bc070ec50e93ec4f670a178007281fc5
"hangul_1767_20260929T132234617Z_b2d934d9.jpg","쯧",1767,,,pending_review,"P008","S01","2026-09-29T13:22:34.6173952Z",64,64,jpeg,5c7b367099e48f200c3c060a0b938d70bc070ec50e93ec4f670a178007281fc5
"hangul_1768_20260929T132239707Z_dde2c7bf.jpg","쯩",1768,,,pending_review,"P008","S01","2026-09-29T13:22:39.7071063Z",64,64,jpeg,5c7b367099e48f200c3c060a0b938d70bc070ec50e93ec4f670a178007281fc5
"hangul_1769_20260929T132244340Z_ce77bdfb.jpg","찌",1769,,,pending_review,"P008","S01","2026-09-29T13:22:44.3400781Z",64,64,jpeg,5c7b367099e48f200c3c060a0b938d70bc070ec50e93ec4f670a178007281fc5
"hangul_1770_20260929T132249129Z_6379f6ba.jpg","찍",1770,,,pending_review,"P008","S01","2026-09-29T13:22:49.1298825Z",64,64,jpeg,5c7b367099e48f200c3c060a0b938d70bc070ec50e93ec4f670a178007281fc5
"hangul_1771_20260929T132253876Z_20ab37b3.jpg","찐",1771,,,pending_review,"P008","S01","2026-09-29T13:22:53.8768898Z",64,64,jpeg,5c7b367099e48f200c3c060a0b938d70bc070ec50e93ec4f670a178007281fc5
"hangul_1772_20260929T132259055Z_1159042b.jpg","찔",1772,,,pending_review,"P008","S01","2026-09-29T13:22:59.0555516Z",64,64,jpeg,5c7b367099e48f200c3c060a0b938d70bc070ec50e93ec4f670a178007281fc5
"hangul_1773_20260929T132305388Z_3bbc72c6.jpg","찜",1773,,,pending_review,"P008","S01","2026-09-29T13:23:05.3887487Z",64,64,jpeg,5c7b367099e48f200c3c060a0b938d70bc070ec50e93ec4f670a178007281fc5
"hangul_1774_20260929T132310895Z_f551453d.jpg","찝",1774,,,pending_review,"P008","S01","2026-09-29T13:23:10.8959370Z",64,64,jpeg,5c7b367099e48f200c3c060a0b938d70bc070ec50e93ec4f670a178007281fc5
"hangul_1775_20260929T132315317Z_2dbd60ea.jpg","찡",1775,,,pending_review,"P008","S01","2026-09-29T13:23:15.3177011Z",64,64,jpeg,5c7b367099e48f200c3c060a0b938d70bc070ec50e93ec4f670a178007281fc5
"hangul_1776_20260929T132321792Z_5104137b.jpg","찢",1776,,,pending_review,"P008","S01","2026-09-29T13:23:21.7924138Z",64,64,jpeg,5c7b367099e48f200c3c060a0b938d70bc070ec50e93ec4f670a178007281fc5
"hangul_1777_20260929T132326995Z_febd1f17.jpg","찧",1777,,,pending_review,"P008","S01","2026-09-29T13:23:26.9951594Z",64,64,jpeg,5c7b367099e48f200c3c060a0b938d70bc070ec50e93ec4f670a178007281fc5
"hangul_1778_20260929T132330454Z_bde4a0fe.jpg","차",1778,,,pending_review,"P008","S01","2026-09-29T13:23:30.4548705Z",64,64,jpeg,5c7b367099e48f200c3c060a0b938d70bc070ec50e93ec4f670a178007281fc5
"hangul_1778_20260929T132333904Z_fcd20aa0.jpg","차",1778,,,pending_review,"P008","S01","2026-09-29T13:23:33.9044914Z",64,64,jpeg,5c7b367099e48f200c3c060a0b938d70bc070ec50e93ec4f670a178007281fc5
"hangul_1779_20260929T132337745Z_2195262e.jpg","착",1779,,,pending_review,"P008","S01","2026-09-29T13:23:37.7453836Z",64,64,jpeg,5c7b367099e48f200c3c060a0b938d70bc070ec50e93ec4f670a178007281fc5
"hangul_1780_20260929T132341852Z_58d15160.jpg","찬",1780,,,pending_review,"P008","S01","2026-09-29T13:23:41.8526716Z",64,64,jpeg,5c7b367099e48f200c3c060a0b938d70bc070ec50e93ec4f670a178007281fc5
"hangul_1781_20260929T132348682Z_2a7f5c2d.jpg","찮",1781,,,pending_review,"P008","S01","2026-09-29T13:23:48.6829079Z",64,64,jpeg,5c7b367099e48f200c3c060a0b938d70bc070ec50e93ec4f670a178007281fc5
"hangul_1782_20260929T132359694Z_25408858.jpg","찰",1782,,,pending_review,"P008","S01","2026-09-29T13:23:59.6949161Z",64,64,jpeg,5c7b367099e48f200c3c060a0b938d70bc070ec50e93ec4f670a178007281fc5
"hangul_1783_20260929T132404786Z_1ab6be76.jpg","참",1783,,,pending_review,"P008","S01","2026-09-29T13:24:04.7865462Z",64,64,jpeg,5c7b367099e48f200c3c060a0b938d70bc070ec50e93ec4f670a178007281fc5
"hangul_1784_20260929T132411992Z_e36f6eb0.jpg","찹",1784,,,pending_review,"P008","S01","2026-09-29T13:24:11.9923023Z",64,64,jpeg,5c7b367099e48f200c3c060a0b938d70bc070ec50e93ec4f670a178007281fc5
"hangul_1785_20260929T132418457Z_e74d40b3.jpg","찻",1785,,,pending_review,"P008","S01","2026-09-29T13:24:18.4572024Z",64,64,jpeg,5c7b367099e48f200c3c060a0b938d70bc070ec50e93ec4f670a178007281fc5
"hangul_1786_20260929T132423328Z_fea732d4.jpg","찼",1786,,,pending_review,"P008","S01","2026-09-29T13:24:23.3284316Z",64,64,jpeg,5c7b367099e48f200c3c060a0b938d70bc070ec50e93ec4f670a178007281fc5
"hangul_1787_20260929T132427616Z_cc86c043.jpg","창",1787,,,pending_review,"P008","S01","2026-09-29T13:24:27.6165409Z",64,64,jpeg,5c7b367099e48f200c3c060a0b938d70bc070ec50e93ec4f670a178007281fc5
"hangul_1788_20260929T132431823Z_6472a816.jpg","찾",1788,,,pending_review,"P008","S01","2026-09-29T13:24:31.8233871Z",64,64,jpeg,5c7b367099e48f200c3c060a0b938d70bc070ec50e93ec4f670a178007281fc5
"hangul_1789_20260929T132437074Z_4a05b252.jpg","채",1789,,,pending_review,"P008","S01","2026-09-29T13:24:37.0748213Z",64,64,jpeg,5c7b367099e48f200c3c060a0b938d70bc070ec50e93ec4f670a178007281fc5
"hangul_1790_20260929T132441704Z_31fe9012.jpg","책",1790,,,pending_review,"P008","S01","2026-09-29T13:24:41.7044252Z",64,64,jpeg,5c7b367099e48f200c3c060a0b938d70bc070ec50e93ec4f670a178007281fc5
"hangul_1791_20260929T132445958Z_c8be3167.jpg","챈",1791,,,pending_review,"P008","S01","2026-09-29T13:24:45.9583079Z",64,64,jpeg,5c7b367099e48f200c3c060a0b938d70bc070ec50e93ec4f670a178007281fc5
"hangul_1792_20260929T132450860Z_26803aec.jpg","챌",1792,,,pending_review,"P008","S01","2026-09-29T13:24:50.8603430Z",64,64,jpeg,5c7b367099e48f200c3c060a0b938d70bc070ec50e93ec4f670a178007281fc5
"hangul_1793_20260929T132456419Z_dffc8f2c.jpg","챔",1793,,,pending_review,"P008","S01","2026-09-29T13:24:56.4196229Z",64,64,jpeg,5c7b367099e48f200c3c060a0b938d70bc070ec50e93ec4f670a178007281fc5
"hangul_1794_20260929T132501179Z_85ca90a9.jpg","챕",1794,,,pending_review,"P008","S01","2026-09-29T13:25:01.1798646Z",64,64,jpeg,5c7b367099e48f200c3c060a0b938d70bc070ec50e93ec4f670a178007281fc5
"hangul_1795_20260929T132507990Z_bb8fc33d.jpg","챗",1795,,,pending_review,"P008","S01","2026-09-29T13:25:07.9901194Z",64,64,jpeg,5c7b367099e48f200c3c060a0b938d70bc070ec50e93ec4f670a178007281fc5
"hangul_1796_20260929T132513546Z_a3e8f1d0.jpg","챘",1796,,,pending_review,"P008","S01","2026-09-29T13:25:13.5466061Z",64,64,jpeg,5c7b367099e48f200c3c060a0b938d70bc070ec50e93ec4f670a178007281fc5
"hangul_1797_20260929T132517877Z_c1e14ae5.jpg","챙",1797,,,pending_review,"P008","S01","2026-09-29T13:25:17.8776224Z",64,64,jpeg,5c7b367099e48f200c3c060a0b938d70bc070ec50e93ec4f670a178007281fc5
"hangul_1798_20260929T132521761Z_733b89c1.jpg","챠",1798,,,pending_review,"P008","S01","2026-09-29T13:25:21.7613129Z",64,64,jpeg,5c7b367099e48f200c3c060a0b938d70bc070ec50e93ec4f670a178007281fc5
"hangul_1799_20260929T132527266Z_65a9630b.jpg","챤",1799,,,pending_review,"P008","S01","2026-09-29T13:25:27.2664118Z",64,64,jpeg,5c7b367099e48f200c3c060a0b938d70bc070ec50e93ec4f670a178007281fc5
"hangul_1800_20260929T132534964Z_421f3ba1.jpg","챦",1800,,,pending_review,"P008","S01","2026-09-29T13:25:34.9644302Z",64,64,jpeg,5c7b367099e48f200c3c060a0b938d70bc070ec50e93ec4f670a178007281fc5
"hangul_1801_20260929T132541125Z_06574b44.jpg","챨",1801,,,pending_review,"P008","S01","2026-09-29T13:25:41.1258682Z",64,64,jpeg,5c7b367099e48f200c3c060a0b938d70bc070ec50e93ec4f670a178007281fc5
"hangul_1802_20260929T132546840Z_7f4f8192.jpg","챰",1802,,,pending_review,"P008","S01","2026-09-29T13:25:46.8401706Z",64,64,jpeg,5c7b367099e48f200c3c060a0b938d70bc070ec50e93ec4f670a178007281fc5
"hangul_1803_20260929T132552984Z_de75497c.jpg","챵",1803,,,pending_review,"P008","S01","2026-09-29T13:25:52.9843038Z",64,64,jpeg,5c7b367099e48f200c3c060a0b938d70bc070ec50e93ec4f670a178007281fc5
"hangul_1804_20260929T132558035Z_55e4175d.jpg","처",1804,,,pending_review,"P008","S01","2026-09-29T13:25:58.0353455Z",64,64,jpeg,5c7b367099e48f200c3c060a0b938d70bc070ec50e93ec4f670a178007281fc5
"hangul_1805_20260929T132601972Z_f9b37b28.jpg","척",1805,,,pending_review,"P008","S01","2026-09-29T13:26:01.9722283Z",64,64,jpeg,5c7b367099e48f200c3c060a0b938d70bc070ec50e93ec4f670a178007281fc5
"hangul_1806_20260929T132606167Z_f303cebd.jpg","천",1806,,,pending_review,"P008","S01","2026-09-29T13:26:06.1679197Z",64,64,jpeg,5c7b367099e48f200c3c060a0b938d70bc070ec50e93ec4f670a178007281fc5
"hangul_1807_20260929T132610220Z_9af13de6.jpg","철",1807,,,pending_review,"P008","S01","2026-09-29T13:26:10.2205527Z",64,64,jpeg,5c7b367099e48f200c3c060a0b938d70bc070ec50e93ec4f670a178007281fc5
"hangul_1808_20260929T132614372Z_dadbe6bf.jpg","첨",1808,,,pending_review,"P008","S01","2026-09-29T13:26:14.3727859Z",64,64,jpeg,5c7b367099e48f200c3c060a0b938d70bc070ec50e93ec4f670a178007281fc5
"hangul_1809_20260929T132624148Z_5f9ffabb.jpg","첩",1809,,,pending_review,"P008","S01","2026-09-29T13:26:24.1488687Z",64,64,jpeg,5c7b367099e48f200c3c060a0b938d70bc070ec50e93ec4f670a178007281fc5
"hangul_1810_20260929T132628181Z_d9c756b3.jpg","첫",1810,,,pending_review,"P008","S01","2026-09-29T13:26:28.1818744Z",64,64,jpeg,5c7b367099e48f200c3c060a0b938d70bc070ec50e93ec4f670a178007281fc5
"hangul_1811_20260929T132632623Z_7c58f245.jpg","첬",1811,,,pending_review,"P008","S01","2026-09-29T13:26:32.6231605Z",64,64,jpeg,5c7b367099e48f200c3c060a0b938d70bc070ec50e93ec4f670a178007281fc5
"hangul_1812_20260929T132636209Z_1ea52d06.jpg","청",1812,,,pending_review,"P008","S01","2026-09-29T13:26:36.2099486Z",64,64,jpeg,5c7b367099e48f200c3c060a0b938d70bc070ec50e93ec4f670a178007281fc5
"hangul_1813_20260929T132640578Z_f6d76ea1.jpg","체",1813,,,pending_review,"P008","S01","2026-09-29T13:26:40.5787588Z",64,64,jpeg,5c7b367099e48f200c3c060a0b938d70bc070ec50e93ec4f670a178007281fc5
"hangul_1814_20260929T132644892Z_bdf75e81.jpg","첵",1814,,,pending_review,"P008","S01","2026-09-29T13:26:44.8924497Z",64,64,jpeg,5c7b367099e48f200c3c060a0b938d70bc070ec50e93ec4f670a178007281fc5
"hangul_1815_20260929T132649171Z_b1b62854.jpg","첸",1815,,,pending_review,"P008","S01","2026-09-29T13:26:49.1716221Z",64,64,jpeg,5c7b367099e48f200c3c060a0b938d70bc070ec50e93ec4f670a178007281fc5
"hangul_1816_20260929T132653755Z_3fc5288c.jpg","첼",1816,,,pending_review,"P008","S01","2026-09-29T13:26:53.7554943Z",64,64,jpeg,5c7b367099e48f200c3c060a0b938d70bc070ec50e93ec4f670a178007281fc5
"hangul_1817_20260929T132710669Z_19e10e69.jpg","쳄",1817,,,pending_review,"P008","S01","2026-09-29T13:27:10.6692741Z",64,64,jpeg,5c7b367099e48f200c3c060a0b938d70bc070ec50e93ec4f670a178007281fc5
"hangul_1818_20260929T132715972Z_872e7da3.jpg","쳅",1818,,,pending_review,"P008","S01","2026-09-29T13:27:15.9721470Z",64,64,jpeg,5c7b367099e48f200c3c060a0b938d70bc070ec50e93ec4f670a178007281fc5
"hangul_1819_20260929T132720611Z_d8a91596.jpg","쳇",1819,,,pending_review,"P008","S01","2026-09-29T13:27:20.6114066Z",64,64,jpeg,5c7b367099e48f200c3c060a0b938d70bc070ec50e93ec4f670a178007281fc5
"hangul_1820_20260929T132739611Z_4165c98a.jpg","쳉",1820,,,pending_review,"P008","S01","2026-09-29T13:27:39.6118141Z",64,64,jpeg,5c7b367099e48f200c3c060a0b938d70bc070ec50e93ec4f670a178007281fc5
"hangul_1820_20260929T132746171Z_4c03114d.jpg","쳉",1820,,,pending_review,"P008","S01","2026-09-29T13:27:46.1710124Z",64,64,jpeg,5c7b367099e48f200c3c060a0b938d70bc070ec50e93ec4f670a178007281fc5
"hangul_1821_20260929T132751807Z_14919a72.jpg","쳐",1821,,,pending_review,"P008","S01","2026-09-29T13:27:51.8070996Z",64,64,jpeg,5c7b367099e48f200c3c060a0b938d70bc070ec50e93ec4f670a178007281fc5
"hangul_1822_20260929T132756147Z_374b9722.jpg","쳔",1822,,,pending_review,"P008","S01","2026-09-29T13:27:56.1470697Z",64,64,jpeg,5c7b367099e48f200c3c060a0b938d70bc070ec50e93ec4f670a178007281fc5
"hangul_1823_20260929T132802002Z_6a0f0536.jpg","쳤",1823,,,pending_review,"P008","S01","2026-09-29T13:28:02.0024364Z",64,64,jpeg,5c7b367099e48f200c3c060a0b938d70bc070ec50e93ec4f670a178007281fc5
"hangul_1824_20260929T132815365Z_598cb02c.jpg","쳬",1824,,,pending_review,"P008","S01","2026-09-29T13:28:15.3655856Z",64,64,jpeg,5c7b367099e48f200c3c060a0b938d70bc070ec50e93ec4f670a178007281fc5
"hangul_1825_20260929T132820344Z_b332d0f1.jpg","쳰",1825,,,pending_review,"P008","S01","2026-09-29T13:28:20.3446260Z",64,64,jpeg,5c7b367099e48f200c3c060a0b938d70bc070ec50e93ec4f670a178007281fc5
"hangul_1826_20260929T132825762Z_23adc268.jpg","촁",1826,,,pending_review,"P008","S01","2026-09-29T13:28:25.7623633Z",64,64,jpeg,5c7b367099e48f200c3c060a0b938d70bc070ec50e93ec4f670a178007281fc5
"hangul_1827_20260929T132830994Z_65b68625.jpg","초",1827,,,pending_review,"P008","S01","2026-09-29T13:28:30.9946263Z",64,64,jpeg,5c7b367099e48f200c3c060a0b938d70bc070ec50e93ec4f670a178007281fc5
"hangul_1828_20260929T132835643Z_1206a14e.jpg","촉",1828,,,pending_review,"P008","S01","2026-09-29T13:28:35.6431407Z",64,64,jpeg,5c7b367099e48f200c3c060a0b938d70bc070ec50e93ec4f670a178007281fc5
"hangul_1829_20260929T132839742Z_bfb7184f.jpg","촌",1829,,,pending_review,"P008","S01","2026-09-29T13:28:39.7429046Z",64,64,jpeg,5c7b367099e48f200c3c060a0b938d70bc070ec50e93ec4f670a178007281fc5
"hangul_1830_20260929T132844388Z_f394fc11.jpg","촐",1830,,,pending_review,"P008","S01","2026-09-29T13:28:44.3880936Z",64,64,jpeg,5c7b367099e48f200c3c060a0b938d70bc070ec50e93ec4f670a178007281fc5
"hangul_1831_20260929T132849556Z_c740a8be.jpg","촘",1831,,,pending_review,"P008","S01","2026-09-29T13:28:49.5569051Z",64,64,jpeg,5c7b367099e48f200c3c060a0b938d70bc070ec50e93ec4f670a178007281fc5
"hangul_1832_20260929T132854848Z_fed52d31.jpg","촙",1832,,,pending_review,"P008","S01","2026-09-29T13:28:54.8483779Z",64,64,jpeg,5c7b367099e48f200c3c060a0b938d70bc070ec50e93ec4f670a178007281fc5
"hangul_1833_20260929T132858704Z_9e0e199d.jpg","촛",1833,,,pending_review,"P008","S01","2026-09-29T13:28:58.7043654Z",64,64,jpeg,5c7b367099e48f200c3c060a0b938d70bc070ec50e93ec4f670a178007281fc5
"hangul_1834_20260929T132903706Z_e7081f47.jpg","총",1834,,,pending_review,"P008","S01","2026-09-29T13:29:03.7062099Z",64,64,jpeg,5c7b367099e48f200c3c060a0b938d70bc070ec50e93ec4f670a178007281fc5
"hangul_1835_20260929T132909530Z_b3a6a17b.jpg","촤",1835,,,pending_review,"P008","S01","2026-09-29T13:29:09.5300393Z",64,64,jpeg,5c7b367099e48f200c3c060a0b938d70bc070ec50e93ec4f670a178007281fc5
"hangul_1836_20260929T132914118Z_5dabd331.jpg","촨",1836,,,pending_review,"P008","S01","2026-09-29T13:29:14.1185336Z",64,64,jpeg,5c7b367099e48f200c3c060a0b938d70bc070ec50e93ec4f670a178007281fc5
"hangul_1849_20260929T133011865Z_535ea274.jpg","축",1849,,,pending_review,"P009","S01","2026-09-29T13:30:11.8656528Z",64,64,jpeg,5c7b367099e48f200c3c060a0b938d70bc070ec50e93ec4f670a178007281fc5
"hangul_1850_20260929T133015606Z_6f6e2a3b.jpg","춘",1850,,,pending_review,"P009","S01","2026-09-29T13:30:15.6063246Z",64,64,jpeg,5c7b367099e48f200c3c060a0b938d70bc070ec50e93ec4f670a178007281fc5
"hangul_1851_20260929T133020024Z_5f8cc6a0.jpg","출",1851,,,pending_review,"P009","S01","2026-09-29T13:30:20.0243330Z",64,64,jpeg,5c7b367099e48f200c3c060a0b938d70bc070ec50e93ec4f670a178007281fc5
"hangul_1852_20260929T133029308Z_95c73c31.jpg","춤",1852,,,pending_review,"P009","S01","2026-09-29T13:30:29.3088860Z",64,64,jpeg,5c7b367099e48f200c3c060a0b938d70bc070ec50e93ec4f670a178007281fc5
"hangul_1853_20260929T133039123Z_16cbec87.jpg","춥",1853,,,pending_review,"P009","S01","2026-09-29T13:30:39.1232608Z",64,64,jpeg,5c7b367099e48f200c3c060a0b938d70bc070ec50e93ec4f670a178007281fc5
"hangul_1854_20260929T133043184Z_83122295.jpg","춧",1854,,,pending_review,"P009","S01","2026-09-29T13:30:43.1841239Z",64,64,jpeg,5c7b367099e48f200c3c060a0b938d70bc070ec50e93ec4f670a178007281fc5
"hangul_1855_20260929T133046814Z_f521b9e1.jpg","충",1855,,,pending_review,"P009","S01","2026-09-29T13:30:46.8141631Z",64,64,jpeg,5c7b367099e48f200c3c060a0b938d70bc070ec50e93ec4f670a178007281fc5
"hangul_1856_20260929T133050868Z_4d1730c8.jpg","춰",1856,,,pending_review,"P009","S01","2026-09-29T13:30:50.8688818Z",64,64,jpeg,5c7b367099e48f200c3c060a0b938d70bc070ec50e93ec4f670a178007281fc5
"hangul_1857_20260929T133056039Z_65cc7e67.jpg","췄",1857,,,pending_review,"P009","S01","2026-09-29T13:30:56.0391009Z",64,64,jpeg,5c7b367099e48f200c3c060a0b938d70bc070ec50e93ec4f670a178007281fc5
"hangul_1858_20260929T133100656Z_6e80bf78.jpg","췌",1858,,,pending_review,"P009","S01","2026-09-29T13:31:00.6563256Z",64,64,jpeg,5c7b367099e48f200c3c060a0b938d70bc070ec50e93ec4f670a178007281fc5
"hangul_1859_20260929T133106213Z_d3395737.jpg","췐",1859,,,pending_review,"P009","S01","2026-09-29T13:31:06.2131400Z",64,64,jpeg,5c7b367099e48f200c3c060a0b938d70bc070ec50e93ec4f670a178007281fc5
"hangul_1860_20260929T133111790Z_8f269ed4.jpg","취",1860,,,pending_review,"P009","S01","2026-09-29T13:31:11.7901433Z",64,64,jpeg,5c7b367099e48f200c3c060a0b938d70bc070ec50e93ec4f670a178007281fc5
"hangul_1861_20260929T133117042Z_e3b467c1.jpg","췬",1861,,,pending_review,"P009","S01","2026-09-29T13:31:17.0425920Z",64,64,jpeg,5c7b367099e48f200c3c060a0b938d70bc070ec50e93ec4f670a178007281fc5
"hangul_1862_20260929T133121869Z_570dfa36.jpg","췰",1862,,,pending_review,"P009","S01","2026-09-29T13:31:21.8696229Z",64,64,jpeg,5c7b367099e48f200c3c060a0b938d70bc070ec50e93ec4f670a178007281fc5
"hangul_1863_20260929T133127169Z_95fb00ae.jpg","췸",1863,,,pending_review,"P009","S01","2026-09-29T13:31:27.1692864Z",64,64,jpeg,5c7b367099e48f200c3c060a0b938d70bc070ec50e93ec4f670a178007281fc5
"hangul_1864_20260929T133132608Z_8b4412ab.jpg","췹",1864,,,pending_review,"P009","S01","2026-09-29T13:31:32.6089970Z",64,64,jpeg,5c7b367099e48f200c3c060a0b938d70bc070ec50e93ec4f670a178007281fc5
"hangul_1865_20260929T133137268Z_1dbfc652.jpg","췻",1865,,,pending_review,"P009","S01","2026-09-29T13:31:37.2688401Z",64,64,jpeg,5c7b367099e48f200c3c060a0b938d70bc070ec50e93ec4f670a178007281fc5
"hangul_1866_20260929T133141903Z_0036cf84.jpg","췽",1866,,,pending_review,"P009","S01","2026-09-29T13:31:41.9033495Z",64,64,jpeg,5c7b367099e48f200c3c060a0b938d70bc070ec50e93ec4f670a178007281fc5
"hangul_1867_20260929T133145757Z_92460e4e.jpg","츄",1867,,,pending_review,"P009","S01","2026-09-29T13:31:45.7571037Z",64,64,jpeg,5c7b367099e48f200c3c060a0b938d70bc070ec50e93ec4f670a178007281fc5
"hangul_1868_20260929T133150124Z_5dfa9b4b.jpg","츈",1868,,,pending_review,"P009","S01","2026-09-29T13:31:50.1241719Z",64,64,jpeg,5c7b367099e48f200c3c060a0b938d70bc070ec50e93ec4f670a178007281fc5
"hangul_1869_20260929T133156285Z_03cf309c.jpg","츌",1869,,,pending_review,"P009","S01","2026-09-29T13:31:56.2857578Z",64,64,jpeg,5c7b367099e48f200c3c060a0b938d70bc070ec50e93ec4f670a178007281fc5
"hangul_1870_20260929T133201142Z_8c4ee223.jpg","츔",1870,,,pending_review,"P009","S01","2026-09-29T13:32:01.1422830Z",64,64,jpeg,5c7b367099e48f200c3c060a0b938d70bc070ec50e93ec4f670a178007281fc5
"hangul_1871_20260929T133210689Z_609a78b2.jpg","츙",1871,,,pending_review,"P009","S01","2026-09-29T13:32:10.6890518Z",64,64,jpeg,5c7b367099e48f200c3c060a0b938d70bc070ec50e93ec4f670a178007281fc5
"hangul_1872_20260929T133214011Z_86bfd9b1.jpg","츠",1872,,,pending_review,"P009","S01","2026-09-29T13:32:14.0115709Z",64,64,jpeg,5c7b367099e48f200c3c060a0b938d70bc070ec50e93ec4f670a178007281fc5
"hangul_1873_20260929T133217665Z_b6e4521d.jpg","측",1873,,,pending_review,"P009","S01","2026-09-29T13:32:17.6654986Z",64,64,jpeg,5c7b367099e48f200c3c060a0b938d70bc070ec50e93ec4f670a178007281fc5
"hangul_1874_20260929T133221160Z_a0e28f5f.jpg","츤",1874,,,pending_review,"P009","S01","2026-09-29T13:32:21.1608769Z",64,64,jpeg,5c7b367099e48f200c3c060a0b938d70bc070ec50e93ec4f670a178007281fc5
"hangul_1875_20260929T133225344Z_ff5ad3a4.jpg","츨",1875,,,pending_review,"P009","S01","2026-09-29T13:32:25.3442705Z",64,64,jpeg,5c7b367099e48f200c3c060a0b938d70bc070ec50e93ec4f670a178007281fc5
"hangul_1876_20260929T133229704Z_80ba1da1.jpg","츰",1876,,,pending_review,"P009","S01","2026-09-29T13:32:29.7042565Z",64,64,jpeg,5c7b367099e48f200c3c060a0b938d70bc070ec50e93ec4f670a178007281fc5
"hangul_1877_20260929T133234134Z_6e67d6fb.jpg","츱",1877,,,pending_review,"P009","S01","2026-09-29T13:32:34.1346722Z",64,64,jpeg,5c7b367099e48f200c3c060a0b938d70bc070ec50e93ec4f670a178007281fc5
"hangul_1878_20260929T133237770Z_0049a5fb.jpg","츳",1878,,,pending_review,"P009","S01","2026-09-29T13:32:37.7705563Z",64,64,jpeg,5c7b367099e48f200c3c060a0b938d70bc070ec50e93ec4f670a178007281fc5
"hangul_1879_20260929T133241563Z_6847d6ba.jpg","층",1879,,,pending_review,"P009","S01","2026-09-29T13:32:41.5636324Z",64,64,jpeg,5c7b367099e48f200c3c060a0b938d70bc070ec50e93ec4f670a178007281fc5
"hangul_1880_20260929T133245059Z_2e8fc85b.jpg","치",1880,,,pending_review,"P009","S01","2026-09-29T13:32:45.0594012Z",64,64,jpeg,5c7b367099e48f200c3c060a0b938d70bc070ec50e93ec4f670a178007281fc5
"hangul_1881_20260929T133253336Z_b9d65a0a.jpg","칙",1881,,,pending_review,"P009","S01","2026-09-29T13:32:53.3362156Z",64,64,jpeg,5c7b367099e48f200c3c060a0b938d70bc070ec50e93ec4f670a178007281fc5
"hangul_1882_20260929T133257511Z_c27c19b5.jpg","친",1882,,,pending_review,"P009","S01","2026-09-29T13:32:57.5115567Z",64,64,jpeg,5c7b367099e48f200c3c060a0b938d70bc070ec50e93ec4f670a178007281fc5
"hangul_1883_20260929T133302307Z_4976d940.jpg","칟",1883,,,pending_review,"P009","S01","2026-09-29T13:33:02.3078366Z",64,64,jpeg,5c7b367099e48f200c3c060a0b938d70bc070ec50e93ec4f670a178007281fc5
"hangul_1884_20260929T133306859Z_770f31f0.jpg","칠",1884,,,pending_review,"P009","S01","2026-09-29T13:33:06.8598476Z",64,64,jpeg,5c7b367099e48f200c3c060a0b938d70bc070ec50e93ec4f670a178007281fc5
"hangul_1885_20260929T133312316Z_b0bdf241.jpg","칡",1885,,,pending_review,"P009","S01","2026-09-29T13:33:12.3166656Z",64,64,jpeg,5c7b367099e48f200c3c060a0b938d70bc070ec50e93ec4f670a178007281fc5
"hangul_1886_20260929T133316810Z_23102be0.jpg","침",1886,,,pending_review,"P009","S01","2026-09-29T13:33:16.8106723Z",64,64,jpeg,5c7b367099e48f200c3c060a0b938d70bc070ec50e93ec4f670a178007281fc5
"hangul_1887_20260929T133321091Z_f705c46d.jpg","칩",1887,,,pending_review,"P009","S01","2026-09-29T13:33:21.0916525Z",64,64,jpeg,5c7b367099e48f200c3c060a0b938d70bc070ec50e93ec4f670a178007281fc5
"hangul_1888_20260929T133324809Z_042ebe47.jpg","칫",1888,,,pending_review,"P009","S01","2026-09-29T13:33:24.8093618Z",64,64,jpeg,5c7b367099e48f200c3c060a0b938d70bc070ec50e93ec4f670a178007281fc5
"hangul_1889_20260929T133328411Z_bd234f64.jpg","칭",1889,,,pending_review,"P009","S01","2026-09-29T13:33:28.4115202Z",64,64,jpeg,5c7b367099e48f200c3c060a0b938d70bc070ec50e93ec4f670a178007281fc5
"hangul_1890_20260929T133331722Z_f0ae6356.jpg","카",1890,,,pending_review,"P009","S01","2026-09-29T13:33:31.7226382Z",64,64,jpeg,5c7b367099e48f200c3c060a0b938d70bc070ec50e93ec4f670a178007281fc5
"hangul_1891_20260929T133335123Z_77d250f6.jpg","칵",1891,,,pending_review,"P009","S01","2026-09-29T13:33:35.1234144Z",64,64,jpeg,5c7b367099e48f200c3c060a0b938d70bc070ec50e93ec4f670a178007281fc5
"hangul_1892_20260929T133338697Z_377f4557.jpg","칸",1892,,,pending_review,"P009","S01","2026-09-29T13:33:38.6974912Z",64,64,jpeg,5c7b367099e48f200c3c060a0b938d70bc070ec50e93ec4f670a178007281fc5
"hangul_1893_20260929T133342922Z_9f73d42e.jpg","칼",1893,,,pending_review,"P009","S01","2026-09-29T13:33:42.9228526Z",64,64,jpeg,5c7b367099e48f200c3c060a0b938d70bc070ec50e93ec4f670a178007281fc5
"hangul_1894_20260929T133347126Z_d3c2d8eb.jpg","캄",1894,,,pending_review,"P009","S01","2026-09-29T13:33:47.1267773Z",64,64,jpeg,5c7b367099e48f200c3c060a0b938d70bc070ec50e93ec4f670a178007281fc5
"hangul_1894_20260929T133356448Z_0c309c1b.jpg","캄",1894,,,pending_review,"P009","S01","2026-09-29T13:33:56.4481110Z",64,64,jpeg,5c7b367099e48f200c3c060a0b938d70bc070ec50e93ec4f670a178007281fc5
"hangul_1895_20260929T133400924Z_2d0fa5d4.jpg","캅",1895,,,pending_review,"P009","S01","2026-09-29T13:34:00.9244510Z",64,64,jpeg,5c7b367099e48f200c3c060a0b938d70bc070ec50e93ec4f670a178007281fc5
"hangul_1896_20260929T133404438Z_954772f8.jpg","캇",1896,,,pending_review,"P009","S01","2026-09-29T13:34:04.4388900Z",64,64,jpeg,5c7b367099e48f200c3c060a0b938d70bc070ec50e93ec4f670a178007281fc5
"hangul_1897_20260929T133410200Z_189cd54a.jpg","캉",1897,,,pending_review,"P009","S01","2026-09-29T13:34:10.2003718Z",64,64,jpeg,5c7b367099e48f200c3c060a0b938d70bc070ec50e93ec4f670a178007281fc5
"hangul_1898_20260929T133415088Z_12668c80.jpg","캐",1898,,,pending_review,"P009","S01","2026-09-29T13:34:15.0885446Z",64,64,jpeg,5c7b367099e48f200c3c060a0b938d70bc070ec50e93ec4f670a178007281fc5
"hangul_1899_20260929T133419255Z_cb3ef996.jpg","캑",1899,,,pending_review,"P009","S01","2026-09-29T13:34:19.2550715Z",64,64,jpeg,5c7b367099e48f200c3c060a0b938d70bc070ec50e93ec4f670a178007281fc5
"hangul_1900_20260929T133423170Z_1d7b978b.jpg","캔",1900,,,pending_review,"P009","S01","2026-09-29T13:34:23.1708065Z",64,64,jpeg,5c7b367099e48f200c3c060a0b938d70bc070ec50e93ec4f670a178007281fc5
"hangul_1901_20260929T133429664Z_b634d32f.jpg","캘",1901,,,pending_review,"P009","S01","2026-09-29T13:34:29.6641118Z",64,64,jpeg,5c7b367099e48f200c3c060a0b938d70bc070ec50e93ec4f670a178007281fc5
"hangul_1902_20260929T133434142Z_d3ec532b.jpg","캠",1902,,,pending_review,"P009","S01","2026-09-29T13:34:34.1425552Z",64,64,jpeg,5c7b367099e48f200c3c060a0b938d70bc070ec50e93ec4f670a178007281fc5
"hangul_1903_20260929T133438758Z_e8dbe63d.jpg","캡",1903,,,pending_review,"P009","S01","2026-09-29T13:34:38.7582266Z",64,64,jpeg,5c7b367099e48f200c3c060a0b938d70bc070ec50e93ec4f670a178007281fc5
"hangul_1904_20260929T133442679Z_945583d8.jpg","캣",1904,,,pending_review,"P009","S01","2026-09-29T13:34:42.6792168Z",64,64,jpeg,5c7b367099e48f200c3c060a0b938d70bc070ec50e93ec4f670a178007281fc5
"hangul_1905_20260929T133447111Z_f3e7f254.jpg","캤",1905,,,pending_review,"P009","S01","2026-09-29T13:34:47.1118817Z",64,64,jpeg,5c7b367099e48f200c3c060a0b938d70bc070ec50e93ec4f670a178007281fc5
"hangul_1906_20260929T133451204Z_a303240f.jpg","캥",1906,,,pending_review,"P009","S01","2026-09-29T13:34:51.2044754Z",64,64,jpeg,5c7b367099e48f200c3c060a0b938d70bc070ec50e93ec4f670a178007281fc5
"hangul_1907_20260929T133455008Z_d040b07d.jpg","캬",1907,,,pending_review,"P009","S01","2026-09-29T13:34:55.0087541Z",64,64,jpeg,5c7b367099e48f200c3c060a0b938d70bc070ec50e93ec4f670a178007281fc5
"hangul_1908_20260929T133500080Z_a17860bc.jpg","캭",1908,,,pending_review,"P009","S01","2026-09-29T13:35:00.0809423Z",64,64,jpeg,5c7b367099e48f200c3c060a0b938d70bc070ec50e93ec4f670a178007281fc5
"hangul_1909_20260929T133506312Z_35f1cee7.jpg","컁",1909,,,pending_review,"P009","S01","2026-09-29T13:35:06.3126993Z",64,64,jpeg,5c7b367099e48f200c3c060a0b938d70bc070ec50e93ec4f670a178007281fc5
"hangul_1910_20260929T133509852Z_7e900c8a.jpg","커",1910,,,pending_review,"P009","S01","2026-09-29T13:35:09.8528131Z",64,64,jpeg,5c7b367099e48f200c3c060a0b938d70bc070ec50e93ec4f670a178007281fc5
"hangul_1911_20260929T133513488Z_d6e0630b.jpg","컥",1911,,,pending_review,"P009","S01","2026-09-29T13:35:13.4889422Z",64,64,jpeg,5c7b367099e48f200c3c060a0b938d70bc070ec50e93ec4f670a178007281fc5
"hangul_1912_20260929T133518171Z_f147e3fe.jpg","컨",1912,,,pending_review,"P009","S01","2026-09-29T13:35:18.1717320Z",64,64,jpeg,5c7b367099e48f200c3c060a0b938d70bc070ec50e93ec4f670a178007281fc5
"hangul_1913_20260929T133522182Z_8c7d9f11.jpg","컫",1913,,,pending_review,"P009","S01","2026-09-29T13:35:22.1823938Z",64,64,jpeg,5c7b367099e48f200c3c060a0b938d70bc070ec50e93ec4f670a178007281fc5
"hangul_1914_20260929T133526311Z_8072df93.jpg","컬",1914,,,pending_review,"P009","S01","2026-09-29T13:35:26.3116869Z",64,64,jpeg,5c7b367099e48f200c3c060a0b938d70bc070ec50e93ec4f670a178007281fc5
"hangul_1915_20260929T133535564Z_be836421.jpg","컴",1915,,,pending_review,"P009","S01","2026-09-29T13:35:35.5641632Z",64,64,jpeg,5c7b367099e48f200c3c060a0b938d70bc070ec50e93ec4f670a178007281fc5
"hangul_1916_20260929T133542545Z_b0b2ce23.jpg","컵",1916,,,pending_review,"P009","S01","2026-09-29T13:35:42.5450471Z",64,64,jpeg,5c7b367099e48f200c3c060a0b938d70bc070ec50e93ec4f670a178007281fc5
"hangul_1917_20260929T133547760Z_52898bed.jpg","컷",1917,,,pending_review,"P009","S01","2026-09-29T13:35:47.7607797Z",64,64,jpeg,5c7b367099e48f200c3c060a0b938d70bc070ec50e93ec4f670a178007281fc5
"hangul_1918_20260929T133552186Z_bedb2295.jpg","컸",1918,,,pending_review,"P009","S01","2026-09-29T13:35:52.1861540Z",64,64,jpeg,5c7b367099e48f200c3c060a0b938d70bc070ec50e93ec4f670a178007281fc5
"hangul_1919_20260929T133556081Z_440380d3.jpg","컹",1919,,,pending_review,"P009","S01","2026-09-29T13:35:56.0812860Z",64,64,jpeg,5c7b367099e48f200c3c060a0b938d70bc070ec50e93ec4f670a178007281fc5
"hangul_1920_20260929T133600425Z_4cffc6f2.jpg","케",1920,,,pending_review,"P009","S01","2026-09-29T13:36:00.4255885Z",64,64,jpeg,5c7b367099e48f200c3c060a0b938d70bc070ec50e93ec4f670a178007281fc5
"hangul_1921_20260929T133604713Z_ddc46ec6.jpg","켁",1921,,,pending_review,"P009","S01","2026-09-29T13:36:04.7131163Z",64,64,jpeg,5c7b367099e48f200c3c060a0b938d70bc070ec50e93ec4f670a178007281fc5
"hangul_1922_20260929T133612830Z_6689f27b.jpg","켄",1922,,,pending_review,"P009","S01","2026-09-29T13:36:12.8307070Z",64,64,jpeg,5c7b367099e48f200c3c060a0b938d70bc070ec50e93ec4f670a178007281fc5
"hangul_1923_20260929T133617752Z_4091aa20.jpg","켈",1923,,,pending_review,"P009","S01","2026-09-29T13:36:17.7527192Z",64,64,jpeg,5c7b367099e48f200c3c060a0b938d70bc070ec50e93ec4f670a178007281fc5
"hangul_1924_20260929T133622729Z_f5d67994.jpg","켐",1924,,,pending_review,"P009","S01","2026-09-29T13:36:22.7293506Z",64,64,jpeg,5c7b367099e48f200c3c060a0b938d70bc070ec50e93ec4f670a178007281fc5
"hangul_1925_20260929T133627630Z_bd084cf1.jpg","켑",1925,,,pending_review,"P009","S01","2026-09-29T13:36:27.6308252Z",64,64,jpeg,5c7b367099e48f200c3c060a0b938d70bc070ec50e93ec4f670a178007281fc5
"hangul_1926_20260929T133632246Z_b0c6cafb.jpg","켓",1926,,,pending_review,"P009","S01","2026-09-29T13:36:32.2468278Z",64,64,jpeg,5c7b367099e48f200c3c060a0b938d70bc070ec50e93ec4f670a178007281fc5
"hangul_1927_20260929T133637589Z_3582d317.jpg","켕",1927,,,pending_review,"P009","S01","2026-09-29T13:36:37.5890017Z",64,64,jpeg,5c7b367099e48f200c3c060a0b938d70bc070ec50e93ec4f670a178007281fc5
"hangul_1928_20260929T133642209Z_be710cd3.jpg","켜",1928,,,pending_review,"P009","S01","2026-09-29T13:36:42.2091153Z",64,64,jpeg,5c7b367099e48f200c3c060a0b938d70bc070ec50e93ec4f670a178007281fc5
"hangul_1929_20260929T133648182Z_a265e297.jpg","켠",1929,,,pending_review,"P009","S01","2026-09-29T13:36:48.1829394Z",64,64,jpeg,5c7b367099e48f200c3c060a0b938d70bc070ec50e93ec4f670a178007281fc5
"hangul_1930_20260929T133653628Z_8681a2a6.jpg","켤",1930,,,pending_review,"P009","S01","2026-09-29T13:36:53.6288900Z",64,64,jpeg,5c7b367099e48f200c3c060a0b938d70bc070ec50e93ec4f670a178007281fc5
"hangul_1931_20260929T133658942Z_ba418486.jpg","켬",1931,,,pending_review,"P009","S01","2026-09-29T13:36:58.9429162Z",64,64,jpeg,5c7b367099e48f200c3c060a0b938d70bc070ec50e93ec4f670a178007281fc5
"hangul_1932_20260929T133706969Z_eafc26c7.jpg","켭",1932,,,pending_review,"P009","S01","2026-09-29T13:37:06.9693152Z",64,64,jpeg,5c7b367099e48f200c3c060a0b938d70bc070ec50e93ec4f670a178007281fc5
"hangul_1933_20260929T133712180Z_6536b24f.jpg","켯",1933,,,pending_review,"P009","S01","2026-09-29T13:37:12.1807381Z",64,64,jpeg,5c7b367099e48f200c3c060a0b938d70bc070ec50e93ec4f670a178007281fc5
"hangul_1934_20260929T133717488Z_c127eaf6.jpg","켰",1934,,,pending_review,"P009","S01","2026-09-29T13:37:17.4883875Z",64,64,jpeg,5c7b367099e48f200c3c060a0b938d70bc070ec50e93ec4f670a178007281fc5
"hangul_1935_20260929T133721863Z_7e84ec17.jpg","켱",1935,,,pending_review,"P009","S01","2026-09-29T13:37:21.8630712Z",64,64,jpeg,5c7b367099e48f200c3c060a0b938d70bc070ec50e93ec4f670a178007281fc5
"hangul_1936_20260929T133727119Z_c1baf01f.jpg","켸",1936,,,pending_review,"P009","S01","2026-09-29T13:37:27.1199982Z",64,64,jpeg,5c7b367099e48f200c3c060a0b938d70bc070ec50e93ec4f670a178007281fc5
"hangul_1937_20260929T133733070Z_bbf19e93.jpg","코",1937,,,pending_review,"P009","S01","2026-09-29T13:37:33.0701557Z",64,64,jpeg,5c7b367099e48f200c3c060a0b938d70bc070ec50e93ec4f670a178007281fc5
"hangul_1938_20260929T133737042Z_1ff9c107.jpg","콕",1938,,,pending_review,"P009","S01","2026-09-29T13:37:37.0428961Z",64,64,jpeg,5c7b367099e48f200c3c060a0b938d70bc070ec50e93ec4f670a178007281fc5
"hangul_1939_20260929T133740909Z_eac3708a.jpg","콘",1939,,,pending_review,"P009","S01","2026-09-29T13:37:40.9091741Z",64,64,jpeg,5c7b367099e48f200c3c060a0b938d70bc070ec50e93ec4f670a178007281fc5
"hangul_1940_20260929T133744944Z_39edf3d7.jpg","콜",1940,,,pending_review,"P009","S01","2026-09-29T13:37:44.9442677Z",64,64,jpeg,5c7b367099e48f200c3c060a0b938d70bc070ec50e93ec4f670a178007281fc5
"hangul_1941_20260929T133749265Z_698929dc.jpg","콤",1941,,,pending_review,"P009","S01","2026-09-29T13:37:49.2654078Z",64,64,jpeg,5c7b367099e48f200c3c060a0b938d70bc070ec50e93ec4f670a178007281fc5
"hangul_1942_20260929T133802194Z_dddf0b8b.jpg","콥",1942,,,pending_review,"P009","S01","2026-09-29T13:38:02.1943020Z",64,64,jpeg,5c7b367099e48f200c3c060a0b938d70bc070ec50e93ec4f670a178007281fc5
"hangul_1943_20260929T133807874Z_e30b6707.jpg","콧",1943,,,pending_review,"P009","S01","2026-09-29T13:38:07.8743455Z",64,64,jpeg,5c7b367099e48f200c3c060a0b938d70bc070ec50e93ec4f670a178007281fc5
"hangul_1944_20260929T133811952Z_b90ab8b0.jpg","콩",1944,,,pending_review,"P009","S01","2026-09-29T13:38:11.9521343Z",64,64,jpeg,5c7b367099e48f200c3c060a0b938d70bc070ec50e93ec4f670a178007281fc5
"hangul_1945_20260929T133819194Z_b3267d31.jpg","콰",1945,,,pending_review,"P009","S01","2026-09-29T13:38:19.1947575Z",64,64,jpeg,5c7b367099e48f200c3c060a0b938d70bc070ec50e93ec4f670a178007281fc5
"hangul_1946_20260929T133823578Z_bcbda033.jpg","콱",1946,,,pending_review,"P009","S01","2026-09-29T13:38:23.5781008Z",64,64,jpeg,5c7b367099e48f200c3c060a0b938d70bc070ec50e93ec4f670a178007281fc5
"hangul_1947_20260929T133828402Z_8a504a23.jpg","콴",1947,,,pending_review,"P009","S01","2026-09-29T13:38:28.4026324Z",64,64,jpeg,5c7b367099e48f200c3c060a0b938d70bc070ec50e93ec4f670a178007281fc5
"hangul_1948_20260929T133833413Z_92009289.jpg","콸",1948,,,pending_review,"P009","S01","2026-09-29T13:38:33.4136877Z",64,64,jpeg,5c7b367099e48f200c3c060a0b938d70bc070ec50e93ec4f670a178007281fc5
"hangul_1949_20260929T133838215Z_05bc4298.jpg","쾀",1949,,,pending_review,"P009","S01","2026-09-29T13:38:38.2156711Z",64,64,jpeg,5c7b367099e48f200c3c060a0b938d70bc070ec50e93ec4f670a178007281fc5
"hangul_1950_20260929T133843787Z_c89e4e90.jpg","쾅",1950,,,pending_review,"P009","S01","2026-09-29T13:38:43.7874460Z",64,64,jpeg,5c7b367099e48f200c3c060a0b938d70bc070ec50e93ec4f670a178007281fc5
"hangul_1951_20260929T133848743Z_df4d61d1.jpg","쾌",1951,,,pending_review,"P009","S01","2026-09-29T13:38:48.7433244Z",64,64,jpeg,5c7b367099e48f200c3c060a0b938d70bc070ec50e93ec4f670a178007281fc5
"hangul_1951_20260929T133854028Z_8e215b92.jpg","쾌",1951,,,pending_review,"P009","S01","2026-09-29T13:38:54.0287450Z",64,64,jpeg,5c7b367099e48f200c3c060a0b938d70bc070ec50e93ec4f670a178007281fc5
"hangul_1952_20260929T134838564Z_55784f70.jpg","쾡",1952,,,pending_review,"P009","S01","2026-09-29T13:48:38.5649307Z",64,64,jpeg,5c7b367099e48f200c3c060a0b938d70bc070ec50e93ec4f670a178007281fc5
"hangul_1953_20260929T134841684Z_73509cc3.jpg","쾨",1953,,,pending_review,"P009","S01","2026-09-29T13:48:41.6848119Z",64,64,jpeg,5c7b367099e48f200c3c060a0b938d70bc070ec50e93ec4f670a178007281fc5
"hangul_1954_20260929T134844266Z_6e8dd988.jpg","쾰",1954,,,pending_review,"P009","S01","2026-09-29T13:48:44.2669726Z",64,64,jpeg,5c7b367099e48f200c3c060a0b938d70bc070ec50e93ec4f670a178007281fc5
"hangul_1955_20260929T134847059Z_4f9ab680.jpg","쿄",1955,,,pending_review,"P009","S01","2026-09-29T13:48:47.0592839Z",64,64,jpeg,5c7b367099e48f200c3c060a0b938d70bc070ec50e93ec4f670a178007281fc5
"hangul_1956_20260929T134850570Z_76f85270.jpg","쿠",1956,,,pending_review,"P009","S01","2026-09-29T13:48:50.5705065Z",64,64,jpeg,5c7b367099e48f200c3c060a0b938d70bc070ec50e93ec4f670a178007281fc5
"hangul_1957_20260929T134853133Z_93b24237.jpg","쿡",1957,,,pending_review,"P009","S01","2026-09-29T13:48:53.1333107Z",64,64,jpeg,5c7b367099e48f200c3c060a0b938d70bc070ec50e93ec4f670a178007281fc5
"hangul_1958_20260929T134855406Z_2ca4a4b8.jpg","쿤",1958,,,pending_review,"P009","S01","2026-09-29T13:48:55.4061054Z",64,64,jpeg,5c7b367099e48f200c3c060a0b938d70bc070ec50e93ec4f670a178007281fc5
"hangul_1959_20260929T134857820Z_96f91f3b.jpg","쿨",1959,,,pending_review,"P009","S01","2026-09-29T13:48:57.8209541Z",64,64,jpeg,5c7b367099e48f200c3c060a0b938d70bc070ec50e93ec4f670a178007281fc5
"hangul_1960_20260929T134900448Z_aaeff4c2.jpg","쿰",1960,,,pending_review,"P009","S01","2026-09-29T13:49:00.4487896Z",64,64,jpeg,5c7b367099e48f200c3c060a0b938d70bc070ec50e93ec4f670a178007281fc5
"hangul_1961_20260929T134903427Z_ada552ca.jpg","쿱",1961,,,pending_review,"P009","S01","2026-09-29T13:49:03.4279063Z",64,64,jpeg,5c7b367099e48f200c3c060a0b938d70bc070ec50e93ec4f670a178007281fc5
"hangul_1962_20260929T134905910Z_7977782e.jpg","쿳",1962,,,pending_review,"P009","S01","2026-09-29T13:49:05.9101832Z",64,64,jpeg,5c7b367099e48f200c3c060a0b938d70bc070ec50e93ec4f670a178007281fc5
"hangul_1963_20260929T134908576Z_9b6e1add.jpg","쿵",1963,,,pending_review,"P009","S01","2026-09-29T13:49:08.5763481Z",64,64,jpeg,5c7b367099e48f200c3c060a0b938d70bc070ec50e93ec4f670a178007281fc5
"hangul_1964_20260929T134911095Z_b7dd2343.jpg","쿼",1964,,,pending_review,"P009","S01","2026-09-29T13:49:11.0955290Z",64,64,jpeg,5c7b367099e48f200c3c060a0b938d70bc070ec50e93ec4f670a178007281fc5
"hangul_1965_20260929T134913901Z_429406d5.jpg","퀀",1965,,,pending_review,"P009","S01","2026-09-29T13:49:13.9017693Z",64,64,jpeg,5c7b367099e48f200c3c060a0b938d70bc070ec50e93ec4f670a178007281fc5
"hangul_1966_20260929T134916612Z_9efee4d6.jpg","퀄",1966,,,pending_review,"P009","S01","2026-09-29T13:49:16.6120885Z",64,64,jpeg,5c7b367099e48f200c3c060a0b938d70bc070ec50e93ec4f670a178007281fc5
"hangul_1967_20260929T134919492Z_db9cd97c.jpg","퀑",1967,,,pending_review,"P009","S01","2026-09-29T13:49:19.4922693Z",64,64,jpeg,5c7b367099e48f200c3c060a0b938d70bc070ec50e93ec4f670a178007281fc5
"hangul_1968_20260929T134922131Z_839ae418.jpg","퀘",1968,,,pending_review,"P009","S01","2026-09-29T13:49:22.1311614Z",64,64,jpeg,5c7b367099e48f200c3c060a0b938d70bc070ec50e93ec4f670a178007281fc5
"hangul_1969_20260929T134925283Z_4ec41aa2.jpg","퀭",1969,,,pending_review,"P009","S01","2026-09-29T13:49:25.2834847Z",64,64,jpeg,5c7b367099e48f200c3c060a0b938d70bc070ec50e93ec4f670a178007281fc5
"hangul_1970_20260929T134929604Z_104afe4e.jpg","퀴",1970,,,pending_review,"P009","S01","2026-09-29T13:49:29.6041233Z",64,64,jpeg,5c7b367099e48f200c3c060a0b938d70bc070ec50e93ec4f670a178007281fc5
"hangul_1971_20260929T134932735Z_9c126335.jpg","퀵",1971,,,pending_review,"P009","S01","2026-09-29T13:49:32.7352676Z",64,64,jpeg,5c7b367099e48f200c3c060a0b938d70bc070ec50e93ec4f670a178007281fc5
"hangul_1972_20260929T134937584Z_f4d9b188.jpg","퀸",1972,,,pending_review,"P009","S01","2026-09-29T13:49:37.5844063Z",64,64,jpeg,5c7b367099e48f200c3c060a0b938d70bc070ec50e93ec4f670a178007281fc5
"hangul_1973_20260929T134941025Z_de541d51.jpg","퀼",1973,,,pending_review,"P009","S01","2026-09-29T13:49:41.0252426Z",64,64,jpeg,5c7b367099e48f200c3c060a0b938d70bc070ec50e93ec4f670a178007281fc5
"hangul_1974_20260929T134944517Z_9603a154.jpg","큄",1974,,,pending_review,"P009","S01","2026-09-29T13:49:44.5177392Z",64,64,jpeg,5c7b367099e48f200c3c060a0b938d70bc070ec50e93ec4f670a178007281fc5
"hangul_1975_20260929T134948049Z_9558c970.jpg","큅",1975,,,pending_review,"P009","S01","2026-09-29T13:49:48.0497693Z",64,64,jpeg,5c7b367099e48f200c3c060a0b938d70bc070ec50e93ec4f670a178007281fc5
"hangul_1976_20260929T134951327Z_6b8a744b.jpg","큇",1976,,,pending_review,"P009","S01","2026-09-29T13:49:51.3273259Z",64,64,jpeg,5c7b367099e48f200c3c060a0b938d70bc070ec50e93ec4f670a178007281fc5
"hangul_1977_20260929T134954997Z_40ac2eb1.jpg","큉",1977,,,pending_review,"P009","S01","2026-09-29T13:49:54.9975385Z",64,64,jpeg,5c7b367099e48f200c3c060a0b938d70bc070ec50e93ec4f670a178007281fc5
"hangul_1978_20260929T134957455Z_d8007ce1.jpg","큐",1978,,,pending_review,"P009","S01","2026-09-29T13:49:57.4550394Z",64,64,jpeg,5c7b367099e48f200c3c060a0b938d70bc070ec50e93ec4f670a178007281fc5
"hangul_1979_20260929T135000144Z_52d0f1dc.jpg","큔",1979,,,pending_review,"P009","S01","2026-09-29T13:50:00.1448994Z",64,64,jpeg,5c7b367099e48f200c3c060a0b938d70bc070ec50e93ec4f670a178007281fc5
"hangul_1980_20260929T135003777Z_8048d3e4.jpg","큘",1980,,,pending_review,"P009","S01","2026-09-29T13:50:03.7773880Z",64,64,jpeg,5c7b367099e48f200c3c060a0b938d70bc070ec50e93ec4f670a178007281fc5
"hangul_1981_20260929T135007281Z_4d0eda25.jpg","큠",1981,,,pending_review,"P009","S01","2026-09-29T13:50:07.2811289Z",64,64,jpeg,5c7b367099e48f200c3c060a0b938d70bc070ec50e93ec4f670a178007281fc5
"hangul_1982_20260929T135009330Z_925b3f64.jpg","크",1982,,,pending_review,"P009","S01","2026-09-29T13:50:09.3306923Z",64,64,jpeg,5c7b367099e48f200c3c060a0b938d70bc070ec50e93ec4f670a178007281fc5
"hangul_1983_20260929T135011462Z_208a0821.jpg","큭",1983,,,pending_review,"P009","S01","2026-09-29T13:50:11.4627176Z",64,64,jpeg,5c7b367099e48f200c3c060a0b938d70bc070ec50e93ec4f670a178007281fc5
"hangul_1984_20260929T135013605Z_aa7b13fa.jpg","큰",1984,,,pending_review,"P009","S01","2026-09-29T13:50:13.6055689Z",64,64,jpeg,5c7b367099e48f200c3c060a0b938d70bc070ec50e93ec4f670a178007281fc5
"hangul_1985_20260929T135016728Z_cdf24584.jpg","클",1985,,,pending_review,"P009","S01","2026-09-29T13:50:16.7284571Z",64,64,jpeg,5c7b367099e48f200c3c060a0b938d70bc070ec50e93ec4f670a178007281fc5
"hangul_1986_20260929T135019758Z_2c0850e2.jpg","큼",1986,,,pending_review,"P009","S01","2026-09-29T13:50:19.7588800Z",64,64,jpeg,5c7b367099e48f200c3c060a0b938d70bc070ec50e93ec4f670a178007281fc5
"hangul_1987_20260929T135022523Z_d1d5a7f5.jpg","큽",1987,,,pending_review,"P009","S01","2026-09-29T13:50:22.5235804Z",64,64,jpeg,5c7b367099e48f200c3c060a0b938d70bc070ec50e93ec4f670a178007281fc5
"hangul_1988_20260929T135025308Z_70da97ec.jpg","킁",1988,,,pending_review,"P009","S01","2026-09-29T13:50:25.3082671Z",64,64,jpeg,5c7b367099e48f200c3c060a0b938d70bc070ec50e93ec4f670a178007281fc5
"hangul_1989_20260929T135028636Z_925bb613.jpg","키",1989,,,pending_review,"P009","S01","2026-09-29T13:50:28.6360993Z",64,64,jpeg,5c7b367099e48f200c3c060a0b938d70bc070ec50e93ec4f670a178007281fc5
"hangul_1990_20260929T135031988Z_1d690438.jpg","킥",1990,,,pending_review,"P009","S01","2026-09-29T13:50:31.9880324Z",64,64,jpeg,5c7b367099e48f200c3c060a0b938d70bc070ec50e93ec4f670a178007281fc5
"hangul_1991_20260929T135034909Z_fd722c9b.jpg","킨",1991,,,pending_review,"P009","S01","2026-09-29T13:50:34.9098235Z",64,64,jpeg,5c7b367099e48f200c3c060a0b938d70bc070ec50e93ec4f670a178007281fc5
"hangul_1992_20260929T135037985Z_c047d5d5.jpg","킬",1992,,,pending_review,"P009","S01","2026-09-29T13:50:37.9856937Z",64,64,jpeg,5c7b367099e48f200c3c060a0b938d70bc070ec50e93ec4f670a178007281fc5
"hangul_1993_20260929T135042062Z_3609926b.jpg","킴",1993,,,pending_review,"P009","S01","2026-09-29T13:50:42.0629627Z",64,64,jpeg,5c7b367099e48f200c3c060a0b938d70bc070ec50e93ec4f670a178007281fc5
"hangul_1994_20260929T135046304Z_a933c2ca.jpg","킵",1994,,,pending_review,"P009","S01","2026-09-29T13:50:46.3046647Z",64,64,jpeg,5c7b367099e48f200c3c060a0b938d70bc070ec50e93ec4f670a178007281fc5
"hangul_1995_20260929T135049309Z_987a0558.jpg","킷",1995,,,pending_review,"P009","S01","2026-09-29T13:50:49.3097327Z",64,64,jpeg,5c7b367099e48f200c3c060a0b938d70bc070ec50e93ec4f670a178007281fc5
"hangul_1996_20260929T135051773Z_3db06382.jpg","킹",1996,,,pending_review,"P009","S01","2026-09-29T13:50:51.7733862Z",64,64,jpeg,5c7b367099e48f200c3c060a0b938d70bc070ec50e93ec4f670a178007281fc5
"hangul_1997_20260929T135054584Z_a77659b6.jpg","타",1997,,,pending_review,"P009","S01","2026-09-29T13:50:54.5847997Z",64,64,jpeg,5c7b367099e48f200c3c060a0b938d70bc070ec50e93ec4f670a178007281fc5
"hangul_1998_20260929T135057486Z_c9531141.jpg","탁",1998,,,pending_review,"P009","S01","2026-09-29T13:50:57.4861179Z",64,64,jpeg,5c7b367099e48f200c3c060a0b938d70bc070ec50e93ec4f670a178007281fc5
"hangul_1999_20260929T135100017Z_5d346cc4.jpg","탄",1999,,,pending_review,"P009","S01","2026-09-29T13:51:00.0178151Z",64,64,jpeg,5c7b367099e48f200c3c060a0b938d70bc070ec50e93ec4f670a178007281fc5
"hangul_2000_20260929T135102926Z_b5fbbb9c.jpg","탈",2000,,,pending_review,"P009","S01","2026-09-29T13:51:02.9268070Z",64,64,jpeg,5c7b367099e48f200c3c060a0b938d70bc070ec50e93ec4f670a178007281fc5
"hangul_2001_20260929T135106023Z_be245ff0.jpg","탉",2001,,,pending_review,"P009","S01","2026-09-29T13:51:06.0231390Z",64,64,jpeg,5c7b367099e48f200c3c060a0b938d70bc070ec50e93ec4f670a178007281fc5
"hangul_2002_20260929T135109110Z_1d9c63fd.jpg","탐",2002,,,pending_review,"P009","S01","2026-09-29T13:51:09.1106141Z",64,64,jpeg,5c7b367099e48f200c3c060a0b938d70bc070ec50e93ec4f670a178007281fc5
"hangul_2003_20260929T135112316Z_6296142f.jpg","탑",2003,,,pending_review,"P009","S01","2026-09-29T13:51:12.3161278Z",64,64,jpeg,5c7b367099e48f200c3c060a0b938d70bc070ec50e93ec4f670a178007281fc5
"hangul_2004_20260929T135115180Z_e5fcc3fa.jpg","탓",2004,,,pending_review,"P009","S01","2026-09-29T13:51:15.1802739Z",64,64,jpeg,5c7b367099e48f200c3c060a0b938d70bc070ec50e93ec4f670a178007281fc5
"hangul_2005_20260929T135118838Z_6779b3c2.jpg","탔",2005,,,pending_review,"P009","S01","2026-09-29T13:51:18.8389055Z",64,64,jpeg,5c7b367099e48f200c3c060a0b938d70bc070ec50e93ec4f670a178007281fc5
"hangul_2006_20260929T135121630Z_a9f9ec35.jpg","탕",2006,,,pending_review,"P009","S01","2026-09-29T13:51:21.6304927Z",64,64,jpeg,5c7b367099e48f200c3c060a0b938d70bc070ec50e93ec4f670a178007281fc5
"hangul_2007_20260929T135124422Z_08eec3a3.jpg","태",2007,,,pending_review,"P009","S01","2026-09-29T13:51:24.4227371Z",64,64,jpeg,5c7b367099e48f200c3c060a0b938d70bc070ec50e93ec4f670a178007281fc5
"hangul_2008_20260929T135128593Z_869d118b.jpg","택",2008,,,pending_review,"P009","S01","2026-09-29T13:51:28.5932356Z",64,64,jpeg,5c7b367099e48f200c3c060a0b938d70bc070ec50e93ec4f670a178007281fc5
"hangul_2009_20260929T135133904Z_018b34f1.jpg","탠",2009,,,pending_review,"P009","S01","2026-09-29T13:51:33.9047729Z",64,64,jpeg,5c7b367099e48f200c3c060a0b938d70bc070ec50e93ec4f670a178007281fc5
"hangul_2010_20260929T135138366Z_1f8a581f.jpg","탤",2010,,,pending_review,"P009","S01","2026-09-29T13:51:38.3668955Z",64,64,jpeg,5c7b367099e48f200c3c060a0b938d70bc070ec50e93ec4f670a178007281fc5
"hangul_2011_20260929T135141831Z_29a317af.jpg","탬",2011,,,pending_review,"P009","S01","2026-09-29T13:51:41.8310139Z",64,64,jpeg,5c7b367099e48f200c3c060a0b938d70bc070ec50e93ec4f670a178007281fc5
"hangul_2012_20260929T135145344Z_d7948767.jpg","탭",2012,,,pending_review,"P009","S01","2026-09-29T13:51:45.3447584Z",64,64,jpeg,5c7b367099e48f200c3c060a0b938d70bc070ec50e93ec4f670a178007281fc5
"hangul_2013_20260929T135149934Z_54081b70.jpg","탯",2013,,,pending_review,"P009","S01","2026-09-29T13:51:49.9346635Z",64,64,jpeg,5c7b367099e48f200c3c060a0b938d70bc070ec50e93ec4f670a178007281fc5
"hangul_2014_20260929T135154196Z_818503c6.jpg","탰",2014,,,pending_review,"P009","S01","2026-09-29T13:51:54.1961545Z",64,64,jpeg,5c7b367099e48f200c3c060a0b938d70bc070ec50e93ec4f670a178007281fc5
"hangul_2015_20260929T135157539Z_331c6d0d.jpg","탱",2015,,,pending_review,"P009","S01","2026-09-29T13:51:57.5399600Z",64,64,jpeg,5c7b367099e48f200c3c060a0b938d70bc070ec50e93ec4f670a178007281fc5
"hangul_2016_20260929T135200446Z_754e4852.jpg","탸",2016,,,pending_review,"P009","S01","2026-09-29T13:52:00.4460831Z",64,64,jpeg,5c7b367099e48f200c3c060a0b938d70bc070ec50e93ec4f670a178007281fc5
"hangul_2017_20260929T135203710Z_3d31d690.jpg","턍",2017,,,pending_review,"P009","S01","2026-09-29T13:52:03.7102181Z",64,64,jpeg,5c7b367099e48f200c3c060a0b938d70bc070ec50e93ec4f670a178007281fc5
"hangul_2018_20260929T135206120Z_5a512538.jpg","터",2018,,,pending_review,"P009","S01","2026-09-29T13:52:06.1200889Z",64,64,jpeg,5c7b367099e48f200c3c060a0b938d70bc070ec50e93ec4f670a178007281fc5
"hangul_2019_20260929T135209560Z_6e3f82de.jpg","턱",2019,,,pending_review,"P009","S01","2026-09-29T13:52:09.5609456Z",64,64,jpeg,5c7b367099e48f200c3c060a0b938d70bc070ec50e93ec4f670a178007281fc5
"hangul_2020_20260929T135212144Z_6e3ce010.jpg","턴",2020,,,pending_review,"P009","S01","2026-09-29T13:52:12.1443980Z",64,64,jpeg,5c7b367099e48f200c3c060a0b938d70bc070ec50e93ec4f670a178007281fc5
"hangul_2021_20260929T135214811Z_7fe59ee4.jpg","털",2021,,,pending_review,"P009","S01","2026-09-29T13:52:14.8114481Z",64,64,jpeg,5c7b367099e48f200c3c060a0b938d70bc070ec50e93ec4f670a178007281fc5
"hangul_2022_20260929T135218087Z_8fb71f14.jpg","턺",2022,,,pending_review,"P009","S01","2026-09-29T13:52:18.0873266Z",64,64,jpeg,5c7b367099e48f200c3c060a0b938d70bc070ec50e93ec4f670a178007281fc5
"hangul_2023_20260929T135222402Z_e3ae4219.jpg","텀",2023,,,pending_review,"P009","S01","2026-09-29T13:52:22.4021943Z",64,64,jpeg,5c7b367099e48f200c3c060a0b938d70bc070ec50e93ec4f670a178007281fc5
"hangul_2024_20260929T135225493Z_07bbe7db.jpg","텁",2024,,,pending_review,"P009","S01","2026-09-29T13:52:25.4936204Z",64,64,jpeg,5c7b367099e48f200c3c060a0b938d70bc070ec50e93ec4f670a178007281fc5
"hangul_2025_20260929T135228207Z_55699a6a.jpg","텃",2025,,,pending_review,"P009","S01","2026-09-29T13:52:28.2078245Z",64,64,jpeg,5c7b367099e48f200c3c060a0b938d70bc070ec50e93ec4f670a178007281fc5
"hangul_2026_20260929T135231315Z_3c1cd422.jpg","텄",2026,,,pending_review,"P009","S01","2026-09-29T13:52:31.3159048Z",64,64,jpeg,5c7b367099e48f200c3c060a0b938d70bc070ec50e93ec4f670a178007281fc5
"hangul_2027_20260929T135234202Z_b1e03ff1.jpg","텅",2027,,,pending_review,"P009","S01","2026-09-29T13:52:34.2027773Z",64,64,jpeg,5c7b367099e48f200c3c060a0b938d70bc070ec50e93ec4f670a178007281fc5
"hangul_2028_20260929T135236827Z_dd575f16.jpg","테",2028,,,pending_review,"P009","S01","2026-09-29T13:52:36.8272962Z",64,64,jpeg,5c7b367099e48f200c3c060a0b938d70bc070ec50e93ec4f670a178007281fc5
"hangul_2029_20260929T135240402Z_af55f2d0.jpg","텍",2029,,,pending_review,"P009","S01","2026-09-29T13:52:40.4029456Z",64,64,jpeg,5c7b367099e48f200c3c060a0b938d70bc070ec50e93ec4f670a178007281fc5
"hangul_2030_20260929T135243334Z_9f571839.jpg","텐",2030,,,pending_review,"P009","S01","2026-09-29T13:52:43.3343214Z",64,64,jpeg,5c7b367099e48f200c3c060a0b938d70bc070ec50e93ec4f670a178007281fc5
"hangul_2031_20260929T135246726Z_a3cf10bb.jpg","텔",2031,,,pending_review,"P009","S01","2026-09-29T13:52:46.7262191Z",64,64,jpeg,5c7b367099e48f200c3c060a0b938d70bc070ec50e93ec4f670a178007281fc5
"hangul_2032_20260929T135249976Z_14d500d5.jpg","템",2032,,,pending_review,"P009","S01","2026-09-29T13:52:49.9763038Z",64,64,jpeg,5c7b367099e48f200c3c060a0b938d70bc070ec50e93ec4f670a178007281fc5
"hangul_2033_20260929T135253686Z_a7347e73.jpg","텝",2033,,,pending_review,"P009","S01","2026-09-29T13:52:53.6860393Z",64,64,jpeg,5c7b367099e48f200c3c060a0b938d70bc070ec50e93ec4f670a178007281fc5
"hangul_2034_20260929T135300925Z_ce181be1.jpg","텟",2034,,,pending_review,"P009","S01","2026-09-29T13:53:00.9253406Z",64,64,jpeg,5c7b367099e48f200c3c060a0b938d70bc070ec50e93ec4f670a178007281fc5
"hangul_2035_20260929T135304000Z_68527f7f.jpg","텡",2035,,,pending_review,"P009","S01","2026-09-29T13:53:04.0008387Z",64,64,jpeg,5c7b367099e48f200c3c060a0b938d70bc070ec50e93ec4f670a178007281fc5
"hangul_2036_20260929T135306527Z_57246ca4.jpg","텨",2036,,,pending_review,"P009","S01","2026-09-29T13:53:06.5274976Z",64,64,jpeg,5c7b367099e48f200c3c060a0b938d70bc070ec50e93ec4f670a178007281fc5
"hangul_2037_20260929T135309645Z_24f9d46d.jpg","텬",2037,,,pending_review,"P009","S01","2026-09-29T13:53:09.6456614Z",64,64,jpeg,5c7b367099e48f200c3c060a0b938d70bc070ec50e93ec4f670a178007281fc5
"hangul_2038_20260929T135312709Z_6bc2738f.jpg","텼",2038,,,pending_review,"P009","S01","2026-09-29T13:53:12.7091435Z",64,64,jpeg,5c7b367099e48f200c3c060a0b938d70bc070ec50e93ec4f670a178007281fc5
"hangul_2039_20260929T135315833Z_313bb198.jpg","톄",2039,,,pending_review,"P009","S01","2026-09-29T13:53:15.8333706Z",64,64,jpeg,5c7b367099e48f200c3c060a0b938d70bc070ec50e93ec4f670a178007281fc5
"hangul_2040_20260929T135319021Z_02558705.jpg","톈",2040,,,pending_review,"P009","S01","2026-09-29T13:53:19.0218870Z",64,64,jpeg,5c7b367099e48f200c3c060a0b938d70bc070ec50e93ec4f670a178007281fc5
"hangul_2041_20260929T135321884Z_e0899f1f.jpg","토",2041,,,pending_review,"P009","S01","2026-09-29T13:53:21.8847214Z",64,64,jpeg,5c7b367099e48f200c3c060a0b938d70bc070ec50e93ec4f670a178007281fc5
"hangul_2042_20260929T135324534Z_4f2e9eb4.jpg","톡",2042,,,pending_review,"P009","S01","2026-09-29T13:53:24.5349618Z",64,64,jpeg,5c7b367099e48f200c3c060a0b938d70bc070ec50e93ec4f670a178007281fc5
"hangul_2043_20260929T135327027Z_c4e6a041.jpg","톤",2043,,,pending_review,"P009","S01","2026-09-29T13:53:27.0277805Z",64,64,jpeg,5c7b367099e48f200c3c060a0b938d70bc070ec50e93ec4f670a178007281fc5
"hangul_2044_20260929T135329714Z_0bae42fb.jpg","톨",2044,,,pending_review,"P009","S01","2026-09-29T13:53:29.7140734Z",64,64,jpeg,5c7b367099e48f200c3c060a0b938d70bc070ec50e93ec4f670a178007281fc5
"hangul_2045_20260929T135332686Z_68f33129.jpg","톰",2045,,,pending_review,"P009","S01","2026-09-29T13:53:32.6864220Z",64,64,jpeg,5c7b367099e48f200c3c060a0b938d70bc070ec50e93ec4f670a178007281fc5
"hangul_2046_20260929T135336579Z_27c9f26d.jpg","톱",2046,,,pending_review,"P009","S01","2026-09-29T13:53:36.5790346Z",64,64,jpeg,5c7b367099e48f200c3c060a0b938d70bc070ec50e93ec4f670a178007281fc5
"hangul_2047_20260929T135339202Z_a858b61e.jpg","톳",2047,,,pending_review,"P009","S01","2026-09-29T13:53:39.2029541Z",64,64,jpeg,5c7b367099e48f200c3c060a0b938d70bc070ec50e93ec4f670a178007281fc5
"hangul_2048_20260929T135342068Z_d8f59d61.jpg","통",2048,,,pending_review,"P009","S01","2026-09-29T13:53:42.0687221Z",64,64,jpeg,5c7b367099e48f200c3c060a0b938d70bc070ec50e93ec4f670a178007281fc5
"hangul_2049_20260929T135345893Z_271b1294.jpg","톺",2049,,,pending_review,"P009","S01","2026-09-29T13:53:45.8930418Z",64,64,jpeg,5c7b367099e48f200c3c060a0b938d70bc070ec50e93ec4f670a178007281fc5
"hangul_2050_20260929T135348313Z_a4465715.jpg","톼",2050,,,pending_review,"P009","S01","2026-09-29T13:53:48.3135815Z",64,64,jpeg,5c7b367099e48f200c3c060a0b938d70bc070ec50e93ec4f670a178007281fc5
"hangul_2051_20260929T135351074Z_cd22a438.jpg","퇀",2051,,,pending_review,"P009","S01","2026-09-29T13:53:51.0742907Z",64,64,jpeg,5c7b367099e48f200c3c060a0b938d70bc070ec50e93ec4f670a178007281fc5
